controller,world,family,n,safe_delivery,ci_low,ci_high,collision,stall,other_failure,median_time_s,median_peak_shock_g,median_min_clearance_m
apf,rich,all,60,0.6666666666666666,0.5405686645211968,0.7727073847647731,0.016666666666666666,0.21666666666666667,0.1,28.759999999999476,1.0451967679431653,0.2111642073922502
apf,rich,flat_clear,20,1.0,0.8388748419471806,1.0,0.0,0.0,0.0,21.20999999999964,1.0246203859609992,0.3248094153987229
apf,rich,crowded,20,0.55,0.34208534245034233,0.7418021417443759,0.0,0.45,0.0,35.1599999999999,1.0299350172700226,0.16438658705354464
apf,rich,mixed,20,0.45,0.2581978582556243,0.6579146575496577,0.05,0.2,0.3,37.24000000000022,1.1722216636380427,0.18600586856858103
apf,standard,all,60,0.7333333333333333,0.6099128690331636,0.8286735999671945,0.0,0.16666666666666666,0.1,29.339999999999463,1.0451967679431653,0.2141256750486816
apf,standard,flat_clear,20,1.0,0.8388748419471806,1.0,0.0,0.0,0.0,18.3199999999997,1.0246203859609992,
apf,standard,crowded,20,0.8,0.5839825677481064,0.919342337420202,0.0,0.2,0.0,36.4500000000001,1.0254150621638747,0.19582091934588694
apf,standard,mixed,20,0.4,0.21880653237281705,0.6134184992377469,0.0,0.3,0.3,34.589999999999804,1.6052658632025192,0.2209925928076789
dwa,rich,all,60,0.5333333333333333,0.4089342702715789,0.6537209395856151,0.03333333333333333,0.36666666666666664,0.06666666666666667,18.47999999999969,1.0446793955216465,0.1865661999236484
dwa,rich,flat_clear,20,1.0,0.8388748419471806,1.0,0.0,0.0,0.0,18.409999999999698,1.0304311610355716,0.384334415238651
dwa,rich,crowded,20,0.25,0.11186170140766569,0.468700877618744,0.05,0.7,0.0,27.959999999999493,1.041393940833633,0.07376981481660089
dwa,rich,mixed,20,0.35,0.18119182410108206,0.5671457233147638,0.05,0.4,0.2,26.539999999999523,1.210239867813537,0.17166330088750387
dwa,standard,all,60,0.6666666666666666,0.5405686645211968,0.7727073847647731,0.06666666666666667,0.21666666666666667,0.05,19.919999999999664,1.048660691792072,0.21967284561300632
dwa,standard,flat_clear,20,1.0,0.8388748419471806,1.0,0.0,0.0,0.0,18.2999999999997,1.0385642765679208,
dwa,standard,crowded,20,0.55,0.34208534245034233,0.7418021417443759,0.15,0.3,0.0,25.559999999999544,1.0527634252696245,0.19299901001455383
dwa,standard,mixed,20,0.45,0.2581978582556243,0.6579146575496577,0.05,0.35,0.15,25.919999999999536,1.3203563657227302,0.2432530912982443
mppi,rich,all,24,0.7083333333333334,0.5083230633550337,0.8508535180303913,0.0,0.125,0.16666666666666666,35.67999999999998,0.9877837127222402,0.4677151319925159
mppi,rich,flat_clear,8,1.0,0.6755924351161198,1.0,0.0,0.0,0.0,34.609999999999815,0.9575749512342516,0.652327814892127
mppi,rich,crowded,8,0.75,0.40927543031016883,0.9285207872478909,0.0,0.125,0.125,37.930000000000334,0.9704331381043529,0.39858977343254587
mppi,rich,mixed,8,0.375,0.13684428582359742,0.6942576053973727,0.0,0.25,0.375,33.2799999999996,1.6388057363527682,0.35873329775562285
mppi,standard,all,24,0.7083333333333334,0.5083230633550337,0.8508535180303913,0.041666666666666664,0.16666666666666666,0.08333333333333333,29.93999999999945,0.9796389660161668,0.37425533591160204
mppi,standard,flat_clear,8,1.0,0.6755924351161198,1.0,0.0,0.0,0.0,23.33999999999959,0.9575749512342516,
mppi,standard,crowded,8,0.75,0.40927543031016883,0.9285207872478909,0.0,0.25,0.0,34.20999999999975,0.9575749512342516,0.3920106916474308
mppi,standard,mixed,8,0.375,0.13684428582359742,0.6942576053973727,0.125,0.25,0.25,33.75999999999968,1.274463987288243,0.32049639483622244
ppo,rich,all,60,0.6,0.4736605349204075,0.7143050946511744,0.0,0.11666666666666667,0.2833333333333333,19.869999999999663,1.2050555457838263,1.2785878295772437
ppo,rich,flat_clear,20,0.7,0.4810271816464765,0.8545227551323956,0.0,0.0,0.3,19.369999999999678,1.1561525629268843,1.82684090724603
ppo,rich,crowded,20,0.85,0.6395811352592431,0.9476312541037835,0.0,0.0,0.15,20.49999999999965,1.1896108967371133,1.2548748614825966
ppo,rich,mixed,20,0.25,0.11186170140766569,0.468700877618744,0.0,0.35,0.4,21.619999999999628,1.4695967356718067,0.3934181065112715
ppo,standard,all,60,0.85,0.7388541093022145,0.9190255941983225,0.016666666666666666,0.1,0.03333333333333333,19.49999999999968,1.1301852710110496,0.6015975481671725
ppo,standard,flat_clear,20,1.0,0.8388748419471806,1.0,0.0,0.0,0.0,18.47999999999969,1.0244701225029318,
ppo,standard,crowded,20,1.0,0.8388748419471806,1.0,0.0,0.0,0.0,20.13999999999966,1.1797024012397728,0.8920801626383479
ppo,standard,mixed,20,0.55,0.34208534245034233,0.7418021417443759,0.05,0.3,0.1,22.779999999999603,1.5337204826323518,0.3098341725945105
pure_pursuit,rich,all,60,0.2,0.11828505322897494,0.317818058056279,0.03333333333333333,0.75,0.016666666666666666,18.2999999999997,1.0400430716634417,0.1593301102192819
pure_pursuit,rich,flat_clear,20,0.4,0.21880653237281705,0.6134184992377469,0.0,0.6,0.0,18.2999999999997,1.0228008964595179,0.16628372490677573
pure_pursuit,rich,crowded,20,0.15,0.052368745896216595,0.36041886474075696,0.0,0.85,0.0,26.57999999999952,1.030727275278508,0.15575202550375983
pure_pursuit,rich,mixed,20,0.05,0.008881448800795402,0.23613119344674205,0.1,0.8,0.05,29.539999999999527,1.0777835387706254,0.10457610835241195
pure_pursuit,standard,all,60,0.4,0.2856949053488255,0.5263394650795924,0.06666666666666667,0.5,0.03333333333333333,18.2999999999997,1.0400430716634417,0.1595322492217492
pure_pursuit,standard,flat_clear,20,1.0,0.8388748419471806,1.0,0.0,0.0,0.0,18.2999999999997,1.0228008964595179,
pure_pursuit,standard,crowded,20,0.15,0.052368745896216595,0.36041886474075696,0.05,0.8,0.0,29.45999999999946,1.0303987895743747,0.19240747789402515
pure_pursuit,standard,mixed,20,0.05,0.008881448800795402,0.23613119344674205,0.15,0.7,0.1,28.09999999999949,1.0905555317775242,0.1254336084864772
