pair_id,straight_m,walk_m,walk_factor,drive_m,drive_factor,n_crossings,n_kerb_tagged,n_crossings_major,n_kerb_raised,n_kerb_lowered,n_kerb_flush,walk_graph_m,drive_graph_m,walk_access_m,drive_access_m,walk_footway_frac,o_lat,o_lon,d_lat,d_lon,osm_attribution
0,304.82,983.45,3.2263,983.45,3.2263,0,0,0,0,0,0,900.12,900.12,83.33,83.33,0.0,19.106178,72.839001,19.106454,72.836115,"Map data from OpenStreetMap contributors, ODbL 1.0"
1,1366.28,1953.69,1.4299,2860.13,2.0934,0,0,0,0,0,0,1850.55,2756.99,103.13,103.13,0.3263,19.104952,72.838313,19.098856,72.849603,"Map data from OpenStreetMap contributors, ODbL 1.0"
2,264.17,1802.3,6.8225,280.63,1.0623,0,0,0,0,0,0,1753.59,208.99,48.72,71.65,0.0,19.094222,72.846546,19.091866,72.846875,"Map data from OpenStreetMap contributors, ODbL 1.0"
3,1369.81,1745.34,1.2741,1774.53,1.2955,0,0,2,0,0,0,1689.46,1718.65,55.88,55.88,0.0,19.114627,72.823989,19.10451,72.831429,"Map data from OpenStreetMap contributors, ODbL 1.0"
4,808.79,1073.9,1.3278,1073.9,1.3278,0,0,3,0,0,0,1018.23,1018.23,55.67,55.67,0.0,19.104382,72.836418,19.10951,72.830958,"Map data from OpenStreetMap contributors, ODbL 1.0"
5,491.11,1669.52,3.3994,1691.0,3.4432,1,0,0,0,0,0,1561.93,1589.43,107.58,101.57,0.0,19.119046,72.830297,19.115841,72.82708,"Map data from OpenStreetMap contributors, ODbL 1.0"
6,1047.12,1355.0,1.294,1334.77,1.2747,0,0,0,0,0,0,1322.3,1207.66,32.71,127.11,0.0,19.102213,72.833222,19.111573,72.832124,"Map data from OpenStreetMap contributors, ODbL 1.0"
7,492.2,1043.6,2.1203,1045.5,2.1241,0,0,0,0,0,0,916.32,918.23,127.27,127.27,0.0,19.088698,72.841032,19.091277,72.837224,"Map data from OpenStreetMap contributors, ODbL 1.0"
8,493.2,1191.23,2.4153,1192.58,2.418,2,0,0,0,0,0,1054.58,1044.48,136.66,148.1,0.0,19.108752,72.845235,19.112243,72.842338,"Map data from OpenStreetMap contributors, ODbL 1.0"
9,849.21,1609.22,1.895,1807.23,2.1281,0,0,1,0,0,0,1516.62,1714.64,92.6,92.6,0.0,19.112421,72.847977,19.114898,72.840332,"Map data from OpenStreetMap contributors, ODbL 1.0"
10,370.36,633.77,1.7112,633.77,1.7112,0,0,0,0,0,0,500.73,500.73,133.04,133.04,0.0,19.118322,72.837087,19.118601,72.840599,"Map data from OpenStreetMap contributors, ODbL 1.0"
11,817.19,1125.51,1.3773,1125.51,1.3773,0,0,0,0,0,0,1093.02,1093.02,32.5,32.5,0.0,19.090529,72.843454,19.094907,72.849701,"Map data from OpenStreetMap contributors, ODbL 1.0"
12,1540.77,2217.37,1.4391,2581.79,1.6756,0,0,0,0,0,0,2104.16,2468.58,113.21,113.21,0.0607,19.094183,72.843159,19.107621,72.839582,"Map data from OpenStreetMap contributors, ODbL 1.0"
13,229.46,510.85,2.2263,826.16,3.6004,0,0,0,0,0,0,475.33,790.64,35.52,35.52,0.0,19.111869,72.846986,19.111759,72.849167,"Map data from OpenStreetMap contributors, ODbL 1.0"
14,224.24,512.68,2.2863,512.68,2.2863,0,0,0,0,0,0,439.34,439.34,73.35,73.35,0.0,19.105028,72.84962,19.105061,72.851754,"Map data from OpenStreetMap contributors, ODbL 1.0"
15,1149.35,1942.01,1.6897,1986.5,1.7284,0,0,0,0,0,0,1852.85,1897.33,89.16,89.16,0.0,19.120343,72.838,19.114193,72.829207,"Map data from OpenStreetMap contributors, ODbL 1.0"
16,671.4,964.87,1.4371,964.87,1.4371,0,0,2,0,0,0,789.6,789.6,175.27,175.27,0.0,19.112142,72.829761,19.117627,72.832432,"Map data from OpenStreetMap contributors, ODbL 1.0"
17,1801.99,2190.24,1.2155,2246.12,1.2465,0,0,0,0,0,0,2141.94,2197.82,48.3,48.3,0.0,19.097845,72.849573,19.114034,72.850336,"Map data from OpenStreetMap contributors, ODbL 1.0"
18,817.51,1026.92,1.2562,1134.4,1.3876,0,0,0,0,0,0,1005.05,1112.53,21.87,21.87,0.0,19.099063,72.846213,19.106166,72.848223,"Map data from OpenStreetMap contributors, ODbL 1.0"
19,435.0,681.84,1.5674,681.84,1.5674,0,0,2,0,0,0,623.37,623.37,58.47,58.47,0.0,19.109793,72.827669,19.108151,72.831427,"Map data from OpenStreetMap contributors, ODbL 1.0"
20,294.39,735.92,2.4998,735.92,2.4998,0,0,0,0,0,0,697.13,697.13,38.79,38.79,0.0,19.094692,72.843952,19.092187,72.84486,"Map data from OpenStreetMap contributors, ODbL 1.0"
21,431.96,605.77,1.4024,605.77,1.4024,0,0,0,0,0,0,530.36,530.36,75.4,75.4,0.0,19.109548,72.842827,19.105737,72.843625,"Map data from OpenStreetMap contributors, ODbL 1.0"
22,443.49,906.93,2.045,1296.92,2.9244,0,0,0,0,0,0,869.78,1259.77,37.15,37.15,0.0,19.092058,72.84544,19.090926,72.841393,"Map data from OpenStreetMap contributors, ODbL 1.0"
23,1382.32,1872.59,1.3547,1944.18,1.4065,2,0,0,0,0,0,1720.54,1792.13,152.04,152.04,0.0,19.098674,72.83869,19.105354,72.827595,"Map data from OpenStreetMap contributors, ODbL 1.0"
24,586.78,891.68,1.5196,1728.39,2.9455,0,0,0,0,0,0,777.2,1613.91,114.48,114.48,0.0,19.115792,72.847899,19.11722,72.842522,"Map data from OpenStreetMap contributors, ODbL 1.0"
25,882.7,1373.81,1.5564,1590.08,1.8014,2,0,0,0,0,0,1230.05,1446.32,143.76,143.76,0.0141,19.107767,72.835934,19.115437,72.838099,"Map data from OpenStreetMap contributors, ODbL 1.0"
26,1760.51,2687.67,1.5266,2692.89,1.5296,0,0,0,0,0,0,2586.14,2591.36,101.53,101.53,0.0,19.113625,72.838835,19.10112,72.828558,"Map data from OpenStreetMap contributors, ODbL 1.0"
27,442.04,794.91,1.7983,680.23,1.5388,0,0,0,0,0,0,729.46,591.44,65.45,88.79,0.3003,19.097758,72.840733,19.100199,72.844053,"Map data from OpenStreetMap contributors, ODbL 1.0"
28,209.53,5376.91,25.6623,693.14,3.3081,2,0,0,0,0,0,5282.12,509.79,94.79,183.36,0.1889,19.096334,72.826135,19.097395,72.827783,"Map data from OpenStreetMap contributors, ODbL 1.0"
29,988.34,1312.11,1.3276,1361.0,1.3771,0,0,2,0,0,0,1215.84,1264.73,96.27,96.27,0.0,19.100265,72.839206,19.108331,72.835254,"Map data from OpenStreetMap contributors, ODbL 1.0"
30,613.73,840.7,1.3698,803.5,1.3092,1,0,0,0,0,0,795.72,747.54,44.98,55.96,0.0605,19.105707,72.824592,19.100981,72.827609,"Map data from OpenStreetMap contributors, ODbL 1.0"
31,1732.99,2431.25,1.4029,3310.2,1.9101,0,0,0,0,0,0,2340.73,3219.68,90.52,90.52,0.0455,19.107999,72.833357,19.095754,72.84356,"Map data from OpenStreetMap contributors, ODbL 1.0"
32,1866.58,2435.41,1.3047,2828.15,1.5152,1,0,4,0,0,0,2374.43,2767.17,60.98,60.98,0.0,19.106226,72.826482,19.117178,72.839946,"Map data from OpenStreetMap contributors, ODbL 1.0"
33,1490.04,2240.01,1.5033,2703.39,1.8143,0,0,0,0,0,0,2167.21,2630.59,72.8,72.8,0.0433,19.098741,72.851248,19.11069,72.84483,"Map data from OpenStreetMap contributors, ODbL 1.0"
34,338.2,377.68,1.1167,377.68,1.1167,0,0,0,0,0,0,314.85,314.85,62.83,62.83,0.0,19.11087,72.83322,19.112656,72.830615,"Map data from OpenStreetMap contributors, ODbL 1.0"
35,1892.84,4529.52,2.393,5827.87,3.0789,2,0,0,0,0,0,4398.82,5639.17,130.71,188.7,0.1895,19.085998,72.837211,19.098707,72.825226,"Map data from OpenStreetMap contributors, ODbL 1.0"
36,515.85,884.17,1.714,1078.81,2.0913,0,0,0,0,0,0,857.04,1051.69,27.12,27.12,0.0106,19.105016,72.851464,19.109201,72.853584,"Map data from OpenStreetMap contributors, ODbL 1.0"
37,1138.22,1631.04,1.433,1694.13,1.4884,0,0,1,0,0,0,1548.11,1611.2,82.93,82.93,0.0,19.116054,72.849021,19.106235,72.845958,"Map data from OpenStreetMap contributors, ODbL 1.0"
38,596.83,1028.98,1.7241,1608.74,2.6955,0,0,0,0,0,0,830.66,1413.33,198.33,195.41,0.0,19.115358,72.835725,19.11881,72.831375,"Map data from OpenStreetMap contributors, ODbL 1.0"
39,750.54,1045.53,1.393,1170.52,1.5596,1,0,1,0,0,0,998.02,1123.01,47.51,47.51,0.0,19.114862,72.830538,19.109246,72.826577,"Map data from OpenStreetMap contributors, ODbL 1.0"
40,396.01,607.63,1.5344,778.83,1.9667,0,0,0,0,0,0,550.83,722.03,56.8,56.8,0.0,19.112267,72.848185,19.115822,72.848403,"Map data from OpenStreetMap contributors, ODbL 1.0"
41,731.76,1783.45,2.4372,2098.69,2.868,0,0,0,0,0,0,1740.63,2055.87,42.82,42.82,0.0,19.11292,72.844588,19.112058,72.851493,"Map data from OpenStreetMap contributors, ODbL 1.0"
42,360.22,521.15,1.4468,620.09,1.7214,0,0,1,0,0,0,459.62,558.56,61.53,61.53,0.0,19.108355,72.849294,19.111594,72.849299,"Map data from OpenStreetMap contributors, ODbL 1.0"
43,348.83,447.98,1.2842,447.98,1.2842,0,0,0,0,0,0,385.89,385.89,62.09,62.09,0.0,19.108464,72.851882,19.105563,72.853145,"Map data from OpenStreetMap contributors, ODbL 1.0"
44,1072.2,2319.9,2.1637,1220.28,1.1381,0,0,0,0,0,0,2293.18,1139.86,26.71,80.42,0.0,19.090176,72.844241,19.099799,72.844894,"Map data from OpenStreetMap contributors, ODbL 1.0"
45,1250.86,1632.44,1.3051,3364.78,2.69,0,0,0,0,0,0,1574.83,3307.17,57.61,57.61,0.0676,19.09888,72.840741,19.095477,72.852087,"Map data from OpenStreetMap contributors, ODbL 1.0"
46,981.92,1761.4,1.7938,1789.16,1.8221,0,0,0,0,0,0,1711.67,1739.43,49.73,49.73,0.0,19.088096,72.83585,19.094175,72.842628,"Map data from OpenStreetMap contributors, ODbL 1.0"
47,1981.06,2738.52,1.3824,3488.25,1.7608,0,0,0,0,0,0,2662.39,3371.92,76.13,116.33,0.2268,19.105362,72.837554,19.093601,72.851716,"Map data from OpenStreetMap contributors, ODbL 1.0"
48,993.1,1388.86,1.3985,1388.86,1.3985,0,0,0,0,0,0,1212.5,1212.5,176.36,176.36,0.0,19.117329,72.824647,19.109275,72.828731,"Map data from OpenStreetMap contributors, ODbL 1.0"
49,1182.84,2056.3,1.7384,2023.55,1.7107,0,0,0,0,0,0,1908.72,1819.86,147.58,203.68,0.0,19.091887,72.831523,19.099255,72.839642,"Map data from OpenStreetMap contributors, ODbL 1.0"
50,1388.67,1805.6,1.3002,2224.57,1.6019,0,0,0,0,0,0,1696.49,2115.47,109.11,109.11,0.0,19.087484,72.838765,19.099819,72.840828,"Map data from OpenStreetMap contributors, ODbL 1.0"
51,391.06,607.66,1.5539,607.66,1.5539,0,0,0,0,0,0,532.41,532.41,75.25,75.25,0.0,19.109755,72.843656,19.113259,72.843338,"Map data from OpenStreetMap contributors, ODbL 1.0"
52,924.95,1510.37,1.6329,1510.37,1.6329,0,0,0,0,0,0,1440.74,1440.74,69.63,69.63,0.0,19.091422,72.842244,19.097112,72.848665,"Map data from OpenStreetMap contributors, ODbL 1.0"
53,1736.98,2123.81,1.2227,2146.43,1.2357,0,0,0,0,0,0,2063.04,2080.1,60.76,66.33,0.0028,19.10318,72.84028,19.088578,72.834407,"Map data from OpenStreetMap contributors, ODbL 1.0"
54,616.93,1155.68,1.8733,1359.33,2.2034,0,0,0,0,0,0,1060.47,1234.42,95.21,124.91,0.0662,19.104748,72.83843,19.104179,72.832589,"Map data from OpenStreetMap contributors, ODbL 1.0"
55,254.52,443.78,1.7436,1304.62,5.1257,0,0,0,0,0,0,357.36,1218.21,86.42,86.42,0.0,19.107134,72.854386,19.108923,72.852875,"Map data from OpenStreetMap contributors, ODbL 1.0"
56,280.38,660.89,2.3571,906.57,3.2333,0,0,1,0,0,0,596.59,842.26,64.31,64.31,0.0,19.106877,72.839735,19.104692,72.841067,"Map data from OpenStreetMap contributors, ODbL 1.0"
57,732.67,4481.22,6.1163,1642.87,2.2423,0,0,0,0,0,0,4438.77,1434.36,42.46,208.5,0.0,19.089125,72.845134,19.09256,72.839184,"Map data from OpenStreetMap contributors, ODbL 1.0"
58,1438.53,1985.86,1.3805,2166.66,1.5062,0,0,0,0,0,0,1950.2,2131.0,35.66,35.66,0.0481,19.102228,72.847554,19.107282,72.834951,"Map data from OpenStreetMap contributors, ODbL 1.0"
59,1029.37,2226.51,2.163,2230.25,2.1666,0,0,0,0,0,0,2126.27,2130.01,100.24,100.24,0.0,19.091653,72.83697,19.099324,72.842454,"Map data from OpenStreetMap contributors, ODbL 1.0"
60,285.49,373.8,1.3093,373.8,1.3093,0,0,0,0,0,0,270.63,270.63,103.18,103.18,0.0,19.104009,72.846125,19.106576,72.846194,"Map data from OpenStreetMap contributors, ODbL 1.0"
61,946.26,1363.32,1.4408,1367.18,1.4448,0,0,0,0,0,0,1299.77,1303.63,63.55,63.55,0.0,19.094799,72.838432,19.102734,72.841684,"Map data from OpenStreetMap contributors, ODbL 1.0"
62,1429.17,2194.61,1.5356,2051.74,1.4356,1,0,0,0,0,0,2112.09,1945.94,82.52,105.81,0.0,19.114731,72.823078,19.104018,72.830593,"Map data from OpenStreetMap contributors, ODbL 1.0"
63,1825.54,2771.77,1.5183,2808.24,1.5383,1,0,0,0,0,0,2610.25,2646.71,161.52,161.52,0.0,19.108751,72.843549,19.119973,72.830867,"Map data from OpenStreetMap contributors, ODbL 1.0"
64,281.3,430.48,1.5303,430.48,1.5303,0,0,0,0,0,0,358.69,358.69,71.78,71.78,0.0,19.117372,72.84518,19.118756,72.842939,"Map data from OpenStreetMap contributors, ODbL 1.0"
65,1018.64,3509.43,3.4452,3357.9,3.2965,0,0,0,0,0,0,3404.79,3172.84,104.63,185.06,0.0,19.097289,72.828579,19.101845,72.836989,"Map data from OpenStreetMap contributors, ODbL 1.0"
66,1884.53,2816.56,1.4946,2982.46,1.5826,0,0,0,0,0,0,2758.34,2924.24,58.22,58.22,0.2189,19.09148,72.844629,19.106137,72.835623,"Map data from OpenStreetMap contributors, ODbL 1.0"
67,511.52,683.82,1.3369,683.82,1.3369,0,0,2,0,0,0,587.44,587.44,96.39,96.39,0.0,19.096005,72.848218,19.1001,72.850435,"Map data from OpenStreetMap contributors, ODbL 1.0"
68,988.92,4659.91,4.7121,5637.2,5.7004,2,0,0,0,0,0,4530.22,5458.34,129.69,178.86,0.2202,19.090182,72.832186,19.096831,72.825937,"Map data from OpenStreetMap contributors, ODbL 1.0"
69,1254.14,1720.78,1.3721,2358.97,1.8809,0,0,0,0,0,0,1702.58,2340.77,18.2,18.2,0.0,19.119399,72.841168,19.11595,72.829803,"Map data from OpenStreetMap contributors, ODbL 1.0"
70,923.52,1456.29,1.5769,1493.74,1.6174,0,0,1,0,0,0,1407.85,1403.87,48.45,89.87,0.0,19.102008,72.843559,19.102539,72.834787,"Map data from OpenStreetMap contributors, ODbL 1.0"
71,360.3,522.8,1.451,524.59,1.456,0,0,0,0,0,0,479.73,481.53,43.07,43.07,0.0,19.104539,72.832683,19.107703,72.833424,"Map data from OpenStreetMap contributors, ODbL 1.0"
72,760.37,989.39,1.3012,1179.31,1.551,0,1,4,1,0,0,905.97,1121.64,83.42,57.67,0.0,19.097916,72.847244,19.10018,72.854072,"Map data from OpenStreetMap contributors, ODbL 1.0"
73,1357.21,2701.25,1.9903,3405.89,2.5095,2,0,0,0,0,0,2588.01,3169.89,113.24,236.0,0.4486,19.101752,72.837098,19.095502,72.826003,"Map data from OpenStreetMap contributors, ODbL 1.0"
74,1654.3,2176.89,1.3159,2598.34,1.5707,0,0,0,0,0,0,2095.7,2515.17,81.19,83.16,0.0414,19.113187,72.831369,19.106516,72.845442,"Map data from OpenStreetMap contributors, ODbL 1.0"
75,722.56,1349.89,1.8682,1335.55,1.8484,0,0,0,0,0,0,1293.68,1220.6,56.21,114.95,0.0,19.10081,72.841012,19.095376,72.837242,"Map data from OpenStreetMap contributors, ODbL 1.0"
76,1077.21,1319.16,1.2246,1822.79,1.6921,0,0,0,0,0,0,1249.08,1752.72,70.08,70.08,0.0,19.115374,72.845234,19.116823,72.835097,"Map data from OpenStreetMap contributors, ODbL 1.0"
77,871.52,2934.18,3.3668,1201.84,1.379,0,0,0,0,0,0,2844.71,988.31,89.47,213.53,0.0,19.085969,72.836248,19.092746,72.83208,"Map data from OpenStreetMap contributors, ODbL 1.0"
78,1357.82,2003.29,1.4754,2184.56,1.6089,0,0,1,0,0,0,1916.36,2097.63,86.93,86.93,0.0,19.106657,72.833302,19.095626,72.838843,"Map data from OpenStreetMap contributors, ODbL 1.0"
79,259.76,837.96,3.2259,837.96,3.2259,0,0,0,0,0,0,749.9,749.9,88.06,88.06,0.0,19.094351,72.843197,19.092631,72.84487,"Map data from OpenStreetMap contributors, ODbL 1.0"
80,1891.37,2932.39,1.5504,3366.64,1.78,0,0,0,0,0,0,2902.39,3336.64,30.0,30.0,0.0323,19.103584,72.848937,19.118064,72.839492,"Map data from OpenStreetMap contributors, ODbL 1.0"
81,1025.35,1261.88,1.2307,1261.88,1.2307,0,0,0,0,0,0,1143.05,1143.05,118.83,118.83,0.0,19.095426,72.846713,19.086816,72.843218,"Map data from OpenStreetMap contributors, ODbL 1.0"
82,495.62,766.46,1.5464,766.46,1.5464,0,0,0,0,0,0,733.16,733.16,33.29,33.29,0.0,19.099516,72.846187,19.099219,72.850894,"Map data from OpenStreetMap contributors, ODbL 1.0"
83,1410.9,2134.46,1.5128,2077.52,1.4725,2,0,0,0,0,0,2039.71,1973.33,94.76,104.2,0.0661,19.120071,72.839563,19.107421,72.840612,"Map data from OpenStreetMap contributors, ODbL 1.0"
84,544.67,1335.7,2.4523,2066.24,3.7936,0,0,0,0,0,0,1285.97,2016.51,49.73,49.73,0.0828,19.093832,72.841076,19.096414,72.84548,"Map data from OpenStreetMap contributors, ODbL 1.0"
85,1203.76,1555.3,1.292,1628.2,1.3526,0,0,0,0,0,0,1476.97,1547.46,78.33,80.75,0.0,19.095648,72.843273,19.085757,72.838616,"Map data from OpenStreetMap contributors, ODbL 1.0"
86,579.98,983.78,1.6962,1009.64,1.7408,0,0,0,0,0,0,938.92,964.78,44.86,44.86,0.0,19.110344,72.840042,19.115558,72.839863,"Map data from OpenStreetMap contributors, ODbL 1.0"
87,960.37,2000.64,2.0832,2869.19,2.9876,0,0,0,0,0,0,1969.12,2705.56,31.52,163.63,0.0541,19.096852,72.838052,19.095222,72.847027,"Map data from OpenStreetMap contributors, ODbL 1.0"
88,895.43,1969.51,2.1995,2384.02,2.6624,0,0,0,0,0,0,1912.05,2326.56,57.46,57.46,0.049,19.108714,72.851552,19.112119,72.843829,"Map data from OpenStreetMap contributors, ODbL 1.0"
89,934.38,1186.71,1.27,1214.79,1.3001,0,0,1,0,0,0,1158.34,1167.53,28.37,47.26,0.0,19.110769,72.837091,19.102907,72.833953,"Map data from OpenStreetMap contributors, ODbL 1.0"
90,220.32,495.14,2.2474,662.57,3.0072,0,0,0,0,0,0,382.25,549.67,112.9,112.9,0.2453,19.105014,72.844679,19.105804,72.842756,"Map data from OpenStreetMap contributors, ODbL 1.0"
91,605.0,667.39,1.1031,989.99,1.6363,0,0,0,0,0,0,638.99,961.59,28.4,28.4,0.0,19.11481,72.829756,19.109471,72.830865,"Map data from OpenStreetMap contributors, ODbL 1.0"
92,421.41,1070.89,2.5412,1108.99,2.6316,0,0,0,0,0,0,1016.0,1054.1,54.89,54.89,0.0,19.104201,72.837754,19.106217,72.84115,"Map data from OpenStreetMap contributors, ODbL 1.0"
93,991.25,1330.42,1.3422,1330.42,1.3422,0,0,4,0,0,0,1185.26,1185.26,145.16,145.16,0.0,19.117151,72.834662,19.108441,72.832656,"Map data from OpenStreetMap contributors, ODbL 1.0"
94,289.8,469.33,1.6195,469.33,1.6195,0,0,0,0,0,0,399.75,399.75,69.58,69.58,0.0,19.096596,72.840725,19.094049,72.840142,"Map data from OpenStreetMap contributors, ODbL 1.0"
95,455.41,1156.69,2.5399,1301.8,2.8585,1,0,0,0,0,0,1075.39,1150.45,81.3,151.35,0.0,19.11386,72.828739,19.117736,72.827338,"Map data from OpenStreetMap contributors, ODbL 1.0"
96,930.36,1536.21,1.6512,1967.99,2.1153,0,0,0,0,0,0,1476.74,1908.52,59.47,59.47,0.0837,19.102307,72.844382,19.105146,72.852711,"Map data from OpenStreetMap contributors, ODbL 1.0"
97,1293.75,1987.25,1.536,2162.35,1.6714,0,0,0,0,0,0,1933.22,2108.32,54.04,54.04,0.0,19.117908,72.841811,19.109665,72.850502,"Map data from OpenStreetMap contributors, ODbL 1.0"
98,600.02,997.23,1.662,1662.68,2.771,0,0,0,0,0,0,851.56,1514.66,145.67,148.02,0.0,19.108729,72.835754,19.104308,72.839028,"Map data from OpenStreetMap contributors, ODbL 1.0"
99,669.07,1713.95,2.5617,1712.4,2.5594,0,0,1,0,0,0,1647.6,1643.65,66.35,68.75,0.0,19.104674,72.841454,19.102629,72.835466,"Map data from OpenStreetMap contributors, ODbL 1.0"
100,1149.85,1865.72,1.6226,2566.15,2.2317,0,0,0,0,0,0,1817.35,2517.78,48.37,48.37,0.0586,19.102933,72.841478,19.099968,72.851962,"Map data from OpenStreetMap contributors, ODbL 1.0"
101,753.84,1210.85,1.6062,1576.04,2.0907,0,0,0,0,0,0,1186.52,1551.72,24.32,24.32,0.079,19.108934,72.841506,19.102933,72.844845,"Map data from OpenStreetMap contributors, ODbL 1.0"
102,553.77,716.29,1.2935,716.29,1.2935,0,0,0,0,0,0,628.4,628.4,87.89,87.89,0.0,19.111709,72.842679,19.10702,72.844455,"Map data from OpenStreetMap contributors, ODbL 1.0"
103,299.36,503.88,1.6832,503.88,1.6832,0,0,1,0,0,0,480.06,480.06,23.82,23.82,0.0,19.104457,72.849329,19.106807,72.847939,"Map data from OpenStreetMap contributors, ODbL 1.0"
104,1586.16,2205.75,1.3906,2380.16,1.5006,3,0,0,0,0,0,2111.61,2286.02,94.14,94.14,0.0,19.117859,72.829157,19.111264,72.842544,"Map data from OpenStreetMap contributors, ODbL 1.0"
105,1219.89,1287.96,1.0558,1917.6,1.5719,0,0,0,0,0,0,1185.4,1794.06,102.56,123.54,0.0,19.098871,72.839653,19.088107,72.837412,"Map data from OpenStreetMap contributors, ODbL 1.0"
106,1990.29,3062.67,1.5388,3311.63,1.6639,2,0,0,0,0,0,2910.24,3159.2,152.43,152.43,0.0322,19.1002,72.850528,19.113979,72.838436,"Map data from OpenStreetMap contributors, ODbL 1.0"
107,721.37,848.16,1.1758,1288.06,1.7856,0,0,1,0,0,0,817.34,1257.25,30.82,30.82,0.0,19.116471,72.841778,19.115447,72.834998,"Map data from OpenStreetMap contributors, ODbL 1.0"
108,1027.28,1240.38,1.2074,1301.1,1.2665,0,0,0,0,0,0,1224.26,1284.98,16.12,16.12,0.0,19.104189,72.853834,19.112707,72.85005,"Map data from OpenStreetMap contributors, ODbL 1.0"
109,1046.31,2350.04,2.246,2478.93,2.3692,3,0,0,0,0,0,2253.44,2267.29,96.6,211.64,0.0,19.095998,72.827725,19.100984,72.83617,"Map data from OpenStreetMap contributors, ODbL 1.0"
110,444.03,843.87,1.9005,845.07,1.9032,0,0,0,0,0,0,734.54,735.74,109.33,109.33,0.0,19.090924,72.837113,19.087086,72.835946,"Map data from OpenStreetMap contributors, ODbL 1.0"
111,1400.55,1873.69,1.3378,2235.97,1.5965,2,0,0,0,0,0,1793.3,2155.58,80.39,80.39,0.0,19.118004,72.840841,19.105409,72.840989,"Map data from OpenStreetMap contributors, ODbL 1.0"
112,317.84,525.02,1.6518,1461.09,4.5969,0,0,0,0,0,0,487.53,1423.6,37.5,37.5,0.0,19.113136,72.850001,19.1154,72.848155,"Map data from OpenStreetMap contributors, ODbL 1.0"
113,1311.49,1949.49,1.4865,2803.17,2.1374,0,0,0,0,0,0,1878.41,2639.32,71.07,163.85,0.0567,19.103249,72.845492,19.094277,72.83739,"Map data from OpenStreetMap contributors, ODbL 1.0"
114,1666.08,4197.39,2.5193,2830.82,1.6991,2,0,0,0,0,0,4073.22,2572.73,124.18,258.09,0.1145,19.094521,72.829968,19.107912,72.822855,"Map data from OpenStreetMap contributors, ODbL 1.0"
115,744.85,1055.35,1.4169,1055.69,1.4173,0,0,1,0,0,0,1000.84,1001.18,54.51,54.51,0.0,19.104468,72.842754,19.110213,72.839108,"Map data from OpenStreetMap contributors, ODbL 1.0"
116,1021.11,1442.38,1.4126,1542.6,1.5107,1,0,2,0,0,0,1400.56,1500.78,41.81,41.81,0.0,19.114894,72.837215,19.110036,72.828968,"Map data from OpenStreetMap contributors, ODbL 1.0"
117,1384.37,2308.34,1.6674,2407.3,1.7389,0,0,0,0,0,0,2281.2,2380.16,27.14,27.14,0.0,19.103393,72.836785,19.092018,72.842142,"Map data from OpenStreetMap contributors, ODbL 1.0"
118,200.67,552.04,2.751,552.04,2.751,1,0,0,0,0,0,463.69,463.69,88.35,88.35,0.0,19.111006,72.850799,19.110817,72.852698,"Map data from OpenStreetMap contributors, ODbL 1.0"
119,275.46,670.77,2.4351,674.53,2.4487,0,0,0,0,0,0,624.22,627.98,46.55,46.55,0.0203,19.116346,72.847512,19.114523,72.849288,"Map data from OpenStreetMap contributors, ODbL 1.0"
120,558.32,3443.36,6.1673,994.76,1.7817,0,0,0,0,0,0,3417.35,909.6,26.01,85.16,0.0,19.088524,72.838855,19.088151,72.844154,"Map data from OpenStreetMap contributors, ODbL 1.0"
121,1536.28,2189.91,1.4255,2270.25,1.4778,0,0,1,0,0,0,2159.29,2239.63,30.62,30.62,0.0,19.113019,72.829321,19.120695,72.841479,"Map data from OpenStreetMap contributors, ODbL 1.0"
122,1241.84,1544.97,1.2441,2083.28,1.6776,0,0,0,0,0,0,1460.51,1998.82,84.46,84.46,0.0642,19.111085,72.850866,19.102476,72.843338,"Map data from OpenStreetMap contributors, ODbL 1.0"
123,317.98,430.19,1.3529,1661.83,5.2262,0,0,0,0,0,0,319.54,1605.92,110.65,55.91,0.0,19.103834,72.854145,19.101097,72.85502,"Map data from OpenStreetMap contributors, ODbL 1.0"
124,475.66,892.24,1.8758,1011.61,2.1268,0,0,1,0,0,0,838.26,957.64,53.98,53.98,0.0,19.110424,72.829255,19.111298,72.833687,"Map data from OpenStreetMap contributors, ODbL 1.0"
125,1780.97,2415.46,1.3563,3254.68,1.8275,0,0,0,0,0,0,2340.11,3179.32,75.36,75.36,0.258,19.092883,72.848839,19.10492,72.837657,"Map data from OpenStreetMap contributors, ODbL 1.0"
126,1145.45,1446.42,1.2628,1446.42,1.2628,0,0,0,0,0,0,1411.19,1411.19,35.23,35.23,0.0,19.115173,72.829203,19.117092,72.839915,"Map data from OpenStreetMap contributors, ODbL 1.0"
127,344.29,509.69,1.4804,1600.35,4.6483,1,0,0,0,0,0,409.41,1455.32,100.28,145.03,0.2965,19.098774,72.825624,19.096423,72.827755,"Map data from OpenStreetMap contributors, ODbL 1.0"
128,908.06,1586.06,1.7466,2160.74,2.3795,0,0,0,0,0,0,1530.78,2033.63,55.27,127.1,0.4894,19.10595,72.823595,19.114074,72.822711,"Map data from OpenStreetMap contributors, ODbL 1.0"
129,413.33,1060.86,2.5666,1060.86,2.5666,0,0,0,0,0,0,922.88,922.88,137.98,137.98,0.0,19.112143,72.828064,19.110992,72.824323,"Map data from OpenStreetMap contributors, ODbL 1.0"
130,345.97,471.85,1.3639,511.63,1.4788,0,0,0,0,0,0,401.48,441.26,70.37,70.37,0.0,19.115115,72.837424,19.11692,72.834743,"Map data from OpenStreetMap contributors, ODbL 1.0"
131,1045.62,1302.45,1.2456,1748.06,1.6718,0,0,0,0,0,0,1246.52,1692.13,55.94,55.94,0.0,19.110684,72.848856,19.1017,72.845917,"Map data from OpenStreetMap contributors, ODbL 1.0"
132,444.69,897.36,2.0179,897.7,2.0187,0,0,0,0,0,0,772.38,772.72,124.98,124.98,0.0,19.105469,72.842772,19.106849,72.8388,"Map data from OpenStreetMap contributors, ODbL 1.0"
133,680.8,1111.69,1.6329,2354.73,3.4588,0,0,0,0,0,0,1076.91,2264.16,34.78,90.56,0.1641,19.120568,72.839598,19.116177,72.844115,"Map data from OpenStreetMap contributors, ODbL 1.0"
134,532.37,1266.89,2.3797,1546.39,2.9047,0,0,1,0,0,0,1236.67,1516.17,30.22,30.22,0.0,19.107039,72.836742,19.104339,72.840926,"Map data from OpenStreetMap contributors, ODbL 1.0"
135,347.58,778.4,2.2395,1285.2,3.6975,0,0,0,0,0,0,718.57,1225.36,59.83,59.83,0.0127,19.106228,72.850512,19.105286,72.853666,"Map data from OpenStreetMap contributors, ODbL 1.0"
136,1713.45,2669.11,1.5577,2736.38,1.597,2,0,0,0,0,0,2603.93,2671.2,65.18,65.18,0.0,19.107557,72.853063,19.113371,72.83796,"Map data from OpenStreetMap contributors, ODbL 1.0"
137,1145.47,2026.86,1.7695,1902.65,1.661,2,0,0,0,0,0,1955.57,1662.52,71.29,240.13,0.3242,19.100047,72.825777,19.10189,72.836503,"Map data from OpenStreetMap contributors, ODbL 1.0"
138,903.67,1064.18,1.1776,1081.17,1.1964,0,0,0,0,0,0,951.05,968.04,113.13,113.13,0.0,19.108225,72.83043,19.116347,72.830702,"Map data from OpenStreetMap contributors, ODbL 1.0"
139,842.47,1321.73,1.5689,1343.2,1.5943,0,0,0,0,0,0,1191.83,1213.3,129.9,129.9,0.0,19.092247,72.835214,19.089681,72.842757,"Map data from OpenStreetMap contributors, ODbL 1.0"
140,1770.79,2473.73,1.397,2555.51,1.4431,1,0,2,0,0,0,2433.33,2515.11,40.4,40.4,0.0,19.113178,72.826114,19.118075,72.842151,"Map data from OpenStreetMap contributors, ODbL 1.0"
141,1416.21,2445.35,1.7267,2450.14,1.7301,2,0,0,0,0,0,2260.31,2219.21,185.05,230.93,0.7607,19.102871,72.829693,19.090502,72.826479,"Map data from OpenStreetMap contributors, ODbL 1.0"
142,233.58,371.38,1.5899,371.38,1.5899,0,0,0,0,0,0,251.5,251.5,119.88,119.88,0.0,19.118696,72.838039,19.120575,72.839033,"Map data from OpenStreetMap contributors, ODbL 1.0"
143,982.15,1675.04,1.7055,1730.12,1.7616,2,0,0,0,0,0,1581.63,1636.71,93.41,93.41,0.0,19.111895,72.84109,19.120335,72.838331,"Map data from OpenStreetMap contributors, ODbL 1.0"
144,1858.76,2624.22,1.4118,2831.46,1.5233,0,0,0,0,0,0,2563.65,2770.89,60.57,60.57,0.0366,19.108498,72.8301,19.10839,72.84779,"Map data from OpenStreetMap contributors, ODbL 1.0"
145,363.71,5954.44,16.3713,6121.49,16.8306,3,0,0,0,0,0,5691.26,5858.31,263.18,263.18,0.0,19.08846,72.828632,19.086267,72.831201,"Map data from OpenStreetMap contributors, ODbL 1.0"
146,706.33,1374.23,1.9456,1377.01,1.9495,0,0,0,0,0,0,1206.37,1209.16,167.85,167.85,0.0,19.087514,72.842902,19.09101,72.83729,"Map data from OpenStreetMap contributors, ODbL 1.0"
147,1603.39,2642.22,1.6479,3012.07,1.8786,2,0,0,0,0,0,2614.19,2984.04,28.03,28.03,0.0,19.10803,72.833704,19.113269,72.847922,"Map data from OpenStreetMap contributors, ODbL 1.0"
148,958.85,1471.62,1.5348,1474.16,1.5374,0,0,0,0,0,0,1332.05,1334.59,139.57,139.57,0.0,19.106961,72.846704,19.115006,72.849991,"Map data from OpenStreetMap contributors, ODbL 1.0"
149,1880.42,2614.15,1.3902,2782.97,1.48,0,0,0,0,0,0,2561.96,2688.63,52.2,94.34,0.0,19.113888,72.839501,19.102269,72.826497,"Map data from OpenStreetMap contributors, ODbL 1.0"
150,1355.17,1965.53,1.4504,2161.16,1.5948,1,0,0,0,0,0,1914.84,2062.3,50.69,98.86,0.0,19.106764,72.826107,19.11877,72.828321,"Map data from OpenStreetMap contributors, ODbL 1.0"
151,865.23,1467.53,1.6961,1478.17,1.7084,0,0,0,0,0,0,1427.36,1438.0,40.18,40.18,0.0,19.109131,72.842456,19.112806,72.835197,"Map data from OpenStreetMap contributors, ODbL 1.0"
152,1994.32,2381.12,1.194,2378.66,1.1927,2,0,1,0,0,0,2262.9,2195.26,118.22,183.4,0.1142,19.106719,72.823285,19.098517,72.840165,"Map data from OpenStreetMap contributors, ODbL 1.0"
153,1704.13,3134.49,1.8394,3266.73,1.917,0,0,0,0,0,0,3030.03,3058.66,104.46,208.06,0.1993,19.100706,72.837021,19.094495,72.851847,"Map data from OpenStreetMap contributors, ODbL 1.0"
154,1700.54,2128.85,1.2519,2128.85,1.2519,0,0,0,0,0,0,2081.22,2081.22,47.63,47.63,0.0,19.090651,72.840764,19.105045,72.846233,"Map data from OpenStreetMap contributors, ODbL 1.0"
155,817.83,1014.68,1.2407,1014.68,1.2407,0,0,2,0,0,0,988.16,988.16,26.52,26.52,0.0,19.111896,72.835717,19.114358,72.828382,"Map data from OpenStreetMap contributors, ODbL 1.0"
156,1063.18,1129.66,1.0625,1129.66,1.0625,0,0,0,0,0,0,1076.55,1076.55,53.11,53.11,0.0,19.113804,72.845505,19.104381,72.84379,"Map data from OpenStreetMap contributors, ODbL 1.0"
157,337.33,1007.07,2.9854,1007.07,2.9854,0,0,1,0,0,0,912.3,912.3,94.77,94.77,0.0,19.103058,72.838517,19.103702,72.841655,"Map data from OpenStreetMap contributors, ODbL 1.0"
158,912.71,1276.26,1.3983,1569.51,1.7196,0,0,0,0,0,0,1242.55,1508.2,33.71,61.31,0.1288,19.09262,72.847796,19.100126,72.844281,"Map data from OpenStreetMap contributors, ODbL 1.0"
159,957.25,1179.14,1.2318,1842.05,1.9243,0,0,0,0,0,0,1105.98,1766.37,73.15,75.68,0.0,19.094796,72.838818,19.086189,72.838949,"Map data from OpenStreetMap contributors, ODbL 1.0"
160,493.91,1015.21,2.0555,1015.21,2.0555,0,0,0,0,0,0,961.33,961.33,53.89,53.89,0.0,19.100479,72.85054,19.103286,72.846897,"Map data from OpenStreetMap contributors, ODbL 1.0"
161,461.38,717.81,1.5558,717.81,1.5558,0,0,0,0,0,0,529.05,529.05,188.76,188.76,0.0,19.118449,72.836298,19.118211,72.840682,"Map data from OpenStreetMap contributors, ODbL 1.0"
162,1301.01,1752.63,1.3471,2006.87,1.5425,2,0,0,0,0,0,1642.2,1896.44,110.43,110.43,0.0,19.103168,72.843487,19.11486,72.843928,"Map data from OpenStreetMap contributors, ODbL 1.0"
163,634.76,846.04,1.3328,887.7,1.3985,0,0,2,0,0,0,787.54,829.2,58.5,58.5,0.0,19.113486,72.848559,19.107828,72.849362,"Map data from OpenStreetMap contributors, ODbL 1.0"
164,495.07,699.83,1.4136,699.83,1.4136,0,0,0,0,0,0,663.37,663.37,36.45,36.45,0.0,19.100908,72.850768,19.096714,72.852349,"Map data from OpenStreetMap contributors, ODbL 1.0"
165,261.47,522.14,1.9969,522.69,1.9991,0,0,0,0,0,0,445.02,445.57,77.12,77.12,0.0,19.108496,72.828447,19.106738,72.830099,"Map data from OpenStreetMap contributors, ODbL 1.0"
166,1007.08,1839.92,1.827,1371.22,1.3616,0,0,1,0,0,0,1708.58,1124.35,131.33,246.87,0.0,19.101194,72.835551,19.104622,72.844423,"Map data from OpenStreetMap contributors, ODbL 1.0"
167,1489.4,3780.84,2.5385,4679.48,3.1419,0,0,1,0,0,0,3631.1,4480.19,149.73,199.28,0.0,19.099145,72.82949,19.086284,72.833453,"Map data from OpenStreetMap contributors, ODbL 1.0"
168,923.21,1528.16,1.6553,1488.79,1.6126,0,0,0,0,0,0,1463.94,1390.59,64.22,98.2,0.0,19.093546,72.852072,19.101848,72.851963,"Map data from OpenStreetMap contributors, ODbL 1.0"
169,1078.55,1614.55,1.497,1598.91,1.4825,0,0,4,0,0,0,1530.36,1494.87,84.19,104.04,0.0239,19.106422,72.831074,19.111815,72.822542,"Map data from OpenStreetMap contributors, ODbL 1.0"
170,443.22,569.17,1.2842,737.29,1.6635,0,0,0,0,0,0,427.81,595.94,141.35,141.35,0.0,19.091457,72.838171,19.087687,72.836801,"Map data from OpenStreetMap contributors, ODbL 1.0"
171,750.25,1247.36,1.6626,1044.84,1.3927,0,0,0,0,0,0,1202.14,989.36,45.22,55.48,0.0,19.10756,72.844533,19.106938,72.837422,"Map data from OpenStreetMap contributors, ODbL 1.0"
172,1574.53,2236.39,1.4204,2241.49,1.4236,0,0,0,0,0,0,2099.74,2104.84,136.65,136.65,0.0,19.088436,72.832087,19.098208,72.842932,"Map data from OpenStreetMap contributors, ODbL 1.0"
173,1357.77,1688.63,1.2437,2013.41,1.4829,0,0,0,0,0,0,1605.68,1928.5,82.96,84.91,0.0,19.094012,72.84924,19.08878,72.837565,"Map data from OpenStreetMap contributors, ODbL 1.0"
174,225.11,389.71,1.7312,768.52,3.414,0,0,0,0,0,0,313.06,691.87,76.66,76.66,0.0,19.099731,72.840277,19.097721,72.840017,"Map data from OpenStreetMap contributors, ODbL 1.0"
175,1704.31,2312.26,1.3567,2448.25,1.4365,2,0,2,0,0,0,2280.92,2416.91,31.34,31.34,0.0,19.102755,72.840226,19.110994,72.826547,"Map data from OpenStreetMap contributors, ODbL 1.0"
176,578.37,805.33,1.3924,807.27,1.3958,0,0,0,0,0,0,778.02,779.96,27.31,27.31,0.0,19.111327,72.83564,19.111519,72.830139,"Map data from OpenStreetMap contributors, ODbL 1.0"
177,1142.47,1500.84,1.3137,1538.34,1.3465,2,0,1,0,0,0,1411.96,1435.4,88.88,102.94,0.0,19.103072,72.824559,19.105083,72.835222,"Map data from OpenStreetMap contributors, ODbL 1.0"
178,336.78,592.98,1.7607,592.98,1.7607,0,0,1,0,0,0,558.82,558.82,34.16,34.16,0.0,19.10011,72.848977,19.098244,72.846451,"Map data from OpenStreetMap contributors, ODbL 1.0"
179,1691.38,2408.18,1.4238,3143.35,1.8585,0,0,0,0,0,0,2359.38,3094.56,48.8,48.8,0.0397,19.107875,72.839525,19.097814,72.851598,"Map data from OpenStreetMap contributors, ODbL 1.0"
180,642.74,1066.27,1.659,1475.47,2.2956,0,0,0,0,0,0,1000.58,1409.78,65.69,65.69,0.0,19.103161,72.848877,19.106678,72.853731,"Map data from OpenStreetMap contributors, ODbL 1.0"
181,1413.5,3669.57,2.5961,3631.16,2.5689,2,0,0,0,0,0,3517.74,3475.74,151.83,155.42,0.0,19.092285,72.834377,19.103785,72.828646,"Map data from OpenStreetMap contributors, ODbL 1.0"
182,1653.92,2232.68,1.3499,2264.4,1.3691,0,0,1,0,0,0,2195.3,2207.03,37.38,57.37,0.0,19.094943,72.85255,19.109277,72.848347,"Map data from OpenStreetMap contributors, ODbL 1.0"
183,1744.07,2311.01,1.3251,3362.49,1.928,0,0,0,0,0,0,2235.48,3286.96,75.54,75.54,0.2701,19.104533,72.835794,19.095399,72.849287,"Map data from OpenStreetMap contributors, ODbL 1.0"
184,806.78,1580.76,1.9593,1580.76,1.9593,0,0,0,0,0,0,1546.21,1546.21,34.55,34.55,0.0,19.099054,72.846228,19.092627,72.842665,"Map data from OpenStreetMap contributors, ODbL 1.0"
185,217.4,346.49,1.5938,346.49,1.5938,0,0,0,0,0,0,307.88,307.88,38.6,38.6,0.0,19.111816,72.832291,19.113182,72.833772,"Map data from OpenStreetMap contributors, ODbL 1.0"
186,956.26,1202.83,1.2578,1390.63,1.4542,0,0,0,0,0,0,1111.2,1299.01,91.62,91.62,0.0,19.112087,72.847806,19.104899,72.852801,"Map data from OpenStreetMap contributors, ODbL 1.0"
187,1684.68,2835.48,1.6831,2879.99,1.7095,3,0,0,0,0,0,2794.78,2839.29,40.71,40.71,0.0,19.090793,72.827492,19.103695,72.835896,"Map data from OpenStreetMap contributors, ODbL 1.0"
188,854.33,1291.97,1.5123,1291.97,1.5123,0,0,0,0,0,0,1213.12,1213.12,78.85,78.85,0.0,19.108792,72.84973,19.101614,72.852629,"Map data from OpenStreetMap contributors, ODbL 1.0"
189,1304.8,2466.64,1.8904,2739.0,2.0992,0,0,0,0,0,0,2400.66,2673.02,65.98,65.98,0.0,19.11975,72.838787,19.109966,72.845644,"Map data from OpenStreetMap contributors, ODbL 1.0"
190,457.97,569.66,1.2439,1878.13,4.101,0,0,0,0,0,0,462.95,1821.82,106.71,56.31,0.0,19.104734,72.854349,19.100649,72.854905,"Map data from OpenStreetMap contributors, ODbL 1.0"
191,1632.26,2105.31,1.2898,2640.92,1.618,0,0,0,0,0,0,2053.58,2589.18,51.73,51.73,0.0,19.116864,72.841659,19.102413,72.844389,"Map data from OpenStreetMap contributors, ODbL 1.0"
192,256.34,914.81,3.5687,914.81,3.5687,0,0,0,0,0,0,875.59,875.59,39.23,39.23,0.0,19.109745,72.842589,19.107925,72.844086,"Map data from OpenStreetMap contributors, ODbL 1.0"
193,275.67,329.23,1.1943,329.23,1.1943,0,0,0,0,0,0,258.56,258.56,70.67,70.67,0.0,19.107455,72.829857,19.106712,72.83236,"Map data from OpenStreetMap contributors, ODbL 1.0"
194,1396.38,1718.54,1.2307,1892.38,1.3552,1,0,0,0,0,0,1588.84,1698.46,129.69,193.92,0.1423,19.108861,72.833832,19.113934,72.821674,"Map data from OpenStreetMap contributors, ODbL 1.0"
195,1364.06,1787.08,1.3101,2059.5,1.5098,0,0,1,0,0,0,1725.21,1900.11,61.87,159.39,0.1103,19.109932,72.823217,19.107203,72.835874,"Map data from OpenStreetMap contributors, ODbL 1.0"
196,1596.03,3947.86,2.4736,4013.96,2.515,3,0,0,0,0,0,3791.05,3857.14,156.82,156.82,0.0,19.089946,72.829571,19.097922,72.842199,"Map data from OpenStreetMap contributors, ODbL 1.0"
197,454.28,644.26,1.4182,644.26,1.4182,0,0,1,0,0,0,573.44,573.44,70.82,70.82,0.0,19.116868,72.833258,19.112802,72.83368,"Map data from OpenStreetMap contributors, ODbL 1.0"
198,627.61,946.64,1.5083,946.64,1.5083,0,0,0,0,0,0,823.94,823.94,122.7,122.7,0.0,19.115605,72.841227,19.120766,72.83881,"Map data from OpenStreetMap contributors, ODbL 1.0"
199,463.23,720.75,1.5559,722.22,1.5591,0,0,1,0,0,0,690.8,692.27,29.95,29.95,0.0,19.104608,72.84935,19.108516,72.847823,"Map data from OpenStreetMap contributors, ODbL 1.0"
200,1312.22,1872.33,1.4268,3526.5,2.6874,0,0,0,0,0,0,1851.82,3506.0,20.51,20.51,0.0,19.116367,72.84452,19.107833,72.853146,"Map data from OpenStreetMap contributors, ODbL 1.0"
201,1831.57,2617.83,1.4293,3091.84,1.6881,2,0,0,0,0,0,2575.62,3017.09,42.21,74.75,0.0,19.095905,72.839145,19.107551,72.826817,"Map data from OpenStreetMap contributors, ODbL 1.0"
202,369.52,497.95,1.3476,553.9,1.499,0,0,0,0,0,0,458.6,464.04,39.35,89.86,0.0,19.098695,72.851222,19.096392,72.853757,"Map data from OpenStreetMap contributors, ODbL 1.0"
203,858.31,1280.74,1.4922,1280.74,1.4922,0,0,1,0,0,0,1238.61,1238.61,42.13,42.13,0.0,19.113291,72.827303,19.105617,72.828181,"Map data from OpenStreetMap contributors, ODbL 1.0"
204,250.79,333.96,1.3316,333.96,1.3316,0,0,0,0,0,0,295.23,295.23,38.73,38.73,0.0,19.115661,72.833449,19.113804,72.832094,"Map data from OpenStreetMap contributors, ODbL 1.0"
205,1023.83,1361.95,1.3303,1699.43,1.6599,1,0,0,0,0,0,1189.45,1526.94,172.5,172.5,0.0,19.111887,72.84016,19.117305,72.832281,"Map data from OpenStreetMap contributors, ODbL 1.0"
206,362.51,882.5,2.4344,1243.22,3.4295,0,0,0,0,0,0,825.01,1185.74,57.48,57.48,0.0,19.094886,72.851421,19.095315,72.848001,"Map data from OpenStreetMap contributors, ODbL 1.0"
207,429.66,1571.56,3.6577,2057.2,4.788,0,0,0,0,0,0,1515.48,2001.13,56.07,56.07,0.0619,19.109,72.84641,19.110966,72.84289,"Map data from OpenStreetMap contributors, ODbL 1.0"
208,1901.09,5049.6,2.6562,3422.83,1.8005,0,0,0,0,0,0,4986.01,3303.8,63.59,119.03,0.0,19.093153,72.845947,19.102845,72.831043,"Map data from OpenStreetMap contributors, ODbL 1.0"
209,447.02,871.18,1.9489,880.23,1.9691,1,0,1,0,0,0,820.95,830.0,50.23,50.23,0.0,19.105992,72.829219,19.107757,72.825396,"Map data from OpenStreetMap contributors, ODbL 1.0"
210,304.66,534.64,1.7549,532.44,1.7477,0,0,0,0,0,0,425.64,423.44,109.0,109.0,0.0,19.118823,72.828764,19.116838,72.830762,"Map data from OpenStreetMap contributors, ODbL 1.0"
211,275.56,520.87,1.8902,946.36,3.4343,0,0,0,0,0,0,475.02,900.5,45.86,45.86,0.0,19.10139,72.840033,19.102844,72.837909,"Map data from OpenStreetMap contributors, ODbL 1.0"
212,355.89,513.55,1.443,709.39,1.9933,0,0,0,0,0,0,415.21,516.89,98.33,192.5,0.0,19.098791,72.82956,19.101611,72.82796,"Map data from OpenStreetMap contributors, ODbL 1.0"
213,1623.45,1940.59,1.1954,3068.74,1.8903,0,0,2,0,0,0,1912.55,3046.23,28.04,22.51,0.0711,19.096145,72.839586,19.1005,72.854333,"Map data from OpenStreetMap contributors, ODbL 1.0"
214,316.55,553.12,1.7473,588.54,1.8592,0,0,1,0,0,0,491.7,527.11,61.42,61.42,0.0,19.115643,72.840534,19.115566,72.843546,"Map data from OpenStreetMap contributors, ODbL 1.0"
215,1467.18,3197.04,2.179,3770.94,2.5702,2,0,0,0,0,0,3121.25,3617.8,75.78,153.14,0.0,19.091099,72.83107,19.104229,72.829687,"Map data from OpenStreetMap contributors, ODbL 1.0"
216,1164.36,1747.34,1.5007,4594.56,3.946,0,0,1,0,0,0,1571.79,4354.35,175.55,240.21,0.0,19.094,72.82979,19.093078,72.840828,"Map data from OpenStreetMap contributors, ODbL 1.0"
217,320.93,395.94,1.2337,1024.11,3.191,0,0,0,0,0,0,305.96,920.99,89.98,103.12,0.1096,19.10417,72.846752,19.106618,72.845135,"Map data from OpenStreetMap contributors, ODbL 1.0"
218,285.9,598.98,2.0951,1062.05,3.7148,0,0,0,0,0,0,519.99,983.06,78.99,78.99,0.1803,19.106504,72.845941,19.108057,72.843773,"Map data from OpenStreetMap contributors, ODbL 1.0"
219,1162.12,1618.27,1.3925,1878.42,1.6164,0,0,0,0,0,0,1552.64,1812.79,65.63,65.63,0.0686,19.105009,72.847774,19.096433,72.841453,"Map data from OpenStreetMap contributors, ODbL 1.0"
220,648.91,1200.89,1.8506,1263.4,1.947,0,0,1,0,0,0,1071.05,1133.56,129.84,129.84,0.0,19.108023,72.846718,19.1024,72.848373,"Map data from OpenStreetMap contributors, ODbL 1.0"
221,1040.3,1652.98,1.5889,1974.53,1.898,1,0,0,0,0,0,1497.84,1789.88,155.14,184.65,0.0244,19.116462,72.830049,19.111406,72.821718,"Map data from OpenStreetMap contributors, ODbL 1.0"
222,346.79,5192.45,14.9727,1002.86,2.8918,3,0,0,0,0,0,5094.7,889.73,97.75,113.14,0.0,19.09454,72.829277,19.091898,72.827524,"Map data from OpenStreetMap contributors, ODbL 1.0"
223,1346.89,2073.58,1.5395,2781.02,2.0648,0,0,0,0,0,0,2000.93,2570.03,72.66,210.99,0.0532,19.096929,72.84938,19.093865,72.836979,"Map data from OpenStreetMap contributors, ODbL 1.0"
224,374.41,513.03,1.3702,910.4,2.4316,0,0,0,0,0,0,368.8,766.17,144.23,144.23,0.0,19.09053,72.833141,19.087539,72.831505,"Map data from OpenStreetMap contributors, ODbL 1.0"
225,470.15,843.0,1.793,843.6,1.7943,0,0,0,0,0,0,790.79,791.4,52.21,52.21,0.0,19.101528,72.848061,19.105682,72.848898,"Map data from OpenStreetMap contributors, ODbL 1.0"
226,782.16,1699.32,2.1726,1897.34,2.4258,0,0,1,0,0,0,1580.42,1778.43,118.9,118.9,0.0,19.109969,72.846821,19.115443,72.842146,"Map data from OpenStreetMap contributors, ODbL 1.0"
227,853.12,1203.77,1.411,1203.77,1.411,0,0,0,0,0,0,1131.29,1131.29,72.48,72.48,0.0,19.103768,72.854927,19.101285,72.847245,"Map data from OpenStreetMap contributors, ODbL 1.0"
228,699.07,930.52,1.3311,945.96,1.3532,0,0,0,0,0,0,836.63,852.08,93.88,93.88,0.0,19.107764,72.845059,19.106328,72.838581,"Map data from OpenStreetMap contributors, ODbL 1.0"
229,715.42,1706.83,2.3858,1955.43,2.7333,2,0,0,0,0,0,1551.3,1677.81,155.53,277.62,0.0311,19.101658,72.835554,19.100316,72.828895,"Map data from OpenStreetMap contributors, ODbL 1.0"
230,1030.48,1960.34,1.9024,2110.06,2.0477,1,0,0,0,0,0,1836.04,1879.44,124.3,230.63,0.0199,19.119105,72.827897,19.111902,72.821726,"Map data from OpenStreetMap contributors, ODbL 1.0"
231,1041.61,1802.88,1.7309,1821.53,1.7488,2,0,0,0,0,0,1683.76,1702.41,119.12,119.12,0.0,19.117416,72.836786,19.110495,72.843466,"Map data from OpenStreetMap contributors, ODbL 1.0"
232,906.23,1093.26,1.2064,1101.96,1.216,0,0,0,0,0,0,1023.38,1032.08,69.88,69.88,0.0,19.09602,72.849675,19.103861,72.852026,"Map data from OpenStreetMap contributors, ODbL 1.0"
233,556.89,712.02,1.2786,712.02,1.2786,0,0,0,0,0,0,670.68,670.68,41.35,41.35,0.0,19.111753,72.840023,19.110958,72.83479,"Map data from OpenStreetMap contributors, ODbL 1.0"
234,866.77,1409.35,1.626,1555.41,1.7945,2,0,0,0,0,0,1367.32,1513.38,42.03,42.03,0.0,19.113242,72.843652,19.120766,72.841495,"Map data from OpenStreetMap contributors, ODbL 1.0"
235,1175.08,1879.13,1.5991,1738.33,1.4793,0,0,0,0,0,0,1766.45,1569.31,112.68,169.02,0.0,19.102141,72.849861,19.091593,72.849179,"Map data from OpenStreetMap contributors, ODbL 1.0"
236,572.41,991.81,1.7327,1447.61,2.529,0,0,0,0,0,0,937.13,1392.93,54.68,54.68,0.1,19.105698,72.844252,19.10243,72.848461,"Map data from OpenStreetMap contributors, ODbL 1.0"
237,1641.36,2145.17,1.3069,2635.35,1.6056,0,0,0,0,0,0,2091.59,2581.77,53.58,53.58,0.0509,19.095125,72.841913,19.109023,72.847176,"Map data from OpenStreetMap contributors, ODbL 1.0"
238,1443.29,1743.7,1.2081,1743.7,1.2081,2,0,0,0,0,0,1656.87,1656.87,86.83,86.83,0.0,19.115118,72.843905,19.10249,72.840726,"Map data from OpenStreetMap contributors, ODbL 1.0"
239,1279.89,3317.63,2.5921,2489.18,1.9448,0,0,0,0,0,0,3100.41,2233.97,217.22,255.21,0.0,19.102628,72.829313,19.099314,72.840978,"Map data from OpenStreetMap contributors, ODbL 1.0"
240,227.83,1169.53,5.1333,616.57,2.7062,0,0,0,0,0,0,1080.59,494.82,88.94,121.75,0.0,19.102895,72.838614,19.102099,72.836615,"Map data from OpenStreetMap contributors, ODbL 1.0"
241,960.58,1498.04,1.5595,1817.25,1.8918,0,0,0,0,0,0,1413.18,1732.4,84.85,84.85,0.0,19.111494,72.845656,19.105774,72.852507,"Map data from OpenStreetMap contributors, ODbL 1.0"
242,355.13,807.69,2.2743,837.05,2.357,0,0,0,0,0,0,722.91,717.59,84.78,119.46,0.0,19.0936,72.852385,19.095903,72.850044,"Map data from OpenStreetMap contributors, ODbL 1.0"
243,538.57,985.88,1.8306,985.88,1.8306,0,0,0,0,0,0,912.24,912.24,73.65,73.65,0.0,19.110832,72.842193,19.106419,72.844307,"Map data from OpenStreetMap contributors, ODbL 1.0"
244,780.48,1060.81,1.3592,1354.79,1.7358,1,0,2,0,0,0,955.41,1249.39,105.4,105.4,0.0,19.110411,72.837342,19.117408,72.836744,"Map data from OpenStreetMap contributors, ODbL 1.0"
245,332.19,1549.08,4.6633,1322.27,3.9805,0,0,0,0,0,0,1422.43,1188.27,126.64,134.0,0.0,19.091619,72.8367,19.094235,72.838226,"Map data from OpenStreetMap contributors, ODbL 1.0"
246,990.88,1427.47,1.4406,1430.01,1.4432,0,0,0,0,0,0,1323.77,1326.31,103.7,103.7,0.0,19.104513,72.844779,19.111858,72.85012,"Map data from OpenStreetMap contributors, ODbL 1.0"
247,262.07,302.18,1.153,302.9,1.1558,0,0,0,0,0,0,292.38,293.1,9.79,9.79,0.0,19.089658,72.838064,19.087304,72.838187,"Map data from OpenStreetMap contributors, ODbL 1.0"
248,238.25,435.84,1.8293,719.67,3.0206,0,0,0,0,0,0,299.92,583.75,135.92,135.92,0.0,19.107739,72.830736,19.109571,72.829561,"Map data from OpenStreetMap contributors, ODbL 1.0"
249,1101.61,1574.51,1.4293,2208.48,2.0048,0,0,0,0,0,0,1453.52,2087.5,120.99,120.99,0.0645,19.099055,72.845415,19.108962,72.845451,"Map data from OpenStreetMap contributors, ODbL 1.0"
250,1843.52,2160.28,1.1718,2732.74,1.4824,0,0,0,0,0,0,1960.77,2529.45,199.51,203.29,0.9472,19.107724,72.824554,19.091251,72.826538,"Map data from OpenStreetMap contributors, ODbL 1.0"
251,1694.43,2337.95,1.3798,2998.39,1.7696,0,0,3,0,0,0,2280.11,2937.07,57.85,61.32,0.1355,19.113694,72.831018,19.116532,72.846863,"Map data from OpenStreetMap contributors, ODbL 1.0"
252,1528.93,2148.39,1.4052,2154.02,1.4088,2,0,0,0,0,0,2025.69,1977.98,122.7,176.04,0.0327,19.113236,72.834556,19.103981,72.823794,"Map data from OpenStreetMap contributors, ODbL 1.0"
253,1479.14,2550.14,1.7241,2686.09,1.816,2,0,0,0,0,0,2459.41,2504.64,90.73,181.45,0.0,19.104248,72.827343,19.094595,72.837028,"Map data from OpenStreetMap contributors, ODbL 1.0"
254,213.88,432.68,2.023,432.68,2.023,0,0,0,0,0,0,324.19,324.19,108.49,108.49,0.0,19.111396,72.823616,19.11201,72.825546,"Map data from OpenStreetMap contributors, ODbL 1.0"
255,984.32,1415.03,1.4376,1424.43,1.4471,1,0,0,0,0,0,1381.06,1390.46,33.97,33.97,0.0,19.112668,72.835702,19.109464,72.826968,"Map data from OpenStreetMap contributors, ODbL 1.0"
256,1314.53,2048.44,1.5583,2550.82,1.9405,0,0,0,0,0,0,2025.68,2528.06,22.76,22.76,0.2981,19.091418,72.844569,19.101846,72.838676,"Map data from OpenStreetMap contributors, ODbL 1.0"
257,1187.61,2863.48,2.4111,2880.27,2.4253,0,0,0,0,0,0,2696.61,2622.61,166.87,257.66,0.0,19.097079,72.84049,19.097605,72.829201,"Map data from OpenStreetMap contributors, ODbL 1.0"
258,1737.8,2473.06,1.4231,2819.82,1.6226,0,0,1,0,0,0,2457.98,2745.02,15.08,74.8,0.1052,19.109429,72.840219,19.106356,72.824002,"Map data from OpenStreetMap contributors, ODbL 1.0"
259,1994.09,2933.92,1.4713,2977.62,1.4932,0,0,0,0,0,0,2905.46,2949.16,28.46,28.46,0.0,19.108394,72.836946,19.091015,72.83226,"Map data from OpenStreetMap contributors, ODbL 1.0"
260,814.17,1053.46,1.2939,1118.36,1.3736,0,0,0,0,0,0,1013.76,1078.66,39.7,39.7,0.0,19.093324,72.845343,19.100198,72.848013,"Map data from OpenStreetMap contributors, ODbL 1.0"
261,1128.27,1999.81,1.7725,3219.07,2.8531,0,0,0,0,0,0,1952.84,3082.22,46.97,136.85,0.0545,19.096151,72.83717,19.099307,72.847375,"Map data from OpenStreetMap contributors, ODbL 1.0"
262,1335.82,1578.24,1.1815,1690.56,1.2656,0,0,2,0,0,0,1488.58,1600.9,89.66,89.66,0.0,19.117697,72.828406,19.106465,72.832915,"Map data from OpenStreetMap contributors, ODbL 1.0"
263,226.78,324.97,1.433,808.28,3.5641,0,0,0,0,0,0,270.6,753.91,54.37,54.37,0.0,19.102345,72.839075,19.104071,72.840226,"Map data from OpenStreetMap contributors, ODbL 1.0"
264,701.69,4733.02,6.7452,995.93,1.4193,2,0,0,0,0,0,4614.15,788.82,118.87,207.11,0.0,19.098529,72.829289,19.103583,72.825291,"Map data from OpenStreetMap contributors, ODbL 1.0"
265,1308.11,1730.9,1.3232,1992.2,1.523,0,0,1,0,0,0,1674.54,1935.84,56.36,56.36,0.0,19.102421,72.847763,19.114185,72.847743,"Map data from OpenStreetMap contributors, ODbL 1.0"
266,1037.05,1277.18,1.2315,1471.98,1.4194,0,0,0,0,0,0,1229.17,1423.97,48.02,48.02,0.0,19.096107,72.845993,19.104811,72.849539,"Map data from OpenStreetMap contributors, ODbL 1.0"
267,1757.06,2357.55,1.3418,2544.68,1.4483,0,0,1,0,0,0,2287.69,2474.82,69.86,69.86,0.0,19.104302,72.831026,19.115679,72.842632,"Map data from OpenStreetMap contributors, ODbL 1.0"
268,836.15,1870.46,2.237,1260.56,1.5076,0,0,0,0,0,0,1801.62,959.56,68.84,301.01,0.0,19.093262,72.835465,19.08738,72.840422,"Map data from OpenStreetMap contributors, ODbL 1.0"
269,1998.03,2622.34,1.3125,3543.9,1.7737,0,0,1,0,0,0,2565.26,3486.82,57.08,57.08,0.0,19.107002,72.854073,19.117794,72.838868,"Map data from OpenStreetMap contributors, ODbL 1.0"
270,656.06,1287.18,1.962,1566.61,2.3879,1,0,0,0,0,0,1195.44,1474.87,91.74,91.74,0.0,19.113388,72.828992,19.116071,72.823431,"Map data from OpenStreetMap contributors, ODbL 1.0"
271,896.65,1429.49,1.5943,1700.17,1.8961,0,0,0,0,0,0,1333.59,1533.16,95.9,167.01,0.2084,19.105777,72.823433,19.112882,72.82747,"Map data from OpenStreetMap contributors, ODbL 1.0"
272,322.48,712.99,2.2109,973.72,3.0194,0,0,0,0,0,0,671.19,931.92,41.8,41.8,0.0,19.113169,72.84874,19.116044,72.849137,"Map data from OpenStreetMap contributors, ODbL 1.0"
273,705.43,1001.72,1.42,1283.43,1.8194,0,0,0,0,0,0,954.45,1236.17,47.27,47.27,0.0,19.105562,72.846942,19.111008,72.850385,"Map data from OpenStreetMap contributors, ODbL 1.0"
274,1181.54,1393.63,1.1795,1652.0,1.3982,3,0,0,0,0,0,1346.16,1554.23,47.48,97.78,0.0,19.10236,72.835496,19.106764,72.825262,"Map data from OpenStreetMap contributors, ODbL 1.0"
275,489.47,762.88,1.5586,1038.51,2.1217,0,0,0,0,0,0,569.13,844.76,193.75,193.75,0.0,19.114755,72.846189,19.117261,72.842358,"Map data from OpenStreetMap contributors, ODbL 1.0"
276,1088.41,1838.17,1.6889,2106.52,1.9354,0,0,0,0,0,0,1828.3,2096.65,9.87,9.87,0.0,19.112252,72.84893,19.11986,72.842412,"Map data from OpenStreetMap contributors, ODbL 1.0"
277,1683.01,2041.05,1.2127,2253.71,1.3391,0,0,0,0,0,0,2001.18,2213.85,39.86,39.86,0.0,19.102316,72.837445,19.116545,72.842906,"Map data from OpenStreetMap contributors, ODbL 1.0"
278,691.46,1742.81,2.5205,2617.24,3.7851,0,0,0,0,0,0,1682.43,2556.87,60.38,60.38,0.0,19.110508,72.845469,19.106961,72.840063,"Map data from OpenStreetMap contributors, ODbL 1.0"
279,1448.59,2079.11,1.4353,2447.13,1.6893,1,0,0,0,0,0,2043.95,2411.97,35.16,35.16,0.0,19.10894,72.8395,19.113865,72.826735,"Map data from OpenStreetMap contributors, ODbL 1.0"
280,326.98,614.02,1.8779,1158.39,3.5427,0,0,0,0,0,0,505.08,1030.43,108.94,127.96,0.0,19.117638,72.836947,19.116332,72.834159,"Map data from OpenStreetMap contributors, ODbL 1.0"
281,1251.03,1901.7,1.5201,2137.79,1.7088,2,0,0,0,0,0,1810.87,2046.96,90.83,90.83,0.0614,19.114393,72.838023,19.106055,72.846017,"Map data from OpenStreetMap contributors, ODbL 1.0"
282,1715.83,4761.14,2.7748,2507.07,1.4611,0,0,0,0,0,0,4680.63,2340.76,80.51,166.31,0.0,19.109335,72.84315,19.103709,72.827944,"Map data from OpenStreetMap contributors, ODbL 1.0"
283,1335.45,1925.92,1.4421,1925.16,1.4416,0,0,1,0,0,0,1791.4,1787.14,134.51,138.01,0.0,19.095472,72.850608,19.107044,72.847205,"Map data from OpenStreetMap contributors, ODbL 1.0"
284,736.46,1353.94,1.8384,1964.98,2.6681,0,0,0,0,0,0,1253.35,1864.38,100.59,100.59,0.0,19.113355,72.847959,19.117221,72.842268,"Map data from OpenStreetMap contributors, ODbL 1.0"
285,1677.22,2173.08,1.2956,2379.02,1.4184,0,0,0,0,0,0,2110.83,2316.77,62.26,62.26,0.0,19.099825,72.842367,19.085881,72.83628,"Map data from OpenStreetMap contributors, ODbL 1.0"
286,413.71,694.26,1.6781,1002.48,2.4231,0,0,0,0,0,0,681.81,990.02,12.45,12.45,0.0,19.089067,72.839466,19.090795,72.83598,"Map data from OpenStreetMap contributors, ODbL 1.0"
287,411.11,863.77,2.1011,1698.15,4.1306,0,0,0,0,0,0,800.93,1635.31,62.84,62.84,0.1543,19.102057,72.844025,19.102063,72.847938,"Map data from OpenStreetMap contributors, ODbL 1.0"
288,1294.1,2060.68,1.5924,2382.45,1.841,0,0,2,0,0,0,2004.11,2325.89,56.57,56.57,0.0,19.119915,72.841718,19.11331,72.831577,"Map data from OpenStreetMap contributors, ODbL 1.0"
289,1066.72,1525.35,1.4299,1655.92,1.5524,0,0,0,0,0,0,1458.19,1588.77,67.15,67.15,0.0,19.112848,72.836753,19.105886,72.843737,"Map data from OpenStreetMap contributors, ODbL 1.0"
290,1675.53,2573.08,1.5357,2589.65,1.5456,0,0,0,0,0,0,2522.51,2492.41,50.57,97.24,0.0,19.106058,72.837674,19.091118,72.835604,"Map data from OpenStreetMap contributors, ODbL 1.0"
291,643.85,854.92,1.3278,1979.59,3.0746,0,0,0,0,0,0,801.3,1925.97,53.62,53.62,0.1329,19.098365,72.842631,19.103058,72.846221,"Map data from OpenStreetMap contributors, ODbL 1.0"
292,1284.32,1517.82,1.1818,2164.83,1.6856,0,0,0,0,0,0,1457.52,2104.52,60.3,60.3,0.0876,19.098106,72.843926,19.109626,72.844797,"Map data from OpenStreetMap contributors, ODbL 1.0"
293,1433.54,4290.06,2.9926,5056.82,3.5275,2,0,0,0,0,0,4219.83,4926.31,70.22,130.5,0.2751,19.088157,72.838354,19.095393,72.827063,"Map data from OpenStreetMap contributors, ODbL 1.0"
294,732.45,1065.5,1.4547,1515.31,2.0688,0,0,0,0,0,0,1035.06,1484.87,30.44,30.44,0.0,19.094871,72.846869,19.090633,72.841533,"Map data from OpenStreetMap contributors, ODbL 1.0"
295,486.11,742.45,1.5273,1388.28,2.8559,0,0,0,0,0,0,673.11,1310.48,69.34,77.8,0.0498,19.106155,72.844967,19.101868,72.845876,"Map data from OpenStreetMap contributors, ODbL 1.0"
296,456.57,626.01,1.3711,647.49,1.4182,0,0,1,0,0,0,562.47,580.26,63.54,67.23,0.0,19.09492,72.850342,19.098563,72.848338,"Map data from OpenStreetMap contributors, ODbL 1.0"
297,818.45,1116.63,1.3643,1250.31,1.5277,0,0,0,0,0,0,1061.25,1194.94,55.37,55.37,0.0,19.105881,72.845567,19.099573,72.841553,"Map data from OpenStreetMap contributors, ODbL 1.0"
298,466.12,1135.86,2.4369,1580.21,3.3902,0,0,0,0,0,0,1042.08,1486.43,93.77,93.77,0.0,19.087505,72.839232,19.089743,72.842983,"Map data from OpenStreetMap contributors, ODbL 1.0"
299,200.59,510.4,2.5444,510.4,2.5444,0,0,0,0,0,0,461.86,461.86,48.53,48.53,0.0,19.102095,72.851155,19.102061,72.853063,"Map data from OpenStreetMap contributors, ODbL 1.0"
300,664.0,869.73,1.3098,3039.25,4.5772,0,0,0,0,0,0,797.38,2950.19,72.35,89.07,0.093,19.099181,72.843356,19.100515,72.849515,"Map data from OpenStreetMap contributors, ODbL 1.0"
301,625.9,847.06,1.3533,847.06,1.3533,1,0,0,0,0,0,774.1,774.1,72.95,72.95,0.0,19.114349,72.834657,19.11148,72.829532,"Map data from OpenStreetMap contributors, ODbL 1.0"
302,808.59,5092.38,6.2979,5328.61,6.59,3,0,0,0,0,0,5072.35,5308.58,20.03,20.03,0.0023,19.090896,72.834796,19.089049,72.827354,"Map data from OpenStreetMap contributors, ODbL 1.0"
303,322.87,525.95,1.629,527.06,1.6324,0,0,1,0,0,0,413.82,414.93,112.13,112.13,0.0,19.109533,72.831854,19.110613,72.829002,"Map data from OpenStreetMap contributors, ODbL 1.0"
304,1148.65,2375.34,2.0679,2293.71,1.9969,0,0,0,0,0,0,2281.92,2106.34,93.42,187.37,0.0,19.104439,72.831336,19.095374,72.836577,"Map data from OpenStreetMap contributors, ODbL 1.0"
305,747.42,4137.17,5.5353,1332.51,1.7828,0,0,0,0,0,0,4041.04,1152.0,96.12,180.52,0.0,19.104771,72.835266,19.103258,72.828335,"Map data from OpenStreetMap contributors, ODbL 1.0"
306,251.88,368.24,1.4619,881.79,3.5008,0,0,0,0,0,0,279.66,740.12,88.58,141.67,0.1723,19.101971,72.826278,19.100449,72.828054,"Map data from OpenStreetMap contributors, ODbL 1.0"
307,1793.91,2879.37,1.6051,3064.88,1.7085,0,0,1,0,0,0,2783.22,2968.74,96.14,96.14,0.0337,19.105539,72.848303,19.1182,72.837721,"Map data from OpenStreetMap contributors, ODbL 1.0"
308,1101.13,1626.39,1.477,2230.62,2.0258,1,0,0,0,0,0,1538.29,2142.51,88.1,88.1,0.008,19.108106,72.83769,19.10464,72.827872,"Map data from OpenStreetMap contributors, ODbL 1.0"
309,457.08,2008.12,4.3934,552.66,1.2091,0,0,0,0,0,0,1916.5,424.26,91.62,128.39,0.6058,19.095776,72.826142,19.099694,72.827458,"Map data from OpenStreetMap contributors, ODbL 1.0"
310,629.06,882.64,1.4031,884.2,1.4056,0,0,0,0,0,0,840.08,841.63,42.57,42.57,0.0,19.113263,72.831498,19.118594,72.829494,"Map data from OpenStreetMap contributors, ODbL 1.0"
311,1145.19,1533.59,1.3392,1674.64,1.4623,0,0,1,0,0,0,1464.18,1605.22,69.41,69.41,0.0,19.110769,72.841762,19.114496,72.831601,"Map data from OpenStreetMap contributors, ODbL 1.0"
312,1157.02,1533.23,1.3252,1533.23,1.3252,0,0,2,0,0,0,1483.57,1483.57,49.66,49.66,0.0,19.112052,72.84132,19.106879,72.831765,"Map data from OpenStreetMap contributors, ODbL 1.0"
313,1536.11,1969.35,1.282,2260.39,1.4715,0,0,4,0,0,0,1840.84,2121.71,128.51,138.68,0.0497,19.103924,72.833172,19.117281,72.836901,"Map data from OpenStreetMap contributors, ODbL 1.0"
314,1047.8,1555.6,1.4846,2346.9,2.2398,0,0,0,0,0,0,1523.89,2141.86,31.71,205.04,0.0743,19.100504,72.840239,19.093319,72.833788,"Map data from OpenStreetMap contributors, ODbL 1.0"
315,1341.76,1522.07,1.1344,2269.13,1.6912,1,0,0,0,0,0,1344.17,2091.23,177.9,177.9,0.0,19.106402,72.836977,19.117743,72.832618,"Map data from OpenStreetMap contributors, ODbL 1.0"
316,1261.94,1513.22,1.1991,1708.57,1.3539,0,0,0,0,0,0,1422.48,1617.84,90.73,90.73,0.0,19.110836,72.840767,19.099523,72.841713,"Map data from OpenStreetMap contributors, ODbL 1.0"
317,1455.75,2286.89,1.5709,2322.99,1.5957,1,0,4,0,0,0,2243.55,2279.65,43.34,43.34,0.0,19.117058,72.837554,19.114333,72.824002,"Map data from OpenStreetMap contributors, ODbL 1.0"
318,341.47,5494.6,16.0909,527.08,1.5435,3,0,0,0,0,0,5386.92,410.06,107.69,117.02,0.0,19.097247,72.82767,19.094348,72.828742,"Map data from OpenStreetMap contributors, ODbL 1.0"
319,933.65,1226.91,1.3141,1387.87,1.4865,0,0,0,0,0,0,1188.22,1349.18,38.69,38.69,0.0,19.110336,72.83555,19.102287,72.838077,"Map data from OpenStreetMap contributors, ODbL 1.0"
320,1670.67,2395.58,1.4339,2487.3,1.4888,2,0,1,0,0,0,2308.32,2352.98,87.26,134.32,0.0,19.103284,72.842085,19.101617,72.826283,"Map data from OpenStreetMap contributors, ODbL 1.0"
321,482.94,1497.03,3.0998,1473.23,3.0506,0,0,0,0,0,0,1423.64,1378.98,73.39,94.25,0.0,19.092462,72.849753,19.095786,72.846794,"Map data from OpenStreetMap contributors, ODbL 1.0"
322,1685.26,2702.19,1.6034,3524.52,2.0914,0,0,0,0,0,0,2589.94,3412.27,112.25,112.25,0.0362,19.110422,72.847872,19.107869,72.832061,"Map data from OpenStreetMap contributors, ODbL 1.0"
323,279.27,392.96,1.4071,392.96,1.4071,1,0,0,0,0,0,281.97,281.97,111.0,111.0,0.0,19.103854,72.829015,19.106074,72.827772,"Map data from OpenStreetMap contributors, ODbL 1.0"
324,1160.51,1873.48,1.6144,1992.14,1.7166,0,0,0,0,0,0,1737.16,1855.81,136.33,136.33,0.0,19.100787,72.845053,19.091626,72.839762,"Map data from OpenStreetMap contributors, ODbL 1.0"
325,1039.64,1580.27,1.52,1960.8,1.886,0,0,0,0,0,0,1563.85,1944.39,16.41,16.41,0.0081,19.116325,72.847539,19.116508,72.837646,"Map data from OpenStreetMap contributors, ODbL 1.0"
326,886.24,1512.55,1.7067,2142.26,2.4173,0,0,0,0,0,0,1412.65,2021.83,99.91,120.44,0.0,19.094169,72.838204,19.086376,72.836438,"Map data from OpenStreetMap contributors, ODbL 1.0"
327,1472.59,2135.19,1.45,2191.18,1.488,0,0,0,0,0,0,2091.47,2147.46,43.72,43.72,0.0,19.087878,72.834854,19.096964,72.845049,"Map data from OpenStreetMap contributors, ODbL 1.0"
328,503.79,5311.12,10.5424,752.19,1.4931,3,0,0,0,0,0,5054.64,403.25,256.48,348.95,0.0,19.093392,72.829777,19.088865,72.829578,"Map data from OpenStreetMap contributors, ODbL 1.0"
329,1341.25,4410.21,3.2881,1760.06,1.3123,3,0,0,0,0,0,4319.56,1617.56,90.65,142.5,0.0,19.108435,72.825171,19.096904,72.828918,"Map data from OpenStreetMap contributors, ODbL 1.0"
330,974.09,1457.52,1.4963,1438.16,1.4764,0,0,0,0,0,0,1305.45,1155.71,152.07,282.46,0.2666,19.117319,72.827097,19.109901,72.822165,"Map data from OpenStreetMap contributors, ODbL 1.0"
331,1171.9,1553.7,1.3258,1726.01,1.4728,0,0,0,0,0,0,1460.49,1632.8,93.21,93.21,0.0,19.102119,72.838278,19.112632,72.839065,"Map data from OpenStreetMap contributors, ODbL 1.0"
332,1309.87,1638.3,1.2507,1973.11,1.5063,0,0,0,0,0,0,1598.06,1932.87,40.24,40.24,0.0,19.111264,72.850305,19.106278,72.83901,"Map data from OpenStreetMap contributors, ODbL 1.0"
333,706.32,1295.63,1.8343,2779.86,3.9357,0,0,0,0,0,0,1233.74,2708.62,61.89,71.24,0.0,19.101252,72.848249,19.098182,72.854134,"Map data from OpenStreetMap contributors, ODbL 1.0"
334,1713.84,2479.36,1.4467,2479.36,1.4467,1,0,3,0,0,0,2429.8,2429.8,49.56,49.56,0.0,19.110363,72.83217,19.095384,72.828326,"Map data from OpenStreetMap contributors, ODbL 1.0"
335,237.31,3050.29,12.8534,449.33,1.8934,1,0,0,0,0,0,2928.38,283.21,121.91,166.11,0.3965,19.092256,72.827724,19.094207,72.826807,"Map data from OpenStreetMap contributors, ODbL 1.0"
336,1487.69,2370.52,1.5934,2379.5,1.5995,0,0,0,0,0,0,2274.91,2283.89,95.61,95.61,0.0,19.118016,72.827906,19.119889,72.841926,"Map data from OpenStreetMap contributors, ODbL 1.0"
337,563.33,1351.23,2.3987,2026.66,3.5977,0,0,0,0,0,0,1255.24,1930.66,96.0,96.0,0.0849,19.093279,72.843766,19.096623,72.83974,"Map data from OpenStreetMap contributors, ODbL 1.0"
338,974.05,1944.59,1.9964,1942.39,1.9942,0,0,0,0,0,0,1882.53,1880.33,62.07,62.07,0.0,19.118148,72.829498,19.120464,72.838439,"Map data from OpenStreetMap contributors, ODbL 1.0"
339,1090.0,1512.3,1.3874,1541.54,1.4143,2,0,0,0,0,0,1448.66,1477.9,63.64,63.64,0.0,19.108639,72.832706,19.113638,72.84163,"Map data from OpenStreetMap contributors, ODbL 1.0"
340,1147.43,1466.04,1.2777,2246.69,1.958,0,0,0,0,0,0,1433.06,2213.71,32.98,32.98,0.0,19.110928,72.836,19.101088,72.839287,"Map data from OpenStreetMap contributors, ODbL 1.0"
341,767.43,1521.91,1.9831,1545.99,2.0145,0,0,0,0,0,0,1462.57,1453.51,59.34,92.48,0.0,19.08827,72.840744,19.094973,72.842484,"Map data from OpenStreetMap contributors, ODbL 1.0"
342,1627.22,1902.45,1.1691,2237.82,1.3752,0,0,0,0,0,0,1818.68,2154.05,83.78,83.78,0.0,19.100585,72.842702,19.107715,72.829178,"Map data from OpenStreetMap contributors, ODbL 1.0"
343,311.68,427.52,1.3717,427.52,1.3717,0,0,0,0,0,0,349.2,349.2,78.32,78.32,0.0,19.102522,72.848383,19.101944,72.851285,"Map data from OpenStreetMap contributors, ODbL 1.0"
344,233.24,3973.45,17.036,317.87,1.3628,1,0,0,0,0,0,3885.3,205.94,88.15,111.93,0.4412,19.090188,72.826999,19.088327,72.828022,"Map data from OpenStreetMap contributors, ODbL 1.0"
345,688.69,1112.4,1.6152,1272.11,1.8472,1,0,1,0,0,0,1069.18,1228.89,43.22,43.22,0.0,19.115507,72.834127,19.113066,72.828102,"Map data from OpenStreetMap contributors, ODbL 1.0"
346,682.79,1030.07,1.5086,1030.07,1.5086,0,0,0,0,0,0,986.53,986.53,43.53,43.53,0.0,19.09058,72.840913,19.0945,72.845915,"Map data from OpenStreetMap contributors, ODbL 1.0"
347,705.91,881.8,1.2492,903.33,1.2797,0,0,0,0,0,0,838.67,860.2,43.13,43.13,0.0,19.114626,72.833002,19.110683,72.838267,"Map data from OpenStreetMap contributors, ODbL 1.0"
348,1668.77,3810.24,2.2833,2898.19,1.7367,0,0,0,0,0,0,3773.12,2841.76,37.11,56.43,0.0,19.098426,72.828076,19.109171,72.839164,"Map data from OpenStreetMap contributors, ODbL 1.0"
349,289.27,725.69,2.5087,749.68,2.5916,0,0,0,0,0,0,635.3,653.88,90.39,95.8,0.0,19.106351,72.838188,19.107804,72.840472,"Map data from OpenStreetMap contributors, ODbL 1.0"
350,1691.13,2100.85,1.2423,2111.41,1.2485,0,0,0,0,0,0,2041.96,2052.53,58.88,58.88,0.0,19.110728,72.842296,19.09552,72.842355,"Map data from OpenStreetMap contributors, ODbL 1.0"
351,1593.97,2372.74,1.4886,2611.99,1.6387,2,0,0,0,0,0,2303.7,2514.29,69.04,97.7,0.0,19.095219,72.840184,19.102803,72.827311,"Map data from OpenStreetMap contributors, ODbL 1.0"
352,751.19,5431.97,7.2311,5533.6,7.3664,3,0,0,0,0,0,5278.21,5379.84,153.77,153.77,0.0,19.08932,72.828936,19.088032,72.835954,"Map data from OpenStreetMap contributors, ODbL 1.0"
353,730.14,1048.92,1.4366,1049.99,1.4381,0,0,0,0,0,0,944.65,945.72,104.27,104.27,0.0,19.086944,72.837751,19.090594,72.831975,"Map data from OpenStreetMap contributors, ODbL 1.0"
354,345.3,477.92,1.3841,477.92,1.3841,0,0,0,0,0,0,428.01,428.01,49.91,49.91,0.0,19.108287,72.826879,19.105579,72.828486,"Map data from OpenStreetMap contributors, ODbL 1.0"
355,845.9,3540.77,4.1858,2545.71,3.0095,2,0,0,0,0,0,3409.25,2364.26,131.52,181.45,0.0,19.103441,72.82897,19.095835,72.8288,"Map data from OpenStreetMap contributors, ODbL 1.0"
356,1550.15,2039.76,1.3158,2525.47,1.6292,0,0,0,0,0,0,1893.85,2379.56,145.91,145.91,0.0495,19.107233,72.845889,19.093348,72.847201,"Map data from OpenStreetMap contributors, ODbL 1.0"
357,741.73,5640.26,7.6042,2366.18,3.1901,3,0,0,0,0,0,5435.21,2032.2,205.05,333.98,0.0,19.087858,72.828802,19.094377,72.830296,"Map data from OpenStreetMap contributors, ODbL 1.0"
358,549.81,616.31,1.1209,616.31,1.1209,0,0,0,0,0,0,591.17,591.17,25.14,25.14,0.0,19.113196,72.837223,19.108262,72.83757,"Map data from OpenStreetMap contributors, ODbL 1.0"
359,1631.82,2495.92,1.5295,3394.69,2.0803,0,0,0,0,0,0,2455.61,3351.32,40.32,43.36,0.049,19.112982,72.847129,19.1004,72.839136,"Map data from OpenStreetMap contributors, ODbL 1.0"
360,1269.06,2034.43,1.6031,2476.08,1.9511,0,0,0,0,0,0,1949.72,2390.05,84.71,86.03,0.0546,19.092917,72.838657,19.096031,72.850276,"Map data from OpenStreetMap contributors, ODbL 1.0"
361,1213.44,2298.41,1.8941,3135.04,2.5836,2,0,0,0,0,0,2209.71,2917.88,88.7,217.16,0.5254,19.102675,72.834353,19.094492,72.826713,"Map data from OpenStreetMap contributors, ODbL 1.0"
362,1583.13,2417.52,1.5271,2541.07,1.6051,1,0,3,0,0,0,2305.32,2428.86,112.2,112.2,0.0,19.104134,72.84278,19.117176,72.836735,"Map data from OpenStreetMap contributors, ODbL 1.0"
363,1386.89,2488.41,1.7942,2543.65,1.8341,0,0,0,0,0,0,2401.15,2370.3,87.27,173.35,0.0,19.106583,72.829577,19.096735,72.837677,"Map data from OpenStreetMap contributors, ODbL 1.0"
364,386.03,628.88,1.6291,1190.89,3.0849,0,0,0,0,0,0,519.58,1081.59,109.3,109.3,0.0,19.104446,72.838244,19.107895,72.838663,"Map data from OpenStreetMap contributors, ODbL 1.0"
365,1466.17,3166.14,2.1595,3252.8,2.2186,2,0,1,0,0,0,3068.54,3155.2,97.6,97.6,0.0,19.098864,72.828502,19.103607,72.841522,"Map data from OpenStreetMap contributors, ODbL 1.0"
366,1047.56,1850.74,1.7667,2046.77,1.9539,0,0,0,0,0,0,1778.16,1974.19,72.58,72.58,0.0527,19.103684,72.846358,19.110766,72.839782,"Map data from OpenStreetMap contributors, ODbL 1.0"
367,547.32,5200.89,9.5025,5200.89,9.5025,3,0,0,0,0,0,4999.31,4999.31,201.58,201.58,0.0,19.092491,72.835122,19.09056,72.830331,"Map data from OpenStreetMap contributors, ODbL 1.0"
368,234.55,323.08,1.3774,501.73,2.1391,1,0,1,0,0,0,300.15,478.8,22.93,22.93,0.0,19.114076,72.83555,19.115208,72.837434,"Map data from OpenStreetMap contributors, ODbL 1.0"
369,1091.24,1540.53,1.4117,1958.38,1.7946,0,0,0,0,0,0,1443.49,1861.35,97.04,97.04,0.0738,19.104659,72.847884,19.099011,72.839391,"Map data from OpenStreetMap contributors, ODbL 1.0"
370,1485.22,1643.92,1.1068,1643.92,1.1068,0,0,1,0,0,0,1615.04,1615.04,28.87,28.87,0.0,19.106953,72.832401,19.120098,72.829894,"Map data from OpenStreetMap contributors, ODbL 1.0"
371,888.65,2281.45,2.5673,1224.84,1.3783,0,0,0,0,0,0,2163.59,1037.25,117.86,187.59,0.0,19.092706,72.838863,19.100623,72.83771,"Map data from OpenStreetMap contributors, ODbL 1.0"
372,837.27,1388.86,1.6588,1591.91,1.9013,0,0,0,0,0,0,1361.57,1564.63,27.28,27.28,0.0689,19.108816,72.847226,19.107904,72.839316,"Map data from OpenStreetMap contributors, ODbL 1.0"
373,1457.85,2086.77,1.4314,2276.55,1.5616,0,0,1,0,0,0,2013.07,2202.85,73.7,73.7,0.0466,19.106142,72.851183,19.104065,72.837483,"Map data from OpenStreetMap contributors, ODbL 1.0"
374,1168.51,1678.99,1.4369,1770.15,1.5149,0,0,2,0,0,0,1548.38,1639.54,130.61,130.61,0.0,19.10786,72.829502,19.115842,72.836736,"Map data from OpenStreetMap contributors, ODbL 1.0"
375,304.31,419.02,1.377,675.98,2.2214,0,0,0,0,0,0,399.13,598.13,19.89,77.85,0.0,19.112861,72.840825,19.110133,72.841058,"Map data from OpenStreetMap contributors, ODbL 1.0"
376,720.44,1224.06,1.6991,1224.06,1.6991,0,0,0,0,0,0,1104.03,1104.03,120.03,120.03,0.0,19.114457,72.842315,19.118538,72.836989,"Map data from OpenStreetMap contributors, ODbL 1.0"
377,1808.22,2372.95,1.3123,2389.4,1.3214,0,0,0,0,0,0,2257.79,2274.24,115.16,115.16,0.0,19.105602,72.837177,19.089371,72.836133,"Map data from OpenStreetMap contributors, ODbL 1.0"
378,241.55,417.89,1.73,672.18,2.7828,1,0,0,0,0,0,382.13,636.42,35.76,35.76,0.0,19.111241,72.828317,19.112641,72.830075,"Map data from OpenStreetMap contributors, ODbL 1.0"
379,1668.25,2745.42,1.6457,3133.24,1.8782,0,0,0,0,0,0,2666.28,3054.1,79.13,79.13,0.0352,19.097468,72.846802,19.11036,72.838681,"Map data from OpenStreetMap contributors, ODbL 1.0"
380,854.48,1770.57,2.0721,1973.55,2.3096,0,0,0,0,0,0,1728.25,1931.24,42.32,42.32,0.0542,19.111586,72.840598,19.108858,72.848201,"Map data from OpenStreetMap contributors, ODbL 1.0"
381,990.86,1460.16,1.4736,1480.16,1.4938,0,0,0,0,0,0,1402.02,1422.02,58.14,58.14,0.0,19.111445,72.838732,19.102539,72.839058,"Map data from OpenStreetMap contributors, ODbL 1.0"
382,538.83,862.91,1.6014,878.8,1.6309,2,0,0,0,0,0,803.08,818.97,59.83,59.83,0.0,19.10897,72.839809,19.112857,72.842872,"Map data from OpenStreetMap contributors, ODbL 1.0"
383,1189.15,1391.07,1.1698,1373.35,1.1549,0,0,0,0,0,0,1361.21,1293.95,29.86,79.4,0.0,19.118723,72.828221,19.108976,72.832878,"Map data from OpenStreetMap contributors, ODbL 1.0"
384,583.86,753.55,1.2906,874.0,1.4969,0,0,4,0,0,0,655.6,776.06,97.94,97.94,0.0,19.113437,72.830605,19.116973,72.834713,"Map data from OpenStreetMap contributors, ODbL 1.0"
385,1001.86,1378.36,1.3758,1378.36,1.3758,0,0,0,0,0,0,1328.31,1328.31,50.05,50.05,0.0,19.101147,72.845183,19.093974,72.850953,"Map data from OpenStreetMap contributors, ODbL 1.0"
386,474.05,608.0,1.2826,909.5,1.9186,0,0,0,0,0,0,465.38,573.94,142.62,335.56,0.0,19.100408,72.83768,19.101884,72.833447,"Map data from OpenStreetMap contributors, ODbL 1.0"
387,902.18,1221.21,1.3536,1265.7,1.4029,1,0,0,0,0,0,1020.71,1065.2,200.5,200.5,0.0,19.118579,72.831617,19.111378,72.827662,"Map data from OpenStreetMap contributors, ODbL 1.0"
388,1099.65,1691.62,1.5383,1869.04,1.6997,2,0,0,0,0,0,1574.59,1752.01,117.03,117.03,0.0,19.105553,72.835688,19.113004,72.84257,"Map data from OpenStreetMap contributors, ODbL 1.0"
389,1475.16,1949.81,1.3218,1949.81,1.3218,0,0,2,0,0,0,1864.98,1864.98,84.83,84.83,0.0,19.111018,72.834219,19.099577,72.841326,"Map data from OpenStreetMap contributors, ODbL 1.0"
390,1753.3,2617.01,1.4926,3063.6,1.7473,0,0,0,0,0,0,2516.2,2951.29,100.82,112.32,0.2287,19.115203,72.840792,19.099769,72.844209,"Map data from OpenStreetMap contributors, ODbL 1.0"
391,647.12,1038.11,1.6042,1292.4,1.9972,1,0,0,0,0,0,1011.98,1266.27,26.13,26.13,0.0,19.112621,72.826232,19.112579,72.832391,"Map data from OpenStreetMap contributors, ODbL 1.0"
392,527.05,770.58,1.4621,823.5,1.5625,0,0,0,0,0,0,666.28,719.2,104.3,104.3,0.0,19.11179,72.831143,19.116502,72.830596,"Map data from OpenStreetMap contributors, ODbL 1.0"
393,1373.46,1653.87,1.2042,1720.11,1.2524,0,0,0,0,0,0,1612.06,1616.64,41.81,103.47,0.0057,19.099046,72.84845,19.110316,72.8538,"Map data from OpenStreetMap contributors, ODbL 1.0"
394,1552.26,2003.12,1.2905,1863.91,1.2008,0,0,0,0,0,0,1913.46,1795.02,89.67,68.89,0.0643,19.113393,72.851221,19.099908,72.855043,"Map data from OpenStreetMap contributors, ODbL 1.0"
395,1710.21,2201.16,1.2871,2211.03,1.2928,0,0,0,0,0,0,2176.89,2186.76,24.27,24.27,0.0,19.103094,72.835342,19.117502,72.841036,"Map data from OpenStreetMap contributors, ODbL 1.0"
396,1620.12,2025.9,1.2505,2072.43,1.2792,1,0,4,0,0,0,1823.74,1865.42,202.16,207.01,0.0,19.117971,72.83425,19.104237,72.829102,"Map data from OpenStreetMap contributors, ODbL 1.0"
397,1541.89,1920.79,1.2457,2181.37,1.4147,0,0,0,0,0,0,1906.85,2167.43,13.94,13.94,0.0,19.095516,72.842681,19.109332,72.841433,"Map data from OpenStreetMap contributors, ODbL 1.0"
398,1750.8,2249.11,1.2846,2716.73,1.5517,1,0,0,0,0,0,2087.68,2435.17,161.43,281.56,0.2984,19.109507,72.8228,19.094335,72.827253,"Map data from OpenStreetMap contributors, ODbL 1.0"
399,1706.73,2358.16,1.3817,2443.54,1.4317,1,0,1,0,0,0,2305.33,2390.71,52.83,52.83,0.0,19.11032,72.841257,19.11306,72.825273,"Map data from OpenStreetMap contributors, ODbL 1.0"
400,1662.16,2783.11,1.6744,2815.26,1.6937,1,0,0,0,0,0,2663.82,2695.96,119.29,119.29,0.0,19.112124,72.824523,19.105279,72.838588,"Map data from OpenStreetMap contributors, ODbL 1.0"
401,952.61,1783.53,1.8723,1765.85,1.8537,1,0,1,0,0,0,1712.02,1686.4,71.51,79.44,0.0,19.116057,72.831888,19.115792,72.822826,"Map data from OpenStreetMap contributors, ODbL 1.0"
402,507.42,876.18,1.7267,882.84,1.7398,0,0,0,0,0,0,846.05,852.71,30.13,30.13,0.0,19.114741,72.831923,19.110257,72.832822,"Map data from OpenStreetMap contributors, ODbL 1.0"
403,1650.48,2144.58,1.2994,2447.01,1.4826,0,0,0,0,0,0,2087.04,2389.47,57.54,57.54,0.051,19.10648,72.852785,19.098639,72.839447,"Map data from OpenStreetMap contributors, ODbL 1.0"
404,591.11,833.08,1.4093,801.96,1.3567,0,0,0,0,0,0,807.37,661.07,25.7,140.89,0.0,19.102115,72.833832,19.106925,72.836226,"Map data from OpenStreetMap contributors, ODbL 1.0"
405,955.38,1920.44,2.0101,1928.62,2.0187,1,0,4,0,0,0,1730.5,1738.67,189.95,189.95,0.0,19.117914,72.834472,19.115087,72.825885,"Map data from OpenStreetMap contributors, ODbL 1.0"
406,1604.83,2099.44,1.3082,2495.78,1.5552,2,0,0,0,0,0,1994.16,2390.49,105.28,105.28,0.0,19.115346,72.842349,19.103169,72.834149,"Map data from OpenStreetMap contributors, ODbL 1.0"
407,303.05,583.29,1.9247,742.47,2.45,0,0,3,0,0,0,470.94,630.12,112.35,112.35,0.0,19.114488,72.83613,19.117206,72.835918,"Map data from OpenStreetMap contributors, ODbL 1.0"
408,1151.86,3467.03,3.0099,1425.28,1.2374,0,0,0,0,0,0,3381.28,1291.67,85.75,133.61,0.0,19.090586,72.845016,19.091407,72.834088,"Map data from OpenStreetMap contributors, ODbL 1.0"
409,449.1,808.97,1.8013,808.97,1.8013,0,0,0,0,0,0,759.72,759.72,49.25,49.25,0.0,19.118344,72.839342,19.116758,72.843273,"Map data from OpenStreetMap contributors, ODbL 1.0"
410,1932.51,5098.26,2.6381,4177.74,2.1618,0,0,0,0,0,0,5063.72,4105.09,34.54,72.65,0.021,19.090351,72.843894,19.09768,72.827218,"Map data from OpenStreetMap contributors, ODbL 1.0"
411,380.33,2022.11,5.3167,2563.6,6.7404,2,0,0,0,0,0,1997.75,2539.24,24.36,24.36,0.0,19.112001,72.846718,19.110406,72.843516,"Map data from OpenStreetMap contributors, ODbL 1.0"
412,1008.54,1150.43,1.1407,2797.69,2.774,0,0,0,0,0,0,1097.38,2694.73,53.06,102.96,0.0,19.097203,72.853147,19.091344,72.845821,"Map data from OpenStreetMap contributors, ODbL 1.0"
413,755.46,1310.95,1.7353,1327.97,1.7578,0,0,0,0,0,0,1253.13,1270.15,57.82,57.82,0.0,19.094323,72.842763,19.091016,72.836483,"Map data from OpenStreetMap contributors, ODbL 1.0"
414,359.24,768.28,2.1386,768.28,2.1386,0,0,0,0,0,0,686.66,686.66,81.62,81.62,0.0,19.108621,72.824094,19.10543,72.824624,"Map data from OpenStreetMap contributors, ODbL 1.0"
415,1149.66,1831.68,1.5932,1832.02,1.5935,0,0,1,0,0,0,1792.82,1793.16,38.86,38.86,0.0,19.104457,72.841915,19.109115,72.832146,"Map data from OpenStreetMap contributors, ODbL 1.0"
416,601.06,1027.36,1.7092,1027.36,1.7092,0,0,0,0,0,0,910.91,910.91,116.45,116.45,0.0,19.115246,72.839034,19.11485,72.833329,"Map data from OpenStreetMap contributors, ODbL 1.0"
417,1047.11,2288.81,2.1858,2836.87,2.7092,2,0,0,0,0,0,2244.03,2792.09,44.77,44.77,0.0,19.111805,72.847086,19.111054,72.837151,"Map data from OpenStreetMap contributors, ODbL 1.0"
418,267.38,371.61,1.3899,371.61,1.3899,0,0,0,0,0,0,305.61,305.61,66.0,66.0,0.0,19.116378,72.832985,19.116069,72.835509,"Map data from OpenStreetMap contributors, ODbL 1.0"
419,638.25,1350.16,2.1154,1705.12,2.6715,0,0,0,0,0,0,1327.39,1626.77,22.77,78.35,0.1192,19.120413,72.839827,19.11522,72.837241,"Map data from OpenStreetMap contributors, ODbL 1.0"
420,269.59,483.95,1.7951,500.42,1.8562,0,0,0,0,0,0,439.87,456.34,44.08,44.08,0.0,19.100721,72.852843,19.10256,72.85117,"Map data from OpenStreetMap contributors, ODbL 1.0"
421,1187.14,1597.54,1.3457,1790.85,1.5085,0,0,0,0,0,0,1529.02,1722.34,68.52,68.52,0.0613,19.101135,72.846526,19.109507,72.839515,"Map data from OpenStreetMap contributors, ODbL 1.0"
422,1248.68,2298.3,1.8406,5042.22,4.038,0,0,0,0,0,0,2186.23,4863.03,112.07,179.19,0.0,19.093545,72.829697,19.086753,72.83916,"Map data from OpenStreetMap contributors, ODbL 1.0"
423,386.19,1053.62,2.7282,1620.92,4.1972,0,0,0,0,0,0,968.81,1514.32,84.81,106.61,0.0,19.116922,72.837893,19.116886,72.834218,"Map data from OpenStreetMap contributors, ODbL 1.0"
424,1100.51,1758.39,1.5978,1653.26,1.5023,2,0,1,0,0,0,1633.89,1439.08,124.49,214.18,0.2515,19.100991,72.825423,19.104657,72.835152,"Map data from OpenStreetMap contributors, ODbL 1.0"
425,314.19,845.01,2.6895,846.86,2.6953,1,0,1,0,0,0,765.59,767.44,79.42,79.42,0.0,19.106882,72.825977,19.107484,72.828899,"Map data from OpenStreetMap contributors, ODbL 1.0"
426,1603.98,2309.27,1.4397,2419.96,1.5087,0,0,0,0,0,0,2264.58,2375.27,44.69,44.69,0.0546,19.103457,72.836742,19.105496,72.851854,"Map data from OpenStreetMap contributors, ODbL 1.0"
427,896.51,1656.46,1.8477,2129.33,2.3751,0,0,0,0,0,0,1538.79,2011.67,117.67,117.67,0.0609,19.108068,72.848742,19.114824,72.844085,"Map data from OpenStreetMap contributors, ODbL 1.0"
428,1677.68,3259.08,1.9426,4777.51,2.8477,2,0,0,0,0,0,3174.76,4693.18,84.33,84.33,0.0336,19.099414,72.82812,19.095278,72.843475,"Map data from OpenStreetMap contributors, ODbL 1.0"
429,1621.27,2943.11,1.8153,3541.75,2.1845,0,0,1,0,0,0,2864.82,3335.82,78.29,205.93,0.0327,19.110335,72.845801,19.101509,72.833519,"Map data from OpenStreetMap contributors, ODbL 1.0"
430,958.27,1145.41,1.1953,1169.0,1.2199,1,0,0,0,0,0,1100.43,1124.02,44.99,44.99,0.0,19.115356,72.826616,19.10904,72.832823,"Map data from OpenStreetMap contributors, ODbL 1.0"
431,486.23,1092.94,2.2478,1267.93,2.6077,2,0,0,0,0,0,988.91,1149.26,104.03,118.67,0.0,19.116477,72.839166,19.11234,72.840664,"Map data from OpenStreetMap contributors, ODbL 1.0"
432,458.09,1309.16,2.8578,1362.56,2.9744,0,0,0,0,0,0,1237.71,1291.11,71.44,71.44,0.0,19.105181,72.83767,19.105951,72.841953,"Map data from OpenStreetMap contributors, ODbL 1.0"
433,323.75,649.26,2.0055,649.26,2.0055,0,0,0,0,0,0,622.16,622.16,27.1,27.1,0.0,19.112311,72.849048,19.113729,72.851739,"Map data from OpenStreetMap contributors, ODbL 1.0"
434,803.73,1214.85,1.5115,1276.94,1.5888,0,0,0,0,0,0,1187.48,1249.58,27.36,27.36,0.0,19.103709,72.84182,19.108763,72.847289,"Map data from OpenStreetMap contributors, ODbL 1.0"
435,385.02,479.46,1.2453,479.46,1.2453,0,0,0,0,0,0,354.09,354.09,125.36,125.36,0.0,19.108155,72.832786,19.111273,72.831192,"Map data from OpenStreetMap contributors, ODbL 1.0"
436,988.56,1342.8,1.3583,1342.8,1.3583,3,0,1,0,0,0,1318.61,1318.61,24.19,24.19,0.0,19.105654,72.825332,19.105523,72.83474,"Map data from OpenStreetMap contributors, ODbL 1.0"
437,1913.71,2691.59,1.4065,2971.44,1.5527,0,0,0,0,0,0,2635.71,2912.84,55.87,58.6,0.2291,19.09595,72.84842,19.109265,72.83688,"Map data from OpenStreetMap contributors, ODbL 1.0"
438,431.0,492.75,1.1433,492.75,1.1433,0,0,0,0,0,0,419.15,419.15,73.61,73.61,0.0,19.091134,72.832885,19.087261,72.832729,"Map data from OpenStreetMap contributors, ODbL 1.0"
439,244.7,258.14,1.0549,256.98,1.0502,0,0,0,0,0,0,167.47,151.61,90.67,105.36,0.0,19.108041,72.838506,19.108601,72.836253,"Map data from OpenStreetMap contributors, ODbL 1.0"
440,495.97,1859.67,3.7496,680.86,1.3728,0,0,0,0,0,0,1781.68,488.14,77.99,192.72,0.0,19.088853,72.833543,19.093261,72.834267,"Map data from OpenStreetMap contributors, ODbL 1.0"
441,512.43,1226.98,2.3944,1710.29,3.3376,0,0,0,0,0,0,1193.39,1676.7,33.59,33.59,0.0,19.114618,72.842661,19.113022,72.847236,"Map data from OpenStreetMap contributors, ODbL 1.0"
442,1029.3,1812.14,1.7606,1668.99,1.6215,1,0,0,0,0,0,1678.05,1505.53,134.09,163.45,0.1283,19.116785,72.829828,19.111257,72.82197,"Map data from OpenStreetMap contributors, ODbL 1.0"
443,1333.38,1806.33,1.3547,1825.17,1.3688,2,0,0,0,0,0,1762.38,1781.23,43.94,43.94,0.0,19.107809,72.841267,19.119673,72.843112,"Map data from OpenStreetMap contributors, ODbL 1.0"
444,1045.24,1535.75,1.4693,3152.02,3.0156,0,0,0,0,0,0,1467.56,3083.83,68.19,68.19,0.087,19.101263,72.844027,19.09289,72.848548,"Map data from OpenStreetMap contributors, ODbL 1.0"
445,601.84,839.34,1.3946,1437.98,2.3893,0,0,0,0,0,0,738.06,1336.71,101.27,101.27,0.0123,19.108884,72.852746,19.103987,72.855185,"Map data from OpenStreetMap contributors, ODbL 1.0"
446,1161.14,2610.02,2.2478,1885.99,1.6243,0,0,0,0,0,0,2487.16,1713.39,122.86,172.6,0.0,19.088904,72.839628,19.091639,72.850292,"Map data from OpenStreetMap contributors, ODbL 1.0"
447,577.2,765.67,1.3265,765.67,1.3265,0,0,0,0,0,0,564.83,564.83,200.84,200.84,0.0,19.115656,72.828659,19.117899,72.833613,"Map data from OpenStreetMap contributors, ODbL 1.0"
448,1517.84,2368.15,1.5602,2862.24,1.8857,1,0,2,0,0,0,2340.43,2834.52,27.72,27.72,0.0401,19.105227,72.845291,19.116555,72.837231,"Map data from OpenStreetMap contributors, ODbL 1.0"
449,1176.18,1883.34,1.6012,2178.22,1.8519,0,0,1,0,0,0,1787.21,2082.08,96.13,96.13,0.0,19.100851,72.8504,19.110275,72.845317,"Map data from OpenStreetMap contributors, ODbL 1.0"
450,989.63,1370.2,1.3846,1557.89,1.5742,0,0,1,0,0,0,1322.63,1510.32,47.57,47.57,0.0,19.112919,72.831619,19.105253,72.836403,"Map data from OpenStreetMap contributors, ODbL 1.0"
451,578.25,721.32,1.2474,721.32,1.2474,0,0,0,0,0,0,637.74,637.74,83.59,83.59,0.0,19.101371,72.851712,19.101924,72.846239,"Map data from OpenStreetMap contributors, ODbL 1.0"
452,1804.88,2794.09,1.5481,2991.34,1.6574,0,0,0,0,0,0,2728.3,2882.32,65.79,109.02,0.0486,19.10985,72.853573,19.103976,72.837559,"Map data from OpenStreetMap contributors, ODbL 1.0"
453,555.26,826.3,1.4881,1020.69,1.8382,0,0,0,0,0,0,734.66,929.04,91.65,91.65,0.0,19.0961,72.850161,19.098043,72.845293,"Map data from OpenStreetMap contributors, ODbL 1.0"
454,648.84,867.3,1.3367,900.79,1.3883,0,0,1,0,0,0,815.99,849.48,51.31,51.31,0.0,19.114156,72.834332,19.118425,72.830122,"Map data from OpenStreetMap contributors, ODbL 1.0"
455,1193.46,1779.2,1.4908,2447.93,2.0511,0,0,0,0,0,0,1749.82,2368.46,29.38,79.47,0.0,19.09335,72.850451,19.088173,72.840502,"Map data from OpenStreetMap contributors, ODbL 1.0"
456,463.09,638.69,1.3792,638.93,1.3797,0,0,0,0,0,0,522.16,522.4,116.53,116.53,0.0,19.107817,72.832303,19.106645,72.828074,"Map data from OpenStreetMap contributors, ODbL 1.0"
457,237.7,338.06,1.4222,338.06,1.4222,0,0,0,0,0,0,304.85,304.85,33.21,33.21,0.0,19.112181,72.832713,19.1103,72.833788,"Map data from OpenStreetMap contributors, ODbL 1.0"
458,1518.12,2259.64,1.4885,2964.44,1.9527,0,0,0,0,0,0,2177.46,2733.83,82.18,230.62,0.0,19.105452,72.841168,19.093249,72.834691,"Map data from OpenStreetMap contributors, ODbL 1.0"
459,267.86,597.3,2.2299,2197.83,8.2053,0,0,0,0,0,0,532.2,2095.95,65.1,101.89,0.0,19.115897,72.844127,19.116947,72.846421,"Map data from OpenStreetMap contributors, ODbL 1.0"
460,543.6,942.64,1.7341,942.64,1.7341,0,0,0,0,0,0,925.93,925.93,16.71,16.71,0.0,19.095077,72.847615,19.091651,72.843924,"Map data from OpenStreetMap contributors, ODbL 1.0"
461,745.95,2271.24,3.0448,1498.18,2.0084,0,0,0,0,0,0,2129.62,1266.81,141.62,231.37,0.0,19.100972,72.83744,19.094293,72.83811,"Map data from OpenStreetMap contributors, ODbL 1.0"
462,537.11,1769.51,3.2945,2255.23,4.1988,0,0,0,0,0,0,1704.79,2190.5,64.73,64.73,0.055,19.113593,72.845864,19.109921,72.849186,"Map data from OpenStreetMap contributors, ODbL 1.0"
463,1611.29,2175.73,1.3503,2927.61,1.8169,0,0,0,0,0,0,2095.9,2847.78,79.83,79.83,0.0,19.094836,72.851542,19.106483,72.842418,"Map data from OpenStreetMap contributors, ODbL 1.0"
464,704.41,1028.32,1.4598,1400.34,1.988,0,0,1,0,0,0,956.43,1328.46,71.88,71.88,0.0,19.106166,72.83199,19.10969,72.826419,"Map data from OpenStreetMap contributors, ODbL 1.0"
465,1144.83,1590.36,1.3892,2078.62,1.8157,0,0,0,0,0,0,1559.13,2047.39,31.23,31.23,0.0601,19.107106,72.843145,19.113568,72.851627,"Map data from OpenStreetMap contributors, ODbL 1.0"
466,1229.72,1927.87,1.5677,2108.67,1.7148,0,0,0,0,0,0,1860.53,2041.33,67.34,67.34,0.0504,19.102315,72.848132,19.10589,72.837057,"Map data from OpenStreetMap contributors, ODbL 1.0"
467,1618.13,3038.01,1.8775,3296.28,2.0371,3,0,0,0,0,0,2929.52,3187.79,108.49,108.49,0.0,19.104614,72.838241,19.093181,72.828714,"Map data from OpenStreetMap contributors, ODbL 1.0"
468,1425.24,2234.37,1.5677,2267.63,1.5911,0,0,0,0,0,0,2162.94,2196.2,71.43,71.43,0.0,19.087084,72.835961,19.096945,72.844626,"Map data from OpenStreetMap contributors, ODbL 1.0"
469,1752.12,3523.91,2.0112,3523.91,2.0112,2,0,0,0,0,0,3490.53,3490.53,33.38,33.38,0.0,19.091087,72.833486,19.104608,72.824923,"Map data from OpenStreetMap contributors, ODbL 1.0"
470,429.21,1848.53,4.3069,1584.99,3.6929,0,0,0,0,0,0,1718.56,1361.71,129.97,223.29,0.0,19.091579,72.837025,19.095424,72.836665,"Map data from OpenStreetMap contributors, ODbL 1.0"
471,1091.94,1693.1,1.5506,2413.78,2.2105,0,0,1,0,0,0,1530.44,2251.11,162.66,162.66,0.0,19.117387,72.836954,19.11417,72.846773,"Map data from OpenStreetMap contributors, ODbL 1.0"
472,396.46,639.26,1.6124,549.82,1.3868,0,0,0,0,0,0,535.84,436.08,103.42,113.74,0.0,19.102656,72.82622,19.106054,72.827363,"Map data from OpenStreetMap contributors, ODbL 1.0"
473,1017.18,1375.48,1.3522,2137.48,2.1014,2,0,0,0,0,0,1354.72,2116.73,20.76,20.76,0.0128,19.105743,72.839923,19.114563,72.837353,"Map data from OpenStreetMap contributors, ODbL 1.0"
474,1475.18,2862.28,1.9403,2902.76,1.9677,0,0,1,0,0,0,2791.42,2831.91,70.85,70.85,0.0,19.105095,72.832995,19.092007,72.835296,"Map data from OpenStreetMap contributors, ODbL 1.0"
475,1005.07,1188.43,1.1824,1188.43,1.1824,0,0,0,0,0,0,1153.28,1153.28,35.15,35.15,0.0,19.107734,72.833954,19.115771,72.829577,"Map data from OpenStreetMap contributors, ODbL 1.0"
476,1861.74,2611.29,1.4026,3077.26,1.6529,1,0,0,0,0,0,2516.69,2990.62,94.6,86.64,0.0,19.119529,72.829955,19.104981,72.838726,"Map data from OpenStreetMap contributors, ODbL 1.0"
477,900.22,1293.8,1.4372,1328.61,1.4759,2,0,0,0,0,0,1208.53,1243.33,85.27,85.27,0.0,19.110015,72.838806,19.116861,72.843379,"Map data from OpenStreetMap contributors, ODbL 1.0"
478,1048.12,1572.54,1.5003,1580.05,1.5075,0,0,1,0,0,0,1378.13,1323.97,194.4,256.09,0.1876,19.107896,72.832975,19.106948,72.82305,"Map data from OpenStreetMap contributors, ODbL 1.0"
479,607.23,894.93,1.4738,1009.33,1.6622,0,0,0,0,0,0,802.43,916.83,92.5,92.5,0.0,19.114151,72.824861,19.110738,72.829373,"Map data from OpenStreetMap contributors, ODbL 1.0"
480,496.14,846.33,1.7058,1195.42,2.4094,0,0,1,0,0,0,764.15,1113.23,82.18,82.18,0.0,19.106752,72.850308,19.110174,72.847278,"Map data from OpenStreetMap contributors, ODbL 1.0"
481,1456.82,2011.08,1.3805,2020.96,1.3872,2,0,0,0,0,0,1930.72,1940.6,80.36,80.36,0.0,19.109451,72.83154,19.113676,72.844666,"Map data from OpenStreetMap contributors, ODbL 1.0"
482,1267.47,1660.03,1.3097,1660.03,1.3097,1,0,0,0,0,0,1558.14,1558.14,101.89,101.89,0.0,19.111837,72.826981,19.105733,72.837169,"Map data from OpenStreetMap contributors, ODbL 1.0"
483,736.26,1172.69,1.5928,1198.94,1.6284,0,0,0,0,0,0,1051.54,1077.79,121.15,121.15,0.0,19.104663,72.841675,19.098704,72.83862,"Map data from OpenStreetMap contributors, ODbL 1.0"
484,242.04,748.17,3.0911,748.17,3.0911,0,0,0,0,0,0,674.22,674.22,73.95,73.95,0.0,19.104683,72.840584,19.102509,72.84046,"Map data from OpenStreetMap contributors, ODbL 1.0"
485,1421.59,1803.57,1.2687,2190.79,1.5411,0,0,0,0,0,0,1740.4,2127.63,63.17,63.17,0.0,19.092468,72.847701,19.088146,72.834968,"Map data from OpenStreetMap contributors, ODbL 1.0"
486,595.01,1561.77,2.6248,1947.71,3.2734,0,0,0,0,0,0,1509.79,1895.74,51.98,51.98,0.0706,19.094121,72.8412,19.094359,72.846857,"Map data from OpenStreetMap contributors, ODbL 1.0"
487,474.91,647.47,1.3633,647.47,1.3633,0,0,0,0,0,0,560.71,560.71,86.76,86.76,0.0,19.11589,72.838568,19.115145,72.834118,"Map data from OpenStreetMap contributors, ODbL 1.0"
488,898.28,1536.2,1.7102,1563.14,1.7402,1,0,1,0,0,0,1458.02,1484.96,78.18,78.18,0.0,19.107918,72.833229,19.106254,72.824863,"Map data from OpenStreetMap contributors, ODbL 1.0"
489,619.19,868.52,1.4027,1289.25,2.0822,0,0,0,0,0,0,791.68,1032.02,76.84,257.24,0.0,19.091567,72.841432,19.086022,72.840893,"Map data from OpenStreetMap contributors, ODbL 1.0"
490,718.51,1097.54,1.5275,1252.18,1.7427,0,0,0,0,0,0,1016.05,1170.68,81.49,81.49,0.0,19.109549,72.85037,19.103445,72.848124,"Map data from OpenStreetMap contributors, ODbL 1.0"
491,1448.56,1574.41,1.0869,1574.41,1.0869,0,0,0,0,0,0,1501.61,1501.61,72.81,72.81,0.0,19.115767,72.828155,19.117406,72.841833,"Map data from OpenStreetMap contributors, ODbL 1.0"
492,470.29,617.2,1.3124,617.2,1.3124,0,0,0,0,0,0,553.7,553.7,63.5,63.5,0.0,19.104361,72.849567,19.102376,72.845615,"Map data from OpenStreetMap contributors, ODbL 1.0"
493,1438.71,3990.19,2.7735,3691.75,2.566,0,0,0,0,0,0,3935.76,3548.6,54.43,143.15,0.0,19.090947,72.832431,19.103244,72.828172,"Map data from OpenStreetMap contributors, ODbL 1.0"
494,848.64,3053.69,3.5984,1273.09,1.5002,0,0,0,0,0,0,2963.04,1133.58,90.66,139.51,0.0,19.091145,72.845858,19.087163,72.838968,"Map data from OpenStreetMap contributors, ODbL 1.0"
495,1026.02,1694.68,1.6517,2058.28,2.0061,0,0,0,0,0,0,1530.99,1894.59,163.69,163.69,0.0,19.108748,72.845195,19.117634,72.842565,"Map data from OpenStreetMap contributors, ODbL 1.0"
496,434.72,541.03,1.2446,541.16,1.2449,0,0,0,0,0,0,450.54,450.67,90.49,90.49,0.0,19.105043,72.831993,19.107671,72.82893,"Map data from OpenStreetMap contributors, ODbL 1.0"
497,669.71,1060.37,1.5833,1088.15,1.6248,0,0,0,0,0,0,1022.04,1049.82,38.33,38.33,0.0,19.107197,72.829696,19.112295,72.83309,"Map data from OpenStreetMap contributors, ODbL 1.0"
498,562.5,1106.35,1.9668,1457.7,2.5915,0,0,0,0,0,0,1072.1,1423.45,34.25,34.25,0.0,19.109787,72.84004,19.108207,72.834954,"Map data from OpenStreetMap contributors, ODbL 1.0"
499,1133.89,1209.37,1.0666,1223.2,1.0788,0,0,0,0,0,0,1142.42,1156.25,66.95,66.95,0.0,19.103192,72.836688,19.113267,72.838357,"Map data from OpenStreetMap contributors, ODbL 1.0"
