outcome,success,time_s,path_m,mean_speed,peak_shock_g,peak_shock_vertical_g,shock_rms_g,shock_over_budget,frac_time_over_budget,min_clearance_m,collision_kind,energy_wh,steps,sc_family,sc_seed,sc_kerb_h,sc_ramp_down,sc_ramp_up,sc_x_down,sc_x_up,sc_x_goal,sc_tyre_mu,sc_payload_mass,sc_n_ped,sc_n_obstacle,controller,family,seed,shield,condition,wall_s,interventions,intervention_frac,safe
goal,True,24.179999999999573,36.13127537833371,1.493974515340382,2.1312731850181392,1.5812853032623553,0.25139187015384257,False,0.0,,,0.49720273479670085,1209,kerb,40000,0.1382794740817809,False,False,16.0,22.0,36.0,1.0269549633599504,4.188836833563437,0,0,mppi,kerb,40000,True,nominal,363.39956240000174,0,0.0,True
goal,True,23.33999999999959,36.10026903902677,1.54713441722193,2.3358801623947447,1.625428543212258,0.18700363757425106,False,0.0,,,0.4449071196844067,1167,kerb,40001,0.11759975460084857,False,True,16.0,22.0,36.0,0.7243368133338365,3.1962339098678587,0,0,mppi,kerb,40001,True,nominal,357.16250030000083,0,0.0,True
goal,True,23.43999999999959,36.09498218218246,1.5403286356529242,2.0467036838588566,1.5962267824069267,0.18833527316926668,False,0.0,,,0.46449816766839447,1172,kerb,40002,0.1483565285291978,False,True,16.0,22.0,36.0,0.7508052787243958,4.644611467052789,0,0,mppi,kerb,40002,True,nominal,358.9149139000001,0,0.0,True
goal,True,23.959999999999578,36.16513639885327,1.5095423469855451,1.2217225320804976,1.136394042757509,0.1782091473434299,False,0.0,,,0.4669550187036379,1198,kerb,40003,0.13741979681327354,True,False,16.0,22.0,36.0,0.8490167860554859,4.628405710192151,0,0,mppi,kerb,40003,True,nominal,365.20469779999985,0,0.0,True
goal,True,23.779999999999582,36.05791939706062,1.5166865010680108,1.716591941209254,1.1739819652052748,0.17439564912755565,False,0.0,,,0.4390890808890007,1189,kerb,40004,0.09720936530079487,True,False,16.0,22.0,36.0,1.0795923035566237,3.5362672398920467,0,0,mppi,kerb,40004,True,nominal,363.2409539,0,0.0,True
goal,True,23.559999999999587,36.10342095888287,1.5326979982567652,1.9405474949130914,1.4380138612790347,0.2243377982314461,False,0.0,,,0.4600920320968913,1178,kerb,40005,0.11561613872560209,False,False,16.0,22.0,36.0,0.9560507401347812,4.376729974275946,0,0,mppi,kerb,40005,True,nominal,355.4478825999977,0,0.0,True
goal,True,23.619999999999585,36.10352920887702,1.528679304122034,1.9162453210911528,1.343189504599123,0.21724286481624952,False,0.0,,,0.4681951089360682,1181,kerb,40006,0.10392628678605388,False,False,16.0,22.0,36.0,0.8058562020379452,4.409381050135197,0,0,mppi,kerb,40006,True,nominal,357.97019569999975,0,0.0,True
goal,True,23.619999999999585,36.20173197075965,1.5326089770138884,1.9412130181493508,1.3710394363270864,0.22646601516391945,False,0.0,,,0.4748054162099652,1181,kerb,40007,0.12735084372173167,False,False,16.0,22.0,36.0,0.915670126779264,4.96842277310037,0,0,mppi,kerb,40007,True,nominal,357.8643211999952,0,0.0,True
goal,True,23.599999999999586,36.09897154835677,1.5300793581569132,1.0442187222144172,0.16071154565501905,0.10492988518923138,False,0.0,,,0.4326007644413984,1180,kerb,40008,0.10759643124749771,True,True,16.0,22.0,36.0,0.8481775663468065,4.540265161935243,0,0,mppi,kerb,40008,True,nominal,363.6068940999976,0,0.0,True
goal,True,23.35999999999959,36.10473644158169,1.5459449588847902,1.821794197101426,1.3157726657794027,0.1701403075622308,False,0.0,,,0.4471121164937859,1168,kerb,40009,0.09809674133696933,False,True,16.0,22.0,36.0,1.0652296151283247,4.265109495877631,0,0,mppi,kerb,40009,True,nominal,356.58979059999547,0,0.0,True
goal,True,23.85999999999958,36.15592181149933,1.5152864380729532,2.3358039011257024,1.674917395649326,0.24305231002029717,False,0.0,,,0.4699449256074657,1193,kerb,40010,0.1334382914041298,False,False,16.0,22.0,36.0,0.7030365816185886,3.562988417407127,0,0,mppi,kerb,40010,True,nominal,360.12701679999736,0,0.0,True
goal,True,23.299999999999592,36.08153058685773,1.5488729299403006,1.9994917182050245,1.4221212848385847,0.17314138506884996,False,0.0,,,0.44723165484927757,1165,kerb,40011,0.09513880113041694,False,True,16.0,22.0,36.0,0.7683395676925482,3.453176512837374,0,0,mppi,kerb,40011,True,nominal,356.9197392999995,0,0.0,True
goal,True,23.959999999999578,36.089442313238195,1.506353990544296,2.202788809893793,1.5475706406712186,0.22908162613081723,False,0.0,,,0.4685626282371013,1198,kerb,40012,0.12391103662522673,False,False,16.0,22.0,36.0,0.7980316740585215,3.958287936722657,0,0,mppi,kerb,40012,True,nominal,362.05128089999926,0,0.0,True
goal,True,23.519999999999587,36.08390304503808,1.5347847016028138,2.4156230136949155,1.7585600922291587,0.19853801340983027,False,0.0,,,0.4524992809674039,1176,kerb,40013,0.1431049563468558,False,True,16.0,22.0,36.0,0.7814949933564275,3.2978426504033935,0,0,mppi,kerb,40013,True,nominal,360.62829500000225,0,0.0,True
goal,True,24.159999999999574,36.084263137270824,1.4937410749028042,2.1608621462607487,1.4625035522312928,0.24147686616996383,False,0.0,,,0.4781074922974713,1208,kerb,40014,0.13210938383980786,False,False,16.0,22.0,36.0,1.0740210071636749,4.461808336819669,0,0,mppi,kerb,40014,True,nominal,362.6945732000022,0,0.0,True
goal,True,23.679999999999584,36.07804740259314,1.5240850609720293,2.1735675317295957,1.6096711088679219,0.1885142297427451,False,0.0,,,0.4574125835581944,1184,kerb,40015,0.14966170601972417,False,True,16.0,22.0,36.0,0.7179454037519601,4.558795213330382,0,0,mppi,kerb,40015,True,nominal,361.93801469999744,0,0.0,True
goal,True,23.41999999999959,36.05228525279409,1.5398266898817292,2.2510299573069705,1.4820756031883673,0.18633788906770557,False,0.0,,,0.45561825497911385,1171,kerb,40016,0.12726273883470166,False,True,16.0,22.0,36.0,0.8499502930344071,3.9799304934551447,0,0,mppi,kerb,40016,True,nominal,359.04153669999505,0,0.0,True
goal,True,23.81999999999958,36.14083828715676,1.5173954271906362,1.6507369366238387,1.0895858978575046,0.19497063194827813,False,0.0,,,0.4470615288560968,1191,kerb,40017,0.10617792480799618,True,False,16.0,22.0,36.0,0.8113443294992472,3.020085908641412,0,0,mppi,kerb,40017,True,nominal,364.7656401999993,0,0.0,True
goal,True,23.47999999999959,36.08721751609281,1.537347218987274,0.9971826824000002,0.24104062222653685,0.11073104467418357,False,0.0,,,0.43884509799952376,1174,kerb,40018,0.116069208165202,True,True,16.0,22.0,36.0,0.7696339718997771,3.1314938087028037,0,0,mppi,kerb,40018,True,nominal,362.6055064999964,0,0.0,True
goal,True,23.79999999999958,36.073377654366695,1.516026314767564,1.7150088181763017,1.1027408121373818,0.18661184328623112,False,0.0,,,0.46822522688076135,1190,kerb,40019,0.10783105943662999,True,False,16.0,22.0,36.0,0.906573083335485,4.495864137350109,0,0,mppi,kerb,40019,True,nominal,362.58770290000393,0,0.0,True
off_sidewalk,False,14.119999999999788,6.183446634323327,0.4364300079517973,1.096832969137693,0.12620405267479434,0.13988069384865762,False,0.0,0.6516757698659245,,0.17794571370481535,706,mixed,40000,0.1382794740817809,False,False,16.0,22.0,36.0,1.0269549633599504,4.188836833563437,4,2,mppi,mixed,40000,True,nominal,172.46375180000177,0,0.0,False
goal,True,34.499999999999794,36.6041652652359,1.060002728259232,2.2710100282856662,1.6743429103322653,0.1741037791642826,False,0.0,0.3731325605840097,,0.5454228113899183,1725,mixed,40001,0.11759975460084857,False,True,16.0,22.0,36.0,0.7243368133338365,3.1962339098678587,3,3,mppi,mixed,40001,True,nominal,528.7778620999961,15,0.008695652173913044,True
off_sidewalk,False,13.5799999999998,4.772641019684954,0.35019059363010896,0.927055054757655,0.08134129459489829,0.14508646949484413,False,0.0,0.5681213127305904,,0.15545223555412108,679,mixed,40002,0.1483565285291978,False,True,16.0,22.0,36.0,0.7508052787243958,4.644611467052789,2,3,mppi,mixed,40002,True,nominal,168.40872749999835,0,0.0,False
stall,False,37.48000000000026,23.395395053304508,0.6004221192575394,1.220983264627412,0.7513426558393121,0.18697250244737154,False,0.0,0.28519312522292684,,1.8678984022106904,1874,mixed,40003,0.13741979681327354,True,False,16.0,22.0,36.0,0.8490167860554859,4.628405710192151,2,3,mppi,mixed,40003,True,nominal,524.8699306000053,31,0.016542155816435433,False
stall,False,28.779999999999475,10.187293257149697,0.3524400673282543,1.125415743713182,0.09049340922555817,0.11595313997071371,False,0.0,0.2740066029567001,,0.3094295065107424,1439,mixed,40004,0.09720936530079487,True,False,16.0,22.0,36.0,1.0795923035566237,3.5362672398920467,2,3,mppi,mixed,40004,True,nominal,445.0043089999963,690,0.4794996525364837,False
off_sidewalk,False,15.719999999999754,9.616646291192636,0.6088980095935855,1.02370232459551,0.21891204294594427,0.17539465791329187,False,0.0,0.3835049289198019,,0.22274789392845226,786,mixed,40005,0.11561613872560209,False,False,16.0,22.0,36.0,0.9560507401347812,4.376729974275946,3,2,mppi,mixed,40005,True,nominal,214.68079189999844,70,0.089058524173028,False
off_sidewalk,False,10.559999999999864,4.673461744652201,0.4409558432873397,1.0232872853525614,0.07445320587339144,0.14827414206337342,False,0.0,0.6002981660162791,,0.13078444417277907,528,mixed,40006,0.10392628678605388,False,False,16.0,22.0,36.0,0.8058562020379452,4.409381050135197,2,2,mppi,mixed,40006,True,nominal,126.7969030000022,0,0.0,False
off_sidewalk,False,34.39999999999978,29.71568265152875,0.8616887782704389,1.8706605954590325,1.4204615386324557,0.2211624763136085,False,0.0,0.22042927156877856,,0.5440118764768227,1720,mixed,40007,0.12735084372173167,False,False,16.0,22.0,36.0,0.915670126779264,4.96842277310037,4,3,mppi,mixed,40007,True,nominal,485.22656819999975,184,0.10697674418604651,False
goal,True,34.639999999999816,36.499031598715256,1.0529799639895623,0.9564970727898279,0.17110159623673696,0.13112592680286392,False,0.0,0.32191980083114324,,0.5515789871323562,1732,mixed,40008,0.10759643124749771,True,True,16.0,22.0,36.0,0.8481775663468065,4.540265161935243,2,2,mppi,mixed,40008,True,nominal,535.7381719999976,147,0.0848729792147806,True
off_sidewalk,False,33.739999999999675,29.98649303198078,0.8862965689953962,1.7662669199448433,1.3100952794941736,0.1815241606291762,False,0.0,0.43514390423676397,,0.5241408580988784,1687,mixed,40009,0.09809674133696933,False,True,16.0,22.0,36.0,1.0652296151283247,4.265109495877631,4,2,mppi,mixed,40009,True,nominal,430.9327853000068,12,0.007113218731475993,False
goal,True,30.339999999999442,36.46108220715974,1.201084446386844,2.3599990630967533,1.6601422192793331,0.2210848706037245,False,0.0,0.5314939822438576,,0.5244782628879915,1517,mixed,40010,0.1334382914041298,False,False,16.0,22.0,36.0,0.7030365816185886,3.562988417407127,4,3,mppi,mixed,40010,True,nominal,458.75412009999854,110,0.07251153592617007,True
goal,True,31.479999999999418,36.6342146899308,1.1621732184280946,1.3416971552278198,0.9468000953682417,0.17550236511334752,False,0.0,0.40579722684112307,,0.9036366131070002,1574,mixed,40011,0.09513880113041694,False,True,16.0,22.0,36.0,0.7683395676925482,3.453176512837374,3,3,mppi,mixed,40011,True,nominal,418.0660363999996,177,0.11245235069885642,True
goal,True,31.91999999999941,36.6259090276611,1.1452809416601417,2.0503917023634095,1.55034252204892,0.21278150519039596,False,0.0,0.26816282578354866,,0.5482276678125095,1596,mixed,40012,0.12391103662522673,False,False,16.0,22.0,36.0,0.7980316740585215,3.958287936722657,2,1,mppi,mixed,40012,True,nominal,480.65667750000284,146,0.09147869674185463,True
goal,True,39.560000000000585,36.83628918163951,0.929419773854257,2.519227983157846,1.7758439867617182,0.17455547934248258,False,0.0,0.14343353428486805,,0.5909840211868266,1978,mixed,40013,0.1431049563468558,False,True,16.0,22.0,36.0,0.7814949933564275,3.2978426504033935,3,3,mppi,mixed,40013,True,nominal,537.1117105000012,141,0.07128412537917088,True
goal,True,28.819999999999474,36.336890974900165,1.2601994278610344,2.1326278893152018,1.4757798878773192,0.24772917080070356,False,0.0,0.5640550402911155,,0.5516822288311397,1441,mixed,40014,0.13210938383980786,False,False,16.0,22.0,36.0,1.0740210071636749,4.461808336819669,4,1,mppi,mixed,40014,True,nominal,436.7063955000049,2,0.0013879250520471894,True
off_sidewalk,False,36.78000000000015,29.05568715664443,0.7890625395156539,2.196124332135806,1.563154673164131,0.15913224258621347,False,0.0,0.21262807314816418,,0.4984156858393386,1839,mixed,40015,0.14966170601972417,False,True,16.0,22.0,36.0,0.7179454037519601,4.558795213330382,3,3,mppi,mixed,40015,True,nominal,479.37576640000043,86,0.04676454594888527,False
stall,False,28.279999999999486,10.34310789349935,0.3647500455286162,0.9630494861097643,0.07100657029404088,0.08551203936055907,False,0.0,0.11041343549648819,,0.27562694918725916,1414,mixed,40016,0.12726273883470166,False,True,16.0,22.0,36.0,0.8499502930344071,3.9799304934551447,2,3,mppi,mixed,40016,True,nominal,434.3645466999951,599,0.42362093352192365,False
goal,True,36.60000000000012,36.79329896188711,1.004188414040386,1.4777166432944977,1.1292871108829785,0.17075568417017292,False,0.0,0.43089674128793587,,0.5597787986843787,1830,mixed,40017,0.10617792480799618,True,False,16.0,22.0,36.0,0.8113443294992472,3.020085908641412,4,3,mppi,mixed,40017,True,nominal,509.3886335999996,0,0.0,True
goal,True,32.49999999999948,36.877581594773396,1.1328460019847197,0.9971826823999997,0.17201606576366005,0.13867933966218232,False,0.0,0.3043478433704956,,0.5560611917140674,1625,mixed,40018,0.116069208165202,True,True,16.0,22.0,36.0,0.7696339718997771,3.1314938087028037,4,3,mppi,mixed,40018,True,nominal,501.057527200006,118,0.07261538461538461,True
goal,True,31.31999999999942,36.62563287161152,1.1680725987444593,1.3197196395655466,0.9362978806182732,0.18570582645380937,False,0.0,0.7301953995841927,,0.557841222089951,1566,mixed,40019,0.10783105943662999,True,False,16.0,22.0,36.0,0.906573083335485,4.495864137350109,4,1,mppi,mixed,40019,True,nominal,440.1681052999993,44,0.0280970625798212,True
goal,True,23.89999999999958,36.08771892438404,1.5096997132792838,2.711423346330982,0.9856626507930496,0.23073896612010492,False,0.0,,,0.43754506635889695,1195,kerb,40000,0.1382794740817809,False,False,16.0,22.0,36.0,1.0269549633599504,4.188836833563437,0,0,mppi,kerb,40000,True,optimized,297.64629580000474,0,0.0,True
goal,True,23.41999999999959,36.095885336302274,1.5415890160685228,1.218039387090325,0.8365491978291616,0.15804830382858984,False,0.0,,,0.3825758229322335,1171,kerb,40001,0.11759975460084857,False,True,16.0,22.0,36.0,0.7243368133338365,3.1962339098678587,0,0,mppi,kerb,40001,True,optimized,295.76724770000146,0,0.0,True
goal,True,23.45999999999959,36.09132975455891,1.5388285444714245,1.1999774296728771,0.8267577124437654,0.16090759763839588,False,0.0,,,0.39250275452932054,1173,kerb,40002,0.1483565285291978,False,True,16.0,22.0,36.0,0.7508052787243958,4.644611467052789,0,0,mppi,kerb,40002,True,optimized,295.8365141999966,0,0.0,True
goal,True,23.739999999999583,36.08234309181485,1.520193110542544,1.7692984289550397,0.9298906284819991,0.16734639276031116,False,0.0,,,0.40568118705210887,1187,kerb,40003,0.13741979681327354,True,False,16.0,22.0,36.0,0.8490167860554859,4.628405710192151,0,0,mppi,kerb,40003,True,optimized,300.63163899999927,0,0.0,True
goal,True,23.739999999999583,36.077416945457216,1.5200254629266452,1.9360291003919639,0.7718468149409348,0.14948025752164382,False,0.0,,,0.37781912250820393,1187,kerb,40004,0.09720936530079487,True,False,16.0,22.0,36.0,1.0795923035566237,3.5362672398920467,0,0,mppi,kerb,40004,True,optimized,300.0018534000046,0,0.0,True
goal,True,23.519999999999587,36.08370993000269,1.5344686005846189,1.6626457872519815,0.774863979223135,0.18984023343407255,False,0.0,,,0.4066586853071966,1176,kerb,40005,0.11561613872560209,False,False,16.0,22.0,36.0,0.9560507401347812,4.376729974275946,0,0,mppi,kerb,40005,True,optimized,294.7771864000024,0,0.0,True
goal,True,23.519999999999587,36.09096995724954,1.5344768773543482,1.8999210100222874,0.7465216123566273,0.19067376025153715,False,0.0,,,0.40899858443114884,1176,kerb,40006,0.10392628678605388,False,False,16.0,22.0,36.0,0.8058562020379452,4.409381050135197,0,0,mppi,kerb,40006,True,optimized,294.0662333999935,0,0.0,True
goal,True,23.519999999999587,36.127470464879906,1.5359397471861607,1.118536599386777,0.764218999485959,0.18371671290623492,False,0.0,,,0.4029591027803662,1176,kerb,40007,0.12735084372173167,False,False,16.0,22.0,36.0,0.915670126779264,4.96842277310037,0,0,mppi,kerb,40007,True,optimized,294.33733989999746,0,0.0,True
goal,True,23.659999999999584,36.094918311041994,1.526031065988903,0.9706404453265802,0.08525215651687923,0.09226717527035351,False,0.0,,,0.36513644402460393,1183,kerb,40008,0.10759643124749771,True,True,16.0,22.0,36.0,0.8481775663468065,4.540265161935243,0,0,mppi,kerb,40008,True,optimized,301.326598700005,0,0.0,True
goal,True,23.43999999999959,36.10720605826141,1.540748123814643,0.954228597939339,0.7115107573893661,0.1354321233300734,False,0.0,,,0.38098886868358905,1172,kerb,40009,0.09809674133696933,False,True,16.0,22.0,36.0,1.0652296151283247,4.265109495877631,0,0,mppi,kerb,40009,True,optimized,295.37326259999827,0,0.0,True
goal,True,23.519999999999587,36.10545527760198,1.535159137272333,1.5861717176726768,1.0345842279942634,0.2164041208543514,False,0.0,,,0.3940913019708966,1176,kerb,40010,0.1334382914041298,False,False,16.0,22.0,36.0,0.7030365816185886,3.562988417407127,0,0,mppi,kerb,40010,True,optimized,294.00017329999537,0,0.0,True
goal,True,23.35999999999959,36.08279304746889,1.5449109332012665,1.0111953708551578,0.7630144040437206,0.1452633020171918,False,0.0,,,0.3732505619300352,1168,kerb,40011,0.09513880113041694,False,True,16.0,22.0,36.0,0.7683395676925482,3.453176512837374,0,0,mppi,kerb,40011,True,optimized,294.74397319999844,0,0.0,True
goal,True,23.699999999999584,36.05957557907741,1.5216529685449378,1.813322688295141,0.958638898665313,0.20570677260553957,False,0.0,,,0.4110613089708428,1185,kerb,40012,0.12391103662522673,False,False,16.0,22.0,36.0,0.7980316740585215,3.958287936722657,0,0,mppi,kerb,40012,True,optimized,295.97757770000317,0,0.0,True
goal,True,23.579999999999586,36.07826858432766,1.5305547595052857,1.3191554293691568,0.8989899756036994,0.16732834018012582,False,0.0,,,0.38258758448025953,1179,kerb,40013,0.1431049563468558,False,True,16.0,22.0,36.0,0.7814949933564275,3.2978426504033935,0,0,mppi,kerb,40013,True,optimized,297.6446993999998,0,0.0,True
goal,True,23.659999999999584,36.10460795380782,1.5259853980463338,1.9166223135911058,0.9168417533969948,0.21002995962268148,False,0.0,,,0.41232697385108513,1183,kerb,40014,0.13210938383980786,False,False,16.0,22.0,36.0,1.0740210071636749,4.461808336819669,0,0,mppi,kerb,40014,True,optimized,294.7972521000047,0,0.0,True
goal,True,23.699999999999584,36.09354657345761,1.5233595359273961,1.1518158740871203,0.8199655995004267,0.1575921643135298,False,0.0,,,0.38990458228980174,1185,kerb,40015,0.14966170601972417,False,True,16.0,22.0,36.0,0.7179454037519601,4.558795213330382,0,0,mppi,kerb,40015,True,optimized,298.0954969000013,0,0.0,True
goal,True,23.499999999999588,36.05645481998434,1.5346739597994357,1.1833553859226615,0.7893568236523751,0.15477758851244258,False,0.0,,,0.38237908376119006,1175,kerb,40016,0.12726273883470166,False,True,16.0,22.0,36.0,0.8499502930344071,3.9799304934551447,0,0,mppi,kerb,40016,True,optimized,271.16164720000234,0,0.0,True
goal,True,23.739999999999583,36.091220808175784,1.5205901345313848,2.179892523525772,0.8548971037892492,0.16153217681875087,False,0.0,,,0.3849822220372671,1187,kerb,40017,0.10617792480799618,True,False,16.0,22.0,36.0,0.8113443294992472,3.020085908641412,0,0,mppi,kerb,40017,True,optimized,219.57274260000122,0,0.0,True
goal,True,23.559999999999587,36.09643862697089,1.532487806331343,0.9731507031791496,0.10455635363090329,0.09677001908211995,False,0.0,,,0.37256253074431117,1178,kerb,40018,0.116069208165202,True,True,16.0,22.0,36.0,0.7696339718997771,3.1314938087028037,0,0,mppi,kerb,40018,True,optimized,274.21464269999706,0,0.0,True
goal,True,23.619999999999585,36.061268473673955,1.5270109460315877,2.3097859400056726,0.7302245332127487,0.16782251325555786,False,0.0,,,0.4032906315601311,1181,kerb,40019,0.10783105943662999,True,False,16.0,22.0,36.0,0.906573083335485,4.495864137350109,0,0,mppi,kerb,40019,True,optimized,217.41192489999958,0,0.0,True
off_sidewalk,False,26.999999999999513,26.70931040995296,0.9857387089047671,2.845536985883262,1.0095413625310932,0.22824094461397854,False,0.0,0.30338617843177873,,0.709042515936209,1350,mixed,40000,0.1382794740817809,False,False,16.0,22.0,36.0,1.0269549633599504,4.188836833563437,4,2,mppi,mixed,40000,True,optimized,286.63833729999897,160,0.11851851851851852,False
goal,True,35.019999999999875,36.60375365881792,1.0440333055695699,1.1905579749073363,0.8027178521718538,0.14381030963094155,False,0.0,0.36018433067620037,,0.5252971540001014,1751,mixed,40001,0.11759975460084857,False,True,16.0,22.0,36.0,0.7243368133338365,3.1962339098678587,3,3,mppi,mixed,40001,True,optimized,303.15007049999986,20,0.011422044545973729,True
off_sidewalk,False,12.459999999999823,4.800922856608098,0.38350046476086247,0.9212771200976269,0.1285539910628988,0.14621406199580225,False,0.0,0.5219449922661701,,0.155296454121633,623,mixed,40002,0.1483565285291978,False,True,16.0,22.0,36.0,0.7508052787243958,4.644611467052789,2,3,mppi,mixed,40002,True,optimized,146.37235719999444,5,0.008025682182985553,False
goal,True,33.799999999999685,36.57688685210345,1.0804236604480106,1.6858054866585994,0.5515222139001981,0.14648505358756192,False,0.0,0.3431073201902334,,0.5400459785333034,1690,mixed,40003,0.13741979681327354,True,False,16.0,22.0,36.0,0.8490167860554859,4.628405710192151,2,3,mppi,mixed,40003,True,optimized,337.4060185999988,82,0.0485207100591716,True
goal,True,40.960000000000804,37.67843567307129,0.9168677952286826,2.214045031355119,0.8130696194356017,0.14947188682752235,False,0.0,0.14987302345929204,,0.6205410990738713,2048,mixed,40004,0.09720936530079487,True,False,16.0,22.0,36.0,1.0795923035566237,3.5362672398920467,2,3,mppi,mixed,40004,True,optimized,446.2703646999944,44,0.021484375,True
off_sidewalk,False,15.099999999999767,9.617492448950768,0.6335664135343274,0.8383166565411856,0.22594102027687996,0.1670817215038866,False,0.0,0.3799876230417478,,0.22364304908743549,755,mixed,40005,0.11561613872560209,False,False,16.0,22.0,36.0,0.9560507401347812,4.376729974275946,3,2,mppi,mixed,40005,True,optimized,117.88105859999632,67,0.08874172185430464,False
off_sidewalk,False,10.319999999999869,4.695416684064019,0.45305096410784507,0.9710428457031228,0.07423138425882034,0.14284554342730463,False,0.0,0.5907221068229063,,0.13657785446017703,516,mixed,40006,0.10392628678605388,False,False,16.0,22.0,36.0,0.8058562020379452,4.409381050135197,2,2,mppi,mixed,40006,True,optimized,117.7701068000024,0,0.0,False
off_sidewalk,False,30.739999999999434,29.72507084906009,0.9646013431189429,2.55207992042253,0.7733804172650415,0.20284439258031237,False,0.0,0.25299515254450905,,0.49856566728628166,1537,mixed,40007,0.12735084372173167,False,False,16.0,22.0,36.0,0.915670126779264,4.96842277310037,4,3,mppi,mixed,40007,True,optimized,307.4292895000035,97,0.0631099544567339,False
off_sidewalk,False,20.19999999999966,8.009424084734034,0.39449663942924335,0.9170595048463752,0.05994144691845785,0.13627746526711543,False,0.0,0.19569422277938317,,0.24289689788000995,1010,mixed,40008,0.10759643124749771,True,True,16.0,22.0,36.0,0.8481775663468065,4.540265161935243,2,2,mppi,mixed,40008,True,optimized,226.8956360000011,68,0.06732673267326733,False
off_sidewalk,False,31.619999999999415,29.75265421297153,0.9381647572969766,0.8675295276662891,0.6659888963699532,0.15384398851125028,False,0.0,0.43299093511622744,,0.5018904980038359,1581,mixed,40009,0.09809674133696933,False,True,16.0,22.0,36.0,1.0652296151283247,4.265109495877631,4,2,mppi,mixed,40009,True,optimized,295.8042310999954,40,0.02530044275774826,False
goal,True,30.39999999999944,36.42084202272389,1.1973073993680303,3.1750777968883503,0.9205115621746082,0.21558833658813234,True,0.00039473684210526315,0.5085693879070852,,0.4827701363383066,1520,mixed,40010,0.1334382914041298,False,False,16.0,22.0,36.0,0.7030365816185886,3.562988417407127,4,3,mppi,mixed,40010,True,optimized,341.81846860000223,146,0.09605263157894736,False
goal,True,31.719999999999413,36.60096507984174,1.1520292747881473,1.011195370840177,0.38204670072759955,0.17321479373222384,False,0.0,0.4036588418996706,,0.9006512835006895,1586,mixed,40011,0.09513880113041694,False,True,16.0,22.0,36.0,0.7683395676925482,3.453176512837374,3,3,mppi,mixed,40011,True,optimized,249.49203899999702,161,0.10151324085750316,True
off_sidewalk,False,32.37999999999946,26.455396181026302,0.8154472883041912,1.0107131226477835,0.7488116744895117,0.1810109353094759,False,0.0,0.21083238872708318,,0.4716447172732768,1619,mixed,40012,0.12391103662522673,False,False,16.0,22.0,36.0,0.7980316740585215,3.958287936722657,2,1,mppi,mixed,40012,True,optimized,351.15976149999915,112,0.06917850525015441,False
goal,True,43.140000000001145,36.79953007752072,0.851913572446464,1.2969967502222135,0.9031815428085767,0.137401905397808,False,0.0,0.2473076133669383,,0.5703639113525611,2157,mixed,40013,0.1431049563468558,False,True,16.0,22.0,36.0,0.7814949933564275,3.2978426504033935,3,3,mppi,mixed,40013,True,optimized,320.7408742000043,206,0.09550301344459898,True
goal,True,28.339999999999485,36.30459439681051,1.2805658200710706,1.3147276014852631,0.9114416195165841,0.19212324629997476,False,0.0,0.5545547272701385,,0.48974748119155254,1417,mixed,40014,0.13210938383980786,False,False,16.0,22.0,36.0,1.0740210071636749,4.461808336819669,4,1,mppi,mixed,40014,True,optimized,307.1021891000055,0,0.0,True
off_sidewalk,False,36.58000000000012,29.078390665399972,0.7936838168374348,1.1723582091116307,0.8359522127086655,0.13605410054729622,False,0.0,0.19705294496319248,,0.46759648744583554,1829,mixed,40015,0.14966170601972417,False,True,16.0,22.0,36.0,0.7179454037519601,4.558795213330382,3,3,mppi,mixed,40015,True,optimized,269.00481520000176,90,0.049207217058501916,False
stall,False,29.91999999999945,10.345632018485208,0.34469785717001133,0.7555780354248507,0.035301694010715194,0.07202348609446314,False,0.0,0.07518984911965765,,0.28899689096561865,1496,mixed,40016,0.12726273883470166,False,True,16.0,22.0,36.0,0.8499502930344071,3.9799304934551447,2,3,mppi,mixed,40016,True,optimized,326.07832139999664,761,0.5086898395721925,False
goal,True,36.72000000000014,36.7247448548991,0.9989066560368669,2.3785000103711713,0.7407233696343121,0.14924570084653707,False,0.0,0.43074525126937624,,0.5381614049305002,1836,mixed,40017,0.10617792480799618,True,False,16.0,22.0,36.0,0.8113443294992472,3.020085908641412,4,3,mppi,mixed,40017,True,optimized,259.77272990000347,0,0.0,True
goal,True,30.739999999999434,36.85035545531087,1.1968020818371223,0.9731507031791496,0.10239158207515518,0.10910672166468048,False,0.0,0.4569926968696425,,0.4956798724843295,1537,mixed,40018,0.116069208165202,True,True,16.0,22.0,36.0,0.7696339718997771,3.1314938087028037,4,3,mppi,mixed,40018,True,optimized,321.6236082999967,79,0.05139882888744307,True
goal,True,31.159999999999425,36.61043625606905,1.1733876491835558,2.0934494948266638,0.7690509582954738,0.1659192022889546,False,0.0,0.7290420774079917,,0.5549566901313093,1558,mixed,40019,0.10783105943662999,True,False,16.0,22.0,36.0,0.906573083335485,4.495864137350109,4,1,mppi,mixed,40019,True,optimized,228.11492559999897,22,0.014120667522464698,True
goal,True,20.899999999999643,36.06588689108898,1.7247056970598937,5.168920583905486,2.523796019516605,0.38533115250255506,True,0.0040191387559808615,,,0.4634777628321833,1045,kerb,40000,0.1382794740817809,False,False,16.0,22.0,36.0,1.0269549633599504,4.188836833563437,0,0,dwa,kerb,40000,True,nominal,1.4324589999960153,0,0.0,False
goal,True,21.03999999999964,36.10075416905294,1.7168781359557428,1.7749761159388557,1.2084816204322064,0.17627509949765877,False,0.0,,,0.43233433880681665,1052,kerb,40001,0.11759975460084857,False,True,16.0,22.0,36.0,0.7243368133338365,3.1962339098678587,0,0,dwa,kerb,40001,True,nominal,1.4501084000003175,0,0.0,True
goal,True,20.59999999999965,36.109528974669374,1.7540484906873879,1.928278393583005,1.317901241678587,0.1854240036450875,False,0.0,,,0.4320541942795477,1030,kerb,40002,0.1483565285291978,False,True,16.0,22.0,36.0,0.7508052787243958,4.644611467052789,0,0,dwa,kerb,40002,True,nominal,1.3739911000011489,0,0.0,True
goal,True,21.01999999999964,36.1018862103947,1.7179506737613686,2.4653510176124005,1.6026805624946023,0.21923094570350277,False,0.0,,,0.4384384435300553,1051,kerb,40003,0.13741979681327354,True,False,16.0,22.0,36.0,0.8490167860554859,4.628405710192151,0,0,dwa,kerb,40003,True,nominal,1.5018416000020807,0,0.0,True
goal,True,21.259999999999636,36.0210690167432,1.695320025235903,2.697769243630482,1.2979780180109382,0.22661246910657418,False,0.0,,,0.41924500368460205,1063,kerb,40004,0.09720936530079487,True,False,16.0,22.0,36.0,1.0795923035566237,3.5362672398920467,0,0,dwa,kerb,40004,True,nominal,1.448840500001097,0,0.0,True
goal,True,21.219999999999636,36.05991986523799,1.6997839668816164,2.8571256504602034,1.6048400100033615,0.28544839218900325,False,0.0,,,0.44337001417932564,1061,kerb,40005,0.11561613872560209,False,False,16.0,22.0,36.0,0.9560507401347812,4.376729974275946,0,0,dwa,kerb,40005,True,nominal,1.4171845000018948,0,0.0,True
goal,True,21.399999999999633,36.10753519313676,1.6877389156628315,2.610882174162568,1.3832171590589308,0.26303766239615434,False,0.0,,,0.453299009344827,1070,kerb,40006,0.10392628678605388,False,False,16.0,22.0,36.0,0.8058562020379452,4.409381050135197,0,0,dwa,kerb,40006,True,nominal,1.4793120000031195,0,0.0,True
goal,True,20.939999999999642,36.03428236340071,1.7214112975356481,4.509111842901777,1.773083792830047,0.3348979352751734,True,0.0019102196752626551,,,0.45769752386105017,1047,kerb,40007,0.12735084372173167,False,False,16.0,22.0,36.0,0.915670126779264,4.96842277310037,0,0,dwa,kerb,40007,True,nominal,1.4807695000054082,0,0.0,False
goal,True,21.199999999999637,36.09070043554663,1.7036493658888547,1.043640554701849,0.14182413589519166,0.13661514323575788,False,0.0,,,0.4146683486380913,1060,kerb,40008,0.10759643124749771,True,True,16.0,22.0,36.0,0.8481775663468065,4.540265161935243,0,0,dwa,kerb,40008,True,nominal,1.5294752000045264,0,0.0,True
goal,True,21.279999999999635,36.091757109169194,1.6970433858081098,1.2082125777509225,0.782989052019891,0.17091022554543706,False,0.0,,,0.4219041245378989,1064,kerb,40009,0.09809674133696933,False,True,16.0,22.0,36.0,1.0652296151283247,4.265109495877631,0,0,dwa,kerb,40009,True,nominal,1.3925250000029337,0,0.0,True
goal,True,21.05999999999964,36.0380345643916,1.7120686153112503,5.932124634456634,1.9431246757587168,0.3885045290626269,True,0.002279202279202279,,,0.4795931749670703,1053,kerb,40010,0.1334382914041298,False,False,16.0,22.0,36.0,0.7030365816185886,3.562988417407127,0,0,dwa,kerb,40010,True,nominal,1.430314899997029,0,0.0,False
goal,True,21.339999999999634,36.10737924517247,1.6930205445000786,1.2728881704452708,0.8157038934415061,0.16584871007316654,False,0.0,,,0.42118812854652266,1067,kerb,40011,0.09513880113041694,False,True,16.0,22.0,36.0,0.7683395676925482,3.453176512837374,0,0,dwa,kerb,40011,True,nominal,1.3849333000034676,0,0.0,True
goal,True,21.03999999999964,36.015261768300086,1.7126841846906486,4.668615255563477,1.8095472716072838,0.33193307412356865,True,0.0019011406844106464,,,0.4534686997120184,1052,kerb,40012,0.12391103662522673,False,False,16.0,22.0,36.0,0.7980316740585215,3.958287936722657,0,0,dwa,kerb,40012,True,nominal,1.4663844000024255,0,0.0,False
goal,True,20.59999999999965,36.10004988400533,1.7535846115370388,2.121565181862644,1.4367790497457273,0.19175865735135736,False,0.0,,,0.4269734115479607,1030,kerb,40013,0.1431049563468558,False,True,16.0,22.0,36.0,0.7814949933564275,3.2978426504033935,0,0,dwa,kerb,40013,True,nominal,1.339784600000712,0,0.0,True
goal,True,21.03999999999964,36.13868751760878,1.717385450914518,3.6024572391865477,1.9145795479751515,0.32906185333657423,True,0.002661596958174905,,,0.46628320555532476,1052,kerb,40014,0.13210938383980786,False,False,16.0,22.0,36.0,1.0740210071636749,4.461808336819669,0,0,dwa,kerb,40014,True,nominal,1.3477732000028482,0,0.0,False
goal,True,20.59999999999965,36.09492126522462,1.753397986755548,2.0391868910809303,1.3660566209693654,0.18874096588541073,False,0.0,,,0.4208980625414939,1030,kerb,40015,0.14966170601972417,False,True,16.0,22.0,36.0,0.7179454037519601,4.558795213330382,0,0,dwa,kerb,40015,True,nominal,1.3441690000036033,0,0.0,True
goal,True,20.839999999999645,36.116359856656466,1.73415860208944,1.772091990416071,1.1855507461709305,0.18337701534090084,False,0.0,,,0.418763485188931,1042,kerb,40016,0.12726273883470166,False,True,16.0,22.0,36.0,0.8499502930344071,3.9799304934551447,0,0,dwa,kerb,40016,True,nominal,1.368965699999535,0,0.0,True
goal,True,21.399999999999633,36.04831870568159,1.6851698988223687,3.0055721989330495,1.696905464623858,0.2509348109397178,True,0.00018691588785046728,,,0.43725136059351505,1070,kerb,40017,0.10617792480799618,True,False,16.0,22.0,36.0,0.8113443294992472,3.020085908641412,0,0,dwa,kerb,40017,True,nominal,1.3721930000028806,0,0.0,False
goal,True,21.11999999999964,36.06104676545478,1.7087600164907693,0.9874493239424704,0.16234052917050562,0.13246284655066823,False,0.0,,,0.4091849697848506,1056,kerb,40018,0.116069208165202,True,True,16.0,22.0,36.0,0.7696339718997771,3.1314938087028037,0,0,dwa,kerb,40018,True,nominal,1.3472773999965284,0,0.0,True
goal,True,21.259999999999636,36.03608527719296,1.6959285917456095,3.2912127236073707,1.4360671793633433,0.24838610624007543,True,0.0009407337723424271,,,0.4311822010722903,1063,kerb,40019,0.10783105943662999,True,False,16.0,22.0,36.0,0.906573083335485,4.495864137350109,0,0,dwa,kerb,40019,True,nominal,1.3627252000005683,0,0.0,False
goal,True,21.199999999999637,36.062414967088785,1.7014963352241497,3.0162167718477613,1.6448132308380277,0.2904490078277162,True,0.0003773584905660377,,,0.43812893691562427,1060,kerb,40020,0.11728344647129728,False,False,16.0,22.0,36.0,1.0784303399483601,3.8980196533822684,0,0,dwa,kerb,40020,True,nominal,1.3759989000027417,0,0.0,False
goal,True,21.199999999999637,36.181128609737215,1.7036092709681288,4.134829467930312,2.2021163946857354,0.3591274783825637,True,0.0033962264150943396,,,0.4937305340682268,1060,kerb,40021,0.1349724742931551,False,False,16.0,22.0,36.0,0.7802842716162096,3.5386999951573146,0,0,dwa,kerb,40021,True,nominal,1.3729808999996749,0,0.0,False
goal,True,20.799999999999645,36.10998149537395,1.7362384549905225,2.6995433333781635,1.6957437146649084,0.27354498486590134,False,0.0,,,0.45219308517587764,1040,kerb,40022,0.14577035564304586,False,False,16.0,22.0,36.0,0.9857899162482915,3.876455550552783,0,0,dwa,kerb,40022,True,nominal,1.327744199996232,0,0.0,True
goal,True,21.299999999999635,36.13328958619433,1.6955601011083405,3.5125405051628404,1.8862515665913246,0.2974346960462604,True,0.0020657276995305163,,,0.4586576904725514,1065,kerb,40023,0.13168477062749592,True,False,16.0,22.0,36.0,0.8516422703049387,4.935202389266619,0,0,dwa,kerb,40023,True,nominal,1.3403239999970538,0,0.0,False
goal,True,21.239999999999636,36.093008789018725,1.7005545680973924,1.110889323406049,0.1640775666528379,0.13946559024268831,False,0.0,,,0.41068378921167076,1062,kerb,40024,0.11385203798090476,True,True,16.0,22.0,36.0,1.0306603538535497,3.6198489947184163,0,0,dwa,kerb,40024,True,nominal,1.3813818999988143,0,0.0,True
goal,True,20.51999999999965,36.039238077504365,1.7575502789244237,2.2788807612202495,1.499936060870647,0.2007791510251467,False,0.0,,,0.40113603892502636,1026,kerb,40025,0.13728872377668433,False,True,16.0,22.0,36.0,0.8526272218542965,4.173848518190195,0,0,dwa,kerb,40025,True,nominal,1.2889452999952482,0,0.0,True
goal,True,21.339999999999634,36.13185528578362,1.6929000969123702,3.8147942216691195,1.9807702793666662,0.29892384272936184,True,0.0018744142455482662,,,0.45088419334291613,1067,kerb,40026,0.12791466115434708,True,False,16.0,22.0,36.0,1.044141999212794,3.6659385751060407,0,0,dwa,kerb,40026,True,nominal,1.3772403999973903,0,0.0,False
goal,True,21.11999999999964,36.07047624949951,1.7089799670728463,1.6769736147063041,1.2098773794425939,0.18115987368009467,False,0.0,,,0.41349364143042094,1056,kerb,40027,0.10375711799575914,False,True,16.0,22.0,36.0,1.053542838541399,4.265938298700595,0,0,dwa,kerb,40027,True,nominal,1.358819000000949,0,0.0,True
goal,True,21.379999999999633,36.135943052247804,1.68894173799225,3.2589546225977526,1.7318109547391412,0.31684874083828235,True,0.0014967259120673526,,,0.48246863888524566,1069,kerb,40028,0.12378022218339735,False,False,16.0,22.0,36.0,0.7216495609265299,4.767537849018466,0,0,dwa,kerb,40028,True,nominal,1.3896753000008175,0,0.0,False
goal,True,21.09999999999964,36.06401703875971,1.710277312485087,1.6934991650334859,1.1941406649062878,0.174135132410709,False,0.0,,,0.4153741760470608,1055,kerb,40029,0.11068266601463561,False,True,16.0,22.0,36.0,0.7120046903057495,3.873518351399377,0,0,dwa,kerb,40029,True,nominal,1.346315799994045,0,0.0,True
goal,True,21.339999999999634,36.09798446226571,1.6922643613057171,2.6920102542018545,1.3557896266994054,0.25746567631982853,False,0.0,,,0.43881421478425914,1067,kerb,40030,0.1019701224578749,False,False,16.0,22.0,36.0,0.9708094058038798,4.2320673561172075,0,0,dwa,kerb,40030,True,nominal,1.357175899996946,0,0.0,True
goal,True,21.199999999999637,36.10981606758074,1.7037291262408416,3.200743003113454,1.5798858395561066,0.28893501073163286,True,0.0007547169811320754,,,0.4488076390712665,1060,kerb,40031,0.11838959127106012,False,False,16.0,22.0,36.0,1.0141076789449541,4.580459609903585,0,0,dwa,kerb,40031,True,nominal,1.3614407999994,0,0.0,False
goal,True,21.159999999999638,36.12310722039799,1.7054227551270307,4.016729126714953,2.1421628526712166,0.3436446783194045,True,0.0026465028355387526,,,0.46912260805523615,1058,kerb,40032,0.1311410067452635,False,False,16.0,22.0,36.0,0.8158921726449161,3.4731275484511577,0,0,dwa,kerb,40032,True,nominal,1.3511405999961426,0,0.0,False
goal,True,21.03999999999964,36.0330701147203,1.71376647532261,4.973754018801959,1.8144638829656372,0.3458282275855456,True,0.0019011406844106464,,,0.46250134835454326,1052,kerb,40033,0.12691284061082575,False,False,16.0,22.0,36.0,0.7251047910836249,4.406303961790812,0,0,dwa,kerb,40033,True,nominal,1.326018899999326,0,0.0,False
goal,True,21.139999999999638,36.0276587723668,1.7051896695354907,4.361063801308617,1.6207536583103936,0.3073839503406514,True,0.0017029328287606433,,,0.43879007321396185,1057,kerb,40034,0.11351754956284855,False,False,16.0,22.0,36.0,0.8842371725297713,3.8591991611600687,0,0,dwa,kerb,40034,True,nominal,1.3245356999977957,0,0.0,False
goal,True,20.959999999999642,36.100587303417576,1.7234568519411595,1.6230393403507364,1.0857688764863482,0.18053466247170802,False,0.0,,,0.4139289164233979,1048,kerb,40035,0.12159995420100617,False,True,16.0,22.0,36.0,0.9724730030392097,4.1935511046130625,0,0,dwa,kerb,40035,True,nominal,1.350979400005599,0,0.0,True
goal,True,20.819999999999645,36.09586954786071,1.7332975642813488,4.207253810601629,1.5186868947739658,0.307790116560023,True,0.0019212295869356388,,,0.4506889309608684,1041,kerb,40036,0.14266727735156232,False,False,16.0,22.0,36.0,1.069162997705235,4.339039910918447,0,0,dwa,kerb,40036,True,nominal,1.3428951999958372,0,0.0,False
goal,True,21.47999999999963,36.08137786236272,1.6806981675271733,2.382695264969021,1.408036516544338,0.23166714210017844,False,0.0,,,0.45040788128890347,1074,kerb,40037,0.09270055121386228,True,False,16.0,22.0,36.0,0.7600347229307929,3.0361488610625345,0,0,dwa,kerb,40037,True,nominal,1.401258300000336,0,0.0,True
goal,True,21.319999999999634,36.08396459359674,1.6929791721720209,3.1773475539016136,1.6396780931028279,0.2658015959277668,True,0.0005628517823639775,,,0.43831258710460386,1066,kerb,40038,0.12137017462719892,True,False,16.0,22.0,36.0,1.087547914896784,4.573518959252186,0,0,dwa,kerb,40038,True,nominal,1.370629299999564,0,0.0,False
goal,True,20.839999999999645,36.0596310658906,1.7294891333314313,4.1719644041780795,1.461162353475912,0.32186524608745476,True,0.002111324376199616,,,0.4569406026760497,1042,kerb,40039,0.1488968723122117,False,False,16.0,22.0,36.0,0.7788526595978952,4.463583000707763,0,0,dwa,kerb,40039,True,nominal,1.3001790999987861,0,0.0,False
collision,False,34.87999999999985,30.549450126444803,0.8709641918254841,4.2376025999964595,1.3671573687768794,0.36802778946432785,True,0.0013761467889908258,-0.001938531024521295,obstacle,0.958973724852425,1744,mixed,40000,0.1382794740817809,False,False,16.0,22.0,36.0,1.0269549633599504,4.188836833563437,4,2,dwa,mixed,40000,True,nominal,4.29690539999865,740,0.4243119266055046,False
stall,False,23.719999999999583,7.77892786156,0.326916326043296,0.9645362745668867,0.30320207088109447,0.20201081488801043,False,0.0,0.21202175328391748,,0.4023960663572108,1186,mixed,40001,0.11759975460084857,False,True,16.0,22.0,36.0,0.7243368133338365,3.1962339098678587,3,3,dwa,mixed,40001,True,nominal,3.2476846000063233,837,0.7057335581787522,False
goal,True,26.119999999999532,36.6083932433083,1.401346923945752,2.3380187314177974,1.507023320829538,0.28183814579287364,False,0.0,0.31188362231787137,,0.7799374646108004,1306,mixed,40002,0.1483565285291978,False,True,16.0,22.0,36.0,0.7508052787243958,4.644611467052789,2,3,dwa,mixed,40002,True,nominal,2.6622105999995256,149,0.11408882082695253,True
stall,False,22.45999999999961,7.1685244305387315,0.3185532083389166,1.1890809107040288,0.1609630161417982,0.21534995476695915,False,0.0,0.21589596728519933,,0.3766500679870351,1123,mixed,40003,0.13741979681327354,True,False,16.0,22.0,36.0,0.8490167860554859,4.628405710192151,2,3,dwa,mixed,40003,True,nominal,2.687409400001343,792,0.705253784505788,False
stall,False,23.199999999999594,11.380055575158767,0.4901564587049435,1.2021351300060275,0.4086251954296012,0.20957068246784732,False,0.0,0.1645586844873302,,0.4141174416226808,1160,mixed,40004,0.09720936530079487,True,False,16.0,22.0,36.0,1.0795923035566237,3.5362672398920467,2,3,dwa,mixed,40004,True,nominal,2.720931900003052,911,0.7853448275862069,False
goal,True,24.439999999999568,36.254024280343394,1.483709139784322,1.544892895748543,1.102629462418448,0.3231650431316575,False,0.0,0.23758481053802272,,0.8242596789173314,1222,mixed,40005,0.11561613872560209,False,False,16.0,22.0,36.0,0.9560507401347812,4.376729974275946,3,2,dwa,mixed,40005,True,nominal,2.6205038000043714,253,0.20703764320785598,True
goal,True,27.5599999999995,36.485097384344044,1.3226659226780733,2.6379275494960344,1.414978452293517,0.31330145949274407,False,0.0,0.050010312821617275,,0.889489935542113,1378,mixed,40006,0.10392628678605388,False,False,16.0,22.0,36.0,0.8058562020379452,4.409381050135197,2,2,dwa,mixed,40006,True,nominal,2.8557402000005823,140,0.10159651669085631,True
stall,False,32.79999999999953,23.1258801563077,0.6790293329485043,1.8588909797151019,1.3118403109976953,0.31526511197323814,False,0.0,0.2792089103542812,,1.8714747358487074,1640,mixed,40007,0.12735084372173167,False,False,16.0,22.0,36.0,0.915670126779264,4.96842277310037,4,3,dwa,mixed,40007,True,nominal,3.7928801999951247,81,0.04939024390243903,False
stall,False,25.079999999999554,7.351338342115676,0.29149600101345674,1.0519472457063568,0.23999505334697008,0.2044032848790038,False,0.0,0.15061058504011704,,0.37401218847298157,1254,mixed,40008,0.10759643124749771,True,True,16.0,22.0,36.0,0.8481775663468065,4.540265161935243,2,2,dwa,mixed,40008,True,nominal,2.9926370999965,738,0.5885167464114832,False
goal,True,29.279999999999465,36.29464905445433,1.2391934554797965,1.3136001276589295,0.7676739279456859,0.3065136915046167,False,0.0,0.2165781117403743,,0.9445283102484464,1464,mixed,40009,0.09809674133696933,False,True,16.0,22.0,36.0,1.0652296151283247,4.265109495877631,4,2,dwa,mixed,40009,True,nominal,3.2879409000015585,355,0.2424863387978142,True
stall,False,31.739999999999412,23.04860383059209,0.701373188267811,4.055601487553282,1.6505142204069474,0.3418491821088979,True,0.0010081915563957152,0.2778795230194915,,1.9128301027179462,1587,mixed,40010,0.1334382914041298,False,False,16.0,22.0,36.0,0.7030365816185886,3.562988417407127,4,3,dwa,mixed,40010,True,nominal,3.4148734000045806,219,0.13799621928166353,False
stall,False,18.439999999999696,4.913254532017578,0.26569951767483385,0.9454284125550358,0.14873959150700808,0.17558189155705897,False,0.0,0.10262484070563602,,0.26061106902037934,922,mixed,40011,0.09513880113041694,False,True,16.0,22.0,36.0,0.7683395676925482,3.453176512837374,3,3,dwa,mixed,40011,True,nominal,2.5487052999960724,818,0.8872017353579176,False
stall,False,30.799999999999432,22.89699094004798,0.7228891432028124,2.87318201604956,1.1209573972886342,0.31323455884909474,False,0.0,0.32302679822201097,,1.5823157909665921,1540,mixed,40012,0.12391103662522673,False,False,16.0,22.0,36.0,0.7980316740585215,3.958287936722657,2,1,dwa,mixed,40012,True,nominal,3.1071058999950765,144,0.09350649350649351,False
stall,False,37.28000000000023,25.933164214496145,0.6953845556315478,2.13353641520172,1.4314230670370256,0.2520631417824004,False,0.0,0.0013417925010527076,,0.822239252767442,1864,mixed,40013,0.1431049563468558,False,True,16.0,22.0,36.0,0.7814949933564275,3.2978426504033935,3,3,dwa,mixed,40013,True,nominal,4.482816499999899,1023,0.5488197424892703,False
goal,True,32.53999999999949,36.07998294878394,1.1088439109793258,5.04639412676126,2.999659225904073,0.36594703048032506,True,0.002335586969883221,0.09153186524309176,,0.7856234771821005,1627,mixed,40014,0.13210938383980786,False,False,16.0,22.0,36.0,1.0740210071636749,4.461808336819669,4,1,dwa,mixed,40014,True,nominal,3.789353200001642,14,0.008604794099569761,False
collision,False,4.939999999999983,6.997903343403167,1.4195363967905195,0.905441252163813,0.10429395551071649,0.29258208954287596,False,0.0,-0.013519298705956917,obstacle,0.20831821961486152,247,mixed,40015,0.14966170601972417,False,True,16.0,22.0,36.0,0.7179454037519601,4.558795213330382,3,3,dwa,mixed,40015,True,nominal,0.6250665999978082,102,0.41295546558704455,False
collision,False,7.559999999999927,10.30125060110953,1.3632330423727383,1.0571602094299468,0.13181097380340587,0.34358782734546867,False,0.0,-0.001953626599892455,obstacle,0.29472704613258743,378,mixed,40016,0.12726273883470166,False,True,16.0,22.0,36.0,0.8499502930344071,3.9799304934551447,2,3,dwa,mixed,40016,True,nominal,1.0182762000040384,74,0.19576719576719576,False
goal,True,28.699999999999477,36.245905970790325,1.263305704450361,3.1196527641615037,1.6830274841199186,0.3072956939954103,True,0.00027874564459930314,0.2775129250371763,,0.7903538285033973,1435,mixed,40017,0.10617792480799618,True,False,16.0,22.0,36.0,0.8113443294992472,3.020085908641412,4,3,dwa,mixed,40017,True,nominal,3.3506093000032706,279,0.19442508710801393,False
collision,False,8.939999999999898,10.76050669310523,1.2034129402908593,0.9826714702623884,0.2897189221825015,0.293477477654099,False,0.0,-0.005234439859519546,obstacle,0.32257001087175013,447,mixed,40018,0.116069208165202,True,True,16.0,22.0,36.0,0.7696339718997771,3.1314938087028037,4,3,dwa,mixed,40018,True,nominal,1.1692894000007072,95,0.21252796420581654,False
goal,True,26.359999999999527,36.16053415135943,1.3725504611861297,1.8688984806592692,1.078655820761019,0.26403549212698857,False,0.0,0.30509675233936073,,0.7777116141343459,1318,mixed,40019,0.10783105943662999,True,False,16.0,22.0,36.0,0.906573083335485,4.495864137350109,4,1,dwa,mixed,40019,True,nominal,3.0807402999998885,373,0.2830045523520486,True
stall,False,43.88000000000126,30.014711669597308,0.6837459568473399,4.327542294287499,1.6313665817721017,0.2799325692607966,True,0.0008204193254329991,0.28343786100864543,,0.7066989364060702,2194,mixed,40020,0.11728344647129728,False,False,16.0,22.0,36.0,1.0784303399483601,3.8980196533822684,2,1,dwa,mixed,40020,True,nominal,4.536723499993968,688,0.31358249772105745,False
stall,False,31.619999999999415,23.348612428480294,0.709460577974831,4.57593981652369,1.5733854343469096,0.3791495408982542,True,0.001644528779253637,0.05446804132431815,,1.6668156348550658,1581,mixed,40021,0.1349724742931551,False,False,16.0,22.0,36.0,0.7802842716162096,3.5386999951573146,4,2,dwa,mixed,40021,True,nominal,3.6560587999993004,135,0.08538899430740038,False
stall,False,32.99999999999956,22.901002297540145,0.6764654140219993,3.910062154159531,1.6168180550443032,0.31431536174269287,True,0.0009696969696969697,0.703477813958069,,1.2279335694814062,1650,mixed,40022,0.14577035564304586,False,False,16.0,22.0,36.0,0.9857899162482915,3.876455550552783,4,3,dwa,mixed,40022,True,nominal,3.80851519999851,109,0.06606060606060606,False
goal,True,27.839999999999495,36.61638502735355,1.3141659562419847,4.673010117156214,1.8451605843445014,0.3553295735581512,True,0.0015804597701149425,0.05416071634931771,,0.888296350930669,1392,mixed,40023,0.13168477062749592,True,False,16.0,22.0,36.0,0.8516422703049387,4.935202389266619,4,3,dwa,mixed,40023,True,nominal,3.4504677999939304,237,0.17025862068965517,False
collision,False,21.379999999999633,28.493899393244586,1.3333949609995397,1.1662305489762217,0.18864989844564448,0.29054520874823914,False,0.0,-0.0009126233955282781,obstacle,0.5466374422934404,1069,mixed,40024,0.11385203798090476,True,True,16.0,22.0,36.0,1.0306603538535497,3.6198489947184163,2,3,dwa,mixed,40024,True,nominal,2.3749119999993127,0,0.0,False
stall,False,37.04000000000019,27.526977376210088,0.742705959459681,2.0756220758856436,1.4413498098875634,0.21282744892184205,False,0.0,0.07775040255384547,,0.7398885985617257,1852,mixed,40025,0.13728872377668433,False,True,16.0,22.0,36.0,0.8526272218542965,4.173848518190195,4,3,dwa,mixed,40025,True,nominal,4.5664727999974275,874,0.4719222462203024,False
stall,False,21.91999999999962,5.0901874650162355,0.2309607293730056,1.105341161305385,0.5277160826759655,0.2512645401787863,False,0.0,0.15267659858600124,,0.31848046625369564,1096,mixed,40026,0.12791466115434708,True,False,16.0,22.0,36.0,1.044141999212794,3.6659385751060407,2,3,dwa,mixed,40026,True,nominal,2.704530499999237,60,0.05474452554744526,False
stall,False,23.179999999999595,4.551980820677699,0.19420859510589225,1.0999809557008033,0.2594488530864904,0.23349129915795827,False,0.0,0.06339452898171916,,0.3596638759095448,1159,mixed,40027,0.10375711799575914,False,True,16.0,22.0,36.0,1.053542838541399,4.265938298700595,3,1,dwa,mixed,40027,True,nominal,3.1073996999984956,906,0.7817083692838654,False
stall,False,42.700000000001076,26.470550378789145,0.6186016358854689,3.6250100239821954,2.2708203291014897,0.2766721434439386,True,0.0016861826697892272,0.13352745516461195,,0.8124150802143927,2135,mixed,40028,0.12378022218339735,False,False,16.0,22.0,36.0,0.7216495609265299,4.767537849018466,3,2,dwa,mixed,40028,True,nominal,5.074052100004337,805,0.3770491803278688,False
stall,False,44.32000000000133,31.083999565984474,0.6993022978307517,1.7218001561306306,0.809540939386957,0.2310759694296294,False,0.0,0.0794766637636275,,1.0067452565632355,2216,mixed,40029,0.11068266601463561,False,True,16.0,22.0,36.0,0.7120046903057495,3.873518351399377,4,3,dwa,mixed,40029,True,nominal,5.5014893999978085,321,0.14485559566787004,False
goal,True,27.959999999999493,36.428898460677566,1.3029963590082285,1.9630906492601436,1.2319914108048098,0.3199230724056843,False,0.0,0.08830889626969962,,0.9000638373932749,1398,mixed,40030,0.1019701224578749,False,False,16.0,22.0,36.0,0.9708094058038798,4.2320673561172075,4,1,dwa,mixed,40030,True,nominal,3.3089835999999195,298,0.21316165951359084,True
stall,False,27.6999999999995,8.708472342963994,0.31412671872698267,1.0933149433071894,0.46669927973753245,0.198994859336444,False,0.0,0.2826893231789233,,0.3374565911674722,1385,mixed,40031,0.11838959127106012,False,False,16.0,22.0,36.0,1.0141076789449541,4.580459609903585,3,1,dwa,mixed,40031,True,nominal,3.278115799999796,595,0.4296028880866426,False
goal,True,25.519999999999545,36.17681263290335,1.4169314260688208,5.3123206209576885,2.1176244318290736,0.3555439535533356,True,0.0020376175548589342,0.2887587675896347,,0.6075709448495344,1276,mixed,40032,0.1311410067452635,False,False,16.0,22.0,36.0,0.8158921726449161,3.4731275484511577,4,1,dwa,mixed,40032,True,nominal,2.882511499999964,32,0.025078369905956112,False
stall,False,39.96000000000065,28.31675848389441,0.7081738488129443,4.911944480002807,1.7975480458165833,0.3050284875330862,True,0.001001001001001001,0.05102274197357726,,0.8544162101575815,1998,mixed,40033,0.12691284061082575,False,False,16.0,22.0,36.0,0.7251047910836249,4.406303961790812,2,3,dwa,mixed,40033,True,nominal,4.256526299999678,886,0.44344344344344344,False
stall,False,20.719999999999647,7.632960925443225,0.3681726490526535,1.0760961854289852,0.11541077152549914,0.19734744113217056,False,0.0,0.1507265954625649,,0.3478832122570994,1036,mixed,40034,0.11351754956284855,False,False,16.0,22.0,36.0,0.8842371725297713,3.8591991611600687,4,2,dwa,mixed,40034,True,nominal,2.6871578999998746,786,0.7586872586872587,False
stall,False,21.339999999999634,7.639001865998687,0.35646793466870874,1.3123375829917507,0.2169895599778756,0.25477759811219464,False,0.0,0.07928175683839889,,0.4120922876041755,1067,mixed,40035,0.12159995420100617,False,True,16.0,22.0,36.0,0.9724730030392097,4.1935511046130625,4,2,dwa,mixed,40035,True,nominal,3.2119838999933563,730,0.6841611996251171,False
goal,True,22.45999999999961,36.13440165699924,1.6081832392774495,4.117346616590553,1.5439737650863348,0.3650039202702758,True,0.0017809439002671415,0.09367168887737132,,0.7789952852145332,1123,mixed,40036,0.14266727735156232,False,False,16.0,22.0,36.0,1.069162997705235,4.339039910918447,2,3,dwa,mixed,40036,True,nominal,2.3739798000024166,122,0.10863757791629564,False
stall,False,23.89999999999958,6.013242041815456,0.2505248268408069,1.0419650073636215,0.31090494113884987,0.20788752066258595,False,0.0,0.29337545100119355,,0.33845047617286195,1195,mixed,40037,0.09270055121386228,True,False,16.0,22.0,36.0,0.7600347229307929,3.0361488610625345,4,1,dwa,mixed,40037,True,nominal,3.1780942999976105,655,0.5481171548117155,False
goal,True,25.75999999999954,36.20959407108891,1.4058001349582234,3.999358170612277,1.5070711912323715,0.3507336317982451,True,0.0013975155279503106,0.1668112773353,,0.7811196819616455,1288,mixed,40038,0.12137017462719892,True,False,16.0,22.0,36.0,1.087547914896784,4.573518959252186,4,1,dwa,mixed,40038,True,nominal,3.0299139999988256,238,0.18478260869565216,False
stall,False,42.94000000000111,31.142692613877106,0.7240656050392624,2.3471033464624775,1.586420769251129,0.26519494444063146,False,0.0,0.13014620716471692,,0.9241479040421676,2147,mixed,40039,0.1488968723122117,False,False,16.0,22.0,36.0,0.7788526595978952,4.463583000707763,4,2,dwa,mixed,40039,True,nominal,5.142069599998649,804,0.37447601304145317,False
goal,True,21.139999999999638,36.02545660799225,1.7047636824281958,3.2006727437471563,0.8613864409820777,0.2555826910959746,True,0.0007568590350047304,,,0.37803354957340324,1057,kerb,40000,0.1382794740817809,False,False,16.0,22.0,36.0,1.0269549633599504,4.188836833563437,0,0,dwa,kerb,40000,True,optimized,1.4031028000026708,0,0.0,False
goal,True,21.359999999999634,36.10332686339229,1.6909006158498483,1.0410468779885955,0.47536463363868603,0.1649727351894888,False,0.0,,,0.35546265430279883,1068,kerb,40001,0.11759975460084857,False,True,16.0,22.0,36.0,0.7243368133338365,3.1962339098678587,0,0,dwa,kerb,40001,True,optimized,1.3473282999984804,0,0.0,True
goal,True,20.939999999999642,36.10239235582751,1.724813692520995,1.072497224564202,0.4968838968706382,0.1660176184604634,False,0.0,,,0.35515656316533467,1047,kerb,40002,0.1483565285291978,False,True,16.0,22.0,36.0,0.7508052787243958,4.644611467052789,0,0,dwa,kerb,40002,True,optimized,1.363164099995629,0,0.0,True
goal,True,21.45999999999963,36.09820118175579,1.682843590893043,2.46375644473503,0.7399582503319202,0.2210594045629473,False,0.0,,,0.3923097548369886,1073,kerb,40003,0.13741979681327354,True,False,16.0,22.0,36.0,0.8490167860554859,4.628405710192151,0,0,dwa,kerb,40003,True,optimized,1.3846355999994557,0,0.0,True
goal,True,21.639999999999628,36.02940817568351,1.6658753735461347,1.8148018884569261,0.5208038610969277,0.1799236438755821,False,0.0,,,0.3721837623761886,1082,kerb,40004,0.09720936530079487,True,False,16.0,22.0,36.0,1.0795923035566237,3.5362672398920467,0,0,dwa,kerb,40004,True,optimized,1.361815199998091,0,0.0,True
goal,True,21.399999999999633,36.042312723507486,1.6849007965470293,2.2683276606072553,0.6177253889065585,0.219630903874662,False,0.0,,,0.37819181832796245,1070,kerb,40005,0.11561613872560209,False,False,16.0,22.0,36.0,0.9560507401347812,4.376729974275946,0,0,dwa,kerb,40005,True,optimized,1.352199799999653,0,0.0,True
goal,True,21.699999999999626,36.093428645716855,1.6638991607047096,1.9534749094461448,0.5226112774932556,0.21108306172617508,False,0.0,,,0.3854893401239807,1085,kerb,40006,0.10392628678605388,False,False,16.0,22.0,36.0,0.8058562020379452,4.409381050135197,0,0,dwa,kerb,40006,True,optimized,1.395270300003176,0,0.0,True
goal,True,21.11999999999964,36.012904886179605,1.7058994062747188,2.9737140640252835,0.7257058388712083,0.23336389407855468,False,0.0,,,0.38527828302797135,1056,kerb,40007,0.12735084372173167,False,False,16.0,22.0,36.0,0.915670126779264,4.96842277310037,0,0,dwa,kerb,40007,True,optimized,1.3617996000029962,0,0.0,True
goal,True,21.55999999999963,36.10458151954359,1.6757322499910206,0.9898981263250066,0.08198184928821207,0.12455999662322786,False,0.0,,,0.3612584318312425,1078,kerb,40008,0.10759643124749771,True,True,16.0,22.0,36.0,0.8481775663468065,4.540265161935243,0,0,dwa,kerb,40008,True,optimized,1.406719600003271,0,0.0,True
goal,True,21.639999999999628,36.09835428070272,1.668838478082347,1.0361407979433117,0.36428856010370797,0.15579261155336993,False,0.0,,,0.36260779757307476,1082,kerb,40009,0.09809674133696933,False,True,16.0,22.0,36.0,1.0652296151283247,4.265109495877631,0,0,dwa,kerb,40009,True,optimized,1.3755213000040385,0,0.0,True
goal,True,21.139999999999638,36.01904080203273,1.7047637129492275,3.7364822614914517,0.8251551693034516,0.27252098303268063,True,0.0013245033112582781,,,0.3877027402547599,1057,kerb,40010,0.1334382914041298,False,False,16.0,22.0,36.0,0.7030365816185886,3.562988417407127,0,0,dwa,kerb,40010,True,optimized,1.3576480999981868,0,0.0,False
goal,True,21.739999999999625,36.102545806229145,1.661304325742664,1.031904709325676,0.362147063620137,0.16002400650522022,False,0.0,,,0.3583237625341802,1087,kerb,40011,0.09513880113041694,False,True,16.0,22.0,36.0,0.7683395676925482,3.453176512837374,0,0,dwa,kerb,40011,True,optimized,1.3556882000048063,0,0.0,True
goal,True,21.179999999999637,36.01531973512134,1.7012618695174657,3.140007706131104,0.7206239692614775,0.24273969905651824,True,0.0007554296506137865,,,0.383390304074228,1059,kerb,40012,0.12391103662522673,False,False,16.0,22.0,36.0,0.7980316740585215,3.958287936722657,0,0,dwa,kerb,40012,True,optimized,1.3791658000045572,0,0.0,False
goal,True,21.01999999999964,36.09247450467424,1.7177202389900226,1.1179240835028152,0.5416382517223896,0.17163353079864316,False,0.0,,,0.3545112732481856,1051,kerb,40013,0.1431049563468558,False,True,16.0,22.0,36.0,0.7814949933564275,3.2978426504033935,0,0,dwa,kerb,40013,True,optimized,1.3165005999981076,0,0.0,True
goal,True,21.239999999999636,36.11397791420146,1.7006002946427858,2.7072817783001546,0.7906753654934094,0.24311886173185693,False,0.0,,,0.3844639161068248,1062,kerb,40014,0.13210938383980786,False,False,16.0,22.0,36.0,1.0740210071636749,4.461808336819669,0,0,dwa,kerb,40014,True,optimized,1.3774227000030805,0,0.0,True
goal,True,20.899999999999643,36.076291739117806,1.7269511317356199,1.0131384358590583,0.5459495644845948,0.16526388701772834,False,0.0,,,0.34914328926807414,1045,kerb,40015,0.14966170601972417,False,True,16.0,22.0,36.0,0.7179454037519601,4.558795213330382,0,0,dwa,kerb,40015,True,optimized,1.372546799997508,0,0.0,True
goal,True,21.179999999999637,36.08396754475798,1.704384396190745,1.0104771982008214,0.48470030580708134,0.1638394396129115,False,0.0,,,0.35406172975246164,1059,kerb,40016,0.12726273883470166,False,True,16.0,22.0,36.0,0.8499502930344071,3.9799304934551447,0,0,dwa,kerb,40016,True,optimized,1.3431282000019564,0,0.0,True
goal,True,21.679999999999627,36.05328513816982,1.6638904604345828,2.100809020042232,0.7978614174547232,0.20763143407540638,False,0.0,,,0.37595256107478664,1084,kerb,40017,0.10617792480799618,True,False,16.0,22.0,36.0,0.8113443294992472,3.020085908641412,0,0,dwa,kerb,40017,True,optimized,1.4291008000000147,0,0.0,True
goal,True,21.399999999999633,36.07008831587175,1.6867136975925625,1.0345588765623492,0.09003390759107362,0.12462255827281758,False,0.0,,,0.35251119726368574,1070,kerb,40018,0.116069208165202,True,True,16.0,22.0,36.0,0.7696339718997771,3.1314938087028037,0,0,dwa,kerb,40018,True,optimized,1.3823032999935094,0,0.0,True
goal,True,21.47999999999963,36.024154027074495,1.6779726859172288,2.1630065976380317,0.5359257415863956,0.18943224051966484,False,0.0,,,0.37809303214266926,1074,kerb,40019,0.10783105943662999,True,False,16.0,22.0,36.0,0.906573083335485,4.495864137350109,0,0,dwa,kerb,40019,True,optimized,1.410157900005288,0,0.0,True
goal,True,21.399999999999633,36.046769900767174,1.685048697633463,2.1650311255895254,0.6665434288860365,0.22212406821746236,False,0.0,,,0.37417628033202777,1070,kerb,40020,0.11728344647129728,False,False,16.0,22.0,36.0,1.0784303399483601,3.8980196533822684,0,0,dwa,kerb,40020,True,optimized,1.3521776999987196,0,0.0,True
goal,True,21.319999999999634,36.110362005222626,1.6939795976557892,2.9525687144586703,0.8417922600756795,0.26355040998503,False,0.0,,,0.38748469748785574,1066,kerb,40021,0.1349724742931551,False,False,16.0,22.0,36.0,0.7802842716162096,3.5386999951573146,0,0,dwa,kerb,40021,True,optimized,1.370144499996968,0,0.0,True
goal,True,21.159999999999638,36.10963660052308,1.7067422512787074,3.139608743153247,0.9612382526458608,0.27090623758390203,True,0.0007561436672967864,,,0.3870278278560897,1058,kerb,40022,0.14577035564304586,False,False,16.0,22.0,36.0,0.9857899162482915,3.876455550552783,0,0,dwa,kerb,40022,True,optimized,1.3805362999992212,0,0.0,False
goal,True,21.45999999999963,36.091116982711355,1.6825459706919748,2.4282131552339052,0.6908160615180695,0.2131987490300608,False,0.0,,,0.38739456712481546,1073,kerb,40023,0.13168477062749592,True,False,16.0,22.0,36.0,0.8516422703049387,4.935202389266619,0,0,dwa,kerb,40023,True,optimized,1.4182414000024437,0,0.0,True
goal,True,21.45999999999963,36.10838683201376,1.6837451078362873,1.04737213355063,0.08267670349320673,0.12626295605881052,False,0.0,,,0.35797543210064403,1073,kerb,40024,0.11385203798090476,True,True,16.0,22.0,36.0,1.0306603538535497,3.6198489947184163,0,0,dwa,kerb,40024,True,optimized,1.422703399999591,0,0.0,True
goal,True,20.859999999999644,36.01097270062436,1.7273962918206853,1.1911640500613099,0.5946378080539607,0.15988782950448982,False,0.0,,,0.35170681628344036,1043,kerb,40025,0.13728872377668433,False,True,16.0,22.0,36.0,0.8526272218542965,4.173848518190195,0,0,dwa,kerb,40025,True,optimized,1.3357709999982035,0,0.0,True
goal,True,21.439999999999632,36.078041976254106,1.6836608023445592,2.4360614879892446,0.7714616132776582,0.21464874002769335,False,0.0,,,0.38268696251719203,1072,kerb,40026,0.12791466115434708,True,False,16.0,22.0,36.0,1.044141999212794,3.6659385751060407,0,0,dwa,kerb,40026,True,optimized,1.3843590999968,0,0.0,True
goal,True,21.439999999999632,36.04366826559462,1.6820709339896402,1.0298651740821763,0.46786115338704215,0.15295172005429714,False,0.0,,,0.3615443025559004,1072,kerb,40027,0.10375711799575914,False,True,16.0,22.0,36.0,1.053542838541399,4.265938298700595,0,0,dwa,kerb,40027,True,optimized,1.4246896999975434,0,0.0,True
goal,True,21.439999999999632,36.09447796994602,1.6839702824483003,2.568511565207047,0.5959632350779054,0.23848934664250032,False,0.0,,,0.3906407140864923,1072,kerb,40028,0.12378022218339735,False,False,16.0,22.0,36.0,0.7216495609265299,4.767537849018466,0,0,dwa,kerb,40028,True,optimized,1.4207233999986784,0,0.0,True
goal,True,21.439999999999632,36.064386282342916,1.6829890320949992,0.9852937904726146,0.5379973144074596,0.1576554273878336,False,0.0,,,0.354154788569198,1072,kerb,40029,0.11068266601463561,False,True,16.0,22.0,36.0,0.7120046903057495,3.873518351399377,0,0,dwa,kerb,40029,True,optimized,1.410336599998118,0,0.0,True
goal,True,21.639999999999628,36.07647926613196,1.66766378187088,1.9328574088727326,0.5394936470370657,0.2033963247570621,False,0.0,,,0.3796681809897536,1082,kerb,40030,0.1019701224578749,False,False,16.0,22.0,36.0,0.9708094058038798,4.2320673561172075,0,0,dwa,kerb,40030,True,optimized,1.4095767000035266,0,0.0,True
goal,True,21.359999999999634,36.086553181264414,1.6899429952595704,2.4217846121310407,0.652557018828403,0.22199914667671716,False,0.0,,,0.3819391740354341,1068,kerb,40031,0.11838959127106012,False,False,16.0,22.0,36.0,1.0141076789449541,4.580459609903585,0,0,dwa,kerb,40031,True,optimized,1.4016182999985176,0,0.0,True
goal,True,21.319999999999634,36.09137219591461,1.693334263315368,2.780870878746717,0.8023422743852784,0.2573078244597358,False,0.0,,,0.38134863835268795,1066,kerb,40032,0.1311410067452635,False,False,16.0,22.0,36.0,0.8158921726449161,3.4731275484511577,0,0,dwa,kerb,40032,True,optimized,1.3766671999983373,0,0.0,True
goal,True,21.179999999999637,36.013904465713665,1.7013216849378001,3.1518005991562834,0.6970909126087299,0.24613087348425555,True,0.0005665722379603399,,,0.3875809410505233,1059,kerb,40033,0.12691284061082575,False,False,16.0,22.0,36.0,0.7251047910836249,4.406303961790812,0,0,dwa,kerb,40033,True,optimized,1.417622199995094,0,0.0,False
goal,True,21.359999999999634,36.03358398306108,1.6878288826747698,2.7466989771730472,0.6502148160139676,0.22359902965828388,False,0.0,,,0.3802412266841636,1068,kerb,40034,0.11351754956284855,False,False,16.0,22.0,36.0,0.8842371725297713,3.8591991611600687,0,0,dwa,kerb,40034,True,optimized,1.402352700002666,0,0.0,True
goal,True,21.259999999999636,36.08459658745923,1.6980034747802473,1.032081347298842,0.4526971552787036,0.1608410052415197,False,0.0,,,0.35590311374641154,1063,kerb,40035,0.12159995420100617,False,True,16.0,22.0,36.0,0.9724730030392097,4.1935511046130625,0,0,dwa,kerb,40035,True,optimized,1.4014007000005222,0,0.0,True
goal,True,21.139999999999638,36.09359496737691,1.7076925427099476,3.0827683208874266,0.9275068228536024,0.2615882356303024,True,0.0005676442762535478,,,0.3802796546135624,1057,kerb,40036,0.14266727735156232,False,False,16.0,22.0,36.0,1.069162997705235,4.339039910918447,0,0,dwa,kerb,40036,True,optimized,1.3668830999959027,0,0.0,False
goal,True,21.899999999999622,36.083903152339374,1.6485617816487204,1.8512310565298937,0.980875995903575,0.20339428763564815,False,0.0,,,0.3896138182594293,1095,kerb,40037,0.09270055121386228,True,False,16.0,22.0,36.0,0.7600347229307929,3.0361488610625345,0,0,dwa,kerb,40037,True,optimized,1.5089411000008113,0,0.0,True
goal,True,21.47999999999963,36.09357181433538,1.6811746772608,2.134629901778954,0.6753245303191385,0.19791073986347904,False,0.0,,,0.3781431781154141,1074,kerb,40038,0.12137017462719892,True,False,16.0,22.0,36.0,1.087547914896784,4.573518959252186,0,0,dwa,kerb,40038,True,optimized,1.4237324000059743,0,0.0,True
goal,True,21.139999999999638,36.04446987736186,1.7055605008858274,3.0450035263605417,0.8591510889920286,0.2667194455104762,True,0.0003784295175023652,,,0.3873583804496822,1057,kerb,40039,0.1488968723122117,False,False,16.0,22.0,36.0,0.7788526595978952,4.463583000707763,0,0,dwa,kerb,40039,True,optimized,1.3847772000008263,0,0.0,False
stall,False,41.32000000000086,30.322840153275788,0.7323963635794737,1.3134571789723908,0.7587064498747281,0.2596747877068353,False,0.0,0.08832628336463755,,0.9722134395628618,2066,mixed,40000,0.1382794740817809,False,False,16.0,22.0,36.0,1.0269549633599504,4.188836833563437,4,2,dwa,mixed,40000,True,optimized,5.399354500004847,936,0.4530493707647628,False
stall,False,23.119999999999596,7.756275727493475,0.3340216967807832,1.3266502723707794,0.053784263243480596,0.23751680844347245,False,0.0,0.1922874449485475,,0.4064318122653725,1156,mixed,40001,0.11759975460084857,False,True,16.0,22.0,36.0,0.7243368133338365,3.1962339098678587,3,3,dwa,mixed,40001,True,optimized,3.328672900002857,802,0.6937716262975778,False
goal,True,28.359999999999484,36.568167789473875,1.2874877429311473,0.9903980032091391,0.29145631191608506,0.24013671986468083,False,0.0,0.08281832583030851,,0.8341494903815644,1418,mixed,40002,0.1483565285291978,False,True,16.0,22.0,36.0,0.7508052787243958,4.644611467052789,2,3,dwa,mixed,40002,True,optimized,3.241809600003762,172,0.12129760225669958,True
stall,False,22.279999999999614,7.1660164245594835,0.3206500517931232,1.1812210109611552,0.08428824648792257,0.18963077654771499,False,0.0,0.22097177653581285,,0.3369459991442774,1114,mixed,40003,0.13741979681327354,True,False,16.0,22.0,36.0,0.8490167860554859,4.628405710192151,2,3,dwa,mixed,40003,True,optimized,2.902107000001706,814,0.7307001795332136,False
stall,False,23.999999999999577,11.261371329805522,0.4678525349424914,1.1209302722725147,0.06708675250127184,0.18559805110861993,False,0.0,0.08783819317296537,,0.3879314377636734,1200,mixed,40004,0.09720936530079487,True,False,16.0,22.0,36.0,1.0795923035566237,3.5362672398920467,2,3,dwa,mixed,40004,True,optimized,3.2474648999996134,147,0.1225,False
goal,True,26.439999999999525,36.332068190729096,1.3741008242441126,2.55282480970762,0.6375501782879881,0.25458052845525203,False,0.0,0.24055736618736986,,0.7106112003084318,1322,mixed,40005,0.11561613872560209,False,False,16.0,22.0,36.0,0.9560507401347812,4.376729974275946,3,2,dwa,mixed,40005,True,optimized,3.0182167000020854,268,0.2027231467473525,True
stall,False,27.5399999999995,9.366285528416675,0.3384238982271819,0.9588802380040327,0.0772978688409169,0.1695455737775138,False,0.0,0.061827256844407374,,0.4253823124883704,1377,mixed,40006,0.10392628678605388,False,False,16.0,22.0,36.0,0.8058562020379452,4.409381050135197,2,2,dwa,mixed,40006,True,optimized,3.7988808000009158,905,0.6572258533042846,False
stall,False,39.48000000000057,28.930760785368527,0.73143126916494,1.0563963455176633,0.5202556171374134,0.21896262467252217,False,0.0,0.2320791025754212,,0.8012363440025128,1974,mixed,40007,0.12735084372173167,False,False,16.0,22.0,36.0,0.915670126779264,4.96842277310037,4,3,dwa,mixed,40007,True,optimized,5.358934900003078,128,0.06484295845997974,False
stall,False,20.99999999999964,7.333019747408362,0.34757286238155444,1.0183922123303482,0.06113933447003857,0.15768552839312677,False,0.0,0.2563687704924186,,0.29936727163675136,1050,mixed,40008,0.10759643124749771,True,True,16.0,22.0,36.0,0.8481775663468065,4.540265161935243,2,2,dwa,mixed,40008,True,optimized,2.53600080000615,749,0.7133333333333334,False
goal,True,39.10000000000051,36.524089896593026,0.9319799830236469,1.2240892411270072,0.45603583597769165,0.22826046924933782,False,0.0,0.2745652647199459,,0.929063815174988,1955,mixed,40009,0.09809674133696933,False,True,16.0,22.0,36.0,1.0652296151283247,4.265109495877631,4,2,dwa,mixed,40009,True,optimized,5.240667599995504,542,0.2772378516624041,True
goal,True,28.739999999999476,36.238839023326356,1.2609088079390522,2.7185840061777515,1.0706386190718493,0.2613515252940658,False,0.0,0.012759039396424643,,0.6396936524373806,1437,mixed,40010,0.1334382914041298,False,False,16.0,22.0,36.0,0.7030365816185886,3.562988417407127,4,3,dwa,mixed,40010,True,optimized,3.7802709999959916,213,0.14822546972860126,True
stall,False,18.439999999999696,4.99833516058012,0.26970889155138816,0.9426148467580098,0.047220090008991425,0.13910120072458748,False,0.0,0.06965418700145967,,0.24145593790770975,922,mixed,40011,0.09513880113041694,False,True,16.0,22.0,36.0,0.7683395676925482,3.453176512837374,3,3,dwa,mixed,40011,True,optimized,2.8757007000021986,819,0.8882863340563991,False
stall,False,30.659999999999435,22.78127382492366,0.7235280108897663,2.441932690047653,0.5110852090032902,0.24364489294606223,False,0.0,0.3345318530231195,,1.2400741057742097,1533,mixed,40012,0.12391103662522673,False,False,16.0,22.0,36.0,0.7980316740585215,3.958287936722657,2,1,dwa,mixed,40012,True,optimized,3.3261536999998498,137,0.08936725375081539,False
collision,False,20.359999999999655,25.973200475983738,1.2752366605766303,1.1765532045070146,0.5277340281957548,0.265958847699678,False,0.0,-0.006067338887232432,obstacle,0.5735243885771081,1018,mixed,40013,0.1431049563468558,False,True,16.0,22.0,36.0,0.7814949933564275,3.2978426504033935,3,3,dwa,mixed,40013,True,optimized,2.5446693999983836,318,0.31237721021611004,False
goal,True,39.180000000000526,36.09499952675967,0.9206121756804286,2.9188646970704277,0.8291846351246673,0.23783274099350277,False,0.0,0.07437776775198546,,0.7941088717030468,1959,mixed,40014,0.13210938383980786,False,False,16.0,22.0,36.0,1.0740210071636749,4.461808336819669,4,1,dwa,mixed,40014,True,optimized,5.086893799998506,107,0.05461970393057682,True
collision,False,4.939999999999983,6.9909590300396935,1.417711150691759,0.9703029087395829,0.07477150593290204,0.25672916308159877,False,0.0,-0.010509397431256118,obstacle,0.1790848557515462,247,mixed,40015,0.14966170601972417,False,True,16.0,22.0,36.0,0.7179454037519601,4.558795213330382,3,3,dwa,mixed,40015,True,optimized,0.6818196000021999,102,0.41295546558704455,False
collision,False,8.199999999999914,10.290237559151013,1.2540965512710534,1.007165691015907,0.07773596014581594,0.27948202653912296,False,0.0,-0.0022831646452921017,obstacle,0.2751939434365023,410,mixed,40016,0.12726273883470166,False,True,16.0,22.0,36.0,0.8499502930344071,3.9799304934551447,2,3,dwa,mixed,40016,True,optimized,1.0584299999973155,90,0.21951219512195122,False
goal,True,30.91999999999943,36.252540965230715,1.1723132536472616,2.2562609749938445,0.797575963022313,0.2501265568823648,False,0.0,0.10812451444001558,,0.7106676677746042,1546,mixed,40017,0.10617792480799618,True,False,16.0,22.0,36.0,0.8113443294992472,3.020085908641412,4,3,dwa,mixed,40017,True,optimized,3.9442351999969105,189,0.1222509702457956,True
collision,False,8.799999999999901,10.743974765323417,1.2203611743416218,1.004211403724026,0.05956403931574735,0.24646436857850182,False,0.0,-0.010770766565021739,obstacle,0.2729219649351874,440,mixed,40018,0.116069208165202,True,True,16.0,22.0,36.0,0.7696339718997771,3.1314938087028037,4,3,dwa,mixed,40018,True,optimized,1.2175299000009545,102,0.2318181818181818,False
goal,True,26.939999999999515,36.15405004944398,1.3423801251598992,1.4006885711656736,0.5236238379441196,0.21403142854096285,False,0.0,0.3268229052858628,,0.7332360009930712,1347,mixed,40019,0.10783105943662999,True,False,16.0,22.0,36.0,0.906573083335485,4.495864137350109,4,1,dwa,mixed,40019,True,optimized,3.3699005999951623,339,0.2516703786191537,True
stall,False,41.98000000000096,29.796671915967096,0.7094203016900875,2.898783333893922,0.7034455705148467,0.1859971086927283,False,0.0,0.542290302231406,,0.5974859917076811,2099,mixed,40020,0.11728344647129728,False,False,16.0,22.0,36.0,1.0784303399483601,3.8980196533822684,2,1,dwa,mixed,40020,True,optimized,4.3819524999998976,2,0.0009528346831824678,False
goal,True,29.139999999999468,36.69000631166087,1.2583482166073623,2.865269477756314,0.8042689228606658,0.2831479558524464,False,0.0,0.06553210277538002,,0.8301612194688606,1457,mixed,40021,0.1349724742931551,False,False,16.0,22.0,36.0,0.7802842716162096,3.5386999951573146,4,2,dwa,mixed,40021,True,optimized,3.5433878999974695,316,0.21688400823610157,True
stall,False,31.579999999999416,22.76592563267454,0.7042728853203836,2.436766979475239,0.5852325886915453,0.23451932227359448,False,0.0,0.8407872528158722,,0.942157421632561,1579,mixed,40022,0.14577035564304586,False,False,16.0,22.0,36.0,0.9857899162482915,3.876455550552783,4,3,dwa,mixed,40022,True,optimized,3.8345487999977195,187,0.11842938568714376,False
goal,True,28.219999999999487,36.29838310531102,1.2852678963963153,2.3013007817605025,0.6908798111431378,0.26463355444184977,False,0.0,0.11761686356207654,,0.8148866157238265,1411,mixed,40023,0.13168477062749592,True,False,16.0,22.0,36.0,0.8516422703049387,4.935202389266619,4,3,dwa,mixed,40023,True,optimized,3.6409901000006357,315,0.2232459248759745,True
stall,False,37.22000000000022,28.062638979050764,0.7534556688427454,1.2565288436360367,0.11868036821787409,0.1874795409406373,False,0.0,0.31191929097466775,,0.6165599196461695,1861,mixed,40024,0.11385203798090476,True,True,16.0,22.0,36.0,1.0306603538535497,3.6198489947184163,2,3,dwa,mixed,40024,True,optimized,4.283011200001056,0,0.0,False
stall,False,36.880000000000166,27.55772369787142,0.7463270939604864,1.0023713021175036,0.583704040818906,0.16381379061668125,False,0.0,0.17592003436932746,,0.6327364316408894,1844,mixed,40025,0.13728872377668433,False,True,16.0,22.0,36.0,0.8526272218542965,4.173848518190195,4,3,dwa,mixed,40025,True,optimized,4.408245700004045,876,0.4750542299349241,False
collision,False,9.35999999999989,5.216670913997002,0.5564140917364447,1.0387073154821829,0.0742012227765683,0.2685271457937267,False,0.0,-0.001991260217778623,obstacle,0.21807019245682152,468,mixed,40026,0.12791466115434708,True,False,16.0,22.0,36.0,1.044141999212794,3.6659385751060407,2,3,dwa,mixed,40026,True,optimized,1.1159372000038275,41,0.0876068376068376,False
stall,False,22.9999999999996,4.491635930550813,0.19212342248846292,1.1776805300749678,0.06713793221671269,0.20714004174043488,False,0.0,0.05865815087456838,,0.3648751550063594,1150,mixed,40027,0.10375711799575914,False,True,16.0,22.0,36.0,1.053542838541399,4.265938298700595,3,1,dwa,mixed,40027,True,optimized,3.1117192000019713,881,0.7660869565217391,False
stall,False,44.92000000000142,26.447911450931944,0.5877941900167943,2.33725369548834,0.5849426005047874,0.1882532762092282,False,0.0,0.11949175554207503,,0.6458541773807727,2246,mixed,40028,0.12378022218339735,False,False,16.0,22.0,36.0,0.7216495609265299,4.767537849018466,3,2,dwa,mixed,40028,True,optimized,5.470320799999172,787,0.3504007123775601,False
goal,True,34.65999999999982,37.33712025207543,1.074781683995207,1.0698723870647315,0.3191123221921745,0.22481057776587643,False,0.0,0.2459590470970562,,0.7642998898428048,1733,mixed,40029,0.11068266601463561,False,True,16.0,22.0,36.0,0.7120046903057495,3.873518351399377,4,3,dwa,mixed,40029,True,optimized,3.9020998000050895,285,0.16445470282746683,True
stall,False,36.76000000000015,27.38049282504294,0.7430202104075592,1.1866520248919696,0.46777031028153554,0.2081180082118728,False,0.0,0.08354197588449941,,0.7882117404463372,1838,mixed,40030,0.1019701224578749,False,False,16.0,22.0,36.0,0.9708094058038798,4.2320673561172075,4,1,dwa,mixed,40030,True,optimized,4.667899100000795,226,0.12295973884657237,False
stall,False,30.079999999999448,8.719994727030107,0.28933899561185195,1.0197128421944106,0.08612423572357183,0.11061489652295572,False,0.0,0.25823375089473544,,0.3037134377508136,1504,mixed,40031,0.11838959127106012,False,False,16.0,22.0,36.0,1.0141076789449541,4.580459609903585,3,1,dwa,mixed,40031,True,optimized,3.413745600002585,424,0.28191489361702127,False
goal,True,26.339999999999527,36.19500269327276,1.3741476611515926,2.5836069582934593,0.7829891207091767,0.2621415381257734,False,0.0,0.29018616925316054,,0.5587152582924816,1317,mixed,40032,0.1311410067452635,False,False,16.0,22.0,36.0,0.8158921726449161,3.4731275484511577,4,1,dwa,mixed,40032,True,optimized,2.9692909000004875,36,0.02733485193621868,True
stall,False,23.199999999999594,10.296394670287436,0.4423820872655895,1.0547691835362765,0.07288533748144826,0.1675076157167994,False,0.0,0.07008989786047023,,0.3795338555101051,1160,mixed,40033,0.12691284061082575,False,False,16.0,22.0,36.0,0.7251047910836249,4.406303961790812,2,3,dwa,mixed,40033,True,optimized,3.2237812999956077,779,0.6715517241379311,False
stall,False,20.65999999999965,7.64498369444201,0.36932588195125293,0.9932370863878289,0.05925901540451269,0.14956225403737436,False,0.0,0.1392428652330182,,0.32497627917094485,1033,mixed,40034,0.11351754956284855,False,False,16.0,22.0,36.0,0.8842371725297713,3.8591991611600687,4,2,dwa,mixed,40034,True,optimized,2.64549590000388,777,0.7521781219748306,False
stall,False,23.159999999999595,8.129781403864628,0.3492735177981408,1.0676656847157953,0.08147600211218106,0.20798129139415714,False,0.0,0.09216608355168421,,0.4231762770563191,1158,mixed,40035,0.12159995420100617,False,True,16.0,22.0,36.0,0.9724730030392097,4.1935511046130625,4,2,dwa,mixed,40035,True,optimized,3.5033832999979495,237,0.20466321243523317,False
goal,True,22.659999999999606,36.10419624275287,1.593632109067619,2.7674628104092744,0.8895425076143803,0.2658384817139032,False,0.0,0.09064040855260891,,0.6248533840357189,1133,mixed,40036,0.14266727735156232,False,False,16.0,22.0,36.0,1.069162997705235,4.339039910918447,2,3,dwa,mixed,40036,True,optimized,2.413324500004819,119,0.10503089143865843,True
stall,False,30.35999999999944,6.269539492810992,0.2052465274114685,1.0878258264762355,0.05404197649248206,0.14214129004516576,False,0.0,0.10525950001348117,,0.3361268215191082,1518,mixed,40037,0.09270055121386228,True,False,16.0,22.0,36.0,0.7600347229307929,3.0361488610625345,4,1,dwa,mixed,40037,True,optimized,3.9797371000022395,1168,0.769433465085639,False
goal,True,25.919999999999536,36.21182354155051,1.3972070502966727,2.435454354556827,0.7002933645853974,0.2294952417042872,False,0.0,0.18564815945056357,,0.6120067242389258,1296,mixed,40038,0.12137017462719892,True,False,16.0,22.0,36.0,1.087547914896784,4.573518959252186,4,1,dwa,mixed,40038,True,optimized,3.05511110000225,229,0.17669753086419754,True
stall,False,44.02000000000128,31.162488384279133,0.7064447502403893,1.9364424929036193,0.9736234983862463,0.21834659644766033,False,0.0,0.06182845945602561,,0.8134881444838677,2201,mixed,40039,0.1488968723122117,False,False,16.0,22.0,36.0,0.7788526595978952,4.463583000707763,4,2,dwa,mixed,40039,True,optimized,5.054680699999153,790,0.35892776010904137,False
