outcome,success,time_s,path_m,mean_speed,peak_shock_g,peak_shock_vertical_g,shock_rms_g,shock_over_budget,frac_time_over_budget,min_clearance_m,collision_kind,energy_wh,steps,sc_family,sc_seed,sc_kerb_h,sc_ramp_down,sc_ramp_up,sc_x_down,sc_x_up,sc_x_goal,sc_tyre_mu,sc_payload_mass,sc_n_ped,sc_n_obstacle,controller,family,seed,shield,tag,wall_s,interventions,intervention_frac
goal,True,20.259999999999657,36.01413606709709,1.778508363418935,1.0813986851511694,0.07248886706885775,0.09367324667128554,False,0.0,,,0.33311865718469647,1013,flat_clear,1000,0.0,False,False,1000.0,1000.0,36.0,0.9415367388025319,4.042771475950126,0,0,dwa,flat_clear,1000,True,smoke,1.3118273000000045,0,0.0
goal,True,20.299999999999656,36.05521226200362,1.777046534622951,0.8840678454984126,0.04789766534712701,0.08358682340721121,False,0.0,,,0.3414004920391605,1015,flat_clear,1001,0.0,False,False,1000.0,1000.0,36.0,0.7062801871281326,4.225189857139902,0,0,dwa,flat_clear,1001,True,smoke,1.2745141000004878,0,0.0
goal,True,20.259999999999657,36.01275538311099,1.77846638842283,1.0256334557618851,0.06335433165701833,0.09111030165020999,False,0.0,,,0.32963243587595215,1013,flat_clear,1002,0.0,False,False,1000.0,1000.0,36.0,0.8428757350683788,3.761642318966232,0,0,dwa,flat_clear,1002,True,smoke,1.3214876000001823,0,0.0
goal,True,20.279999999999657,36.04210009271664,1.7781577140777176,1.008647490610349,0.07388250196171978,0.08880672117109635,False,0.0,,,0.33310863408911706,1014,flat_clear,1003,0.0,False,False,1000.0,1000.0,36.0,0.8026823240875288,3.3755147365372666,0,0,dwa,flat_clear,1003,True,smoke,1.3283599999995204,0,0.0
goal,True,20.279999999999657,36.03341641457216,1.7777473444944882,0.9701473765152347,0.092407345531437,0.08571328561351874,False,0.0,,,0.33267558346195714,1014,flat_clear,1004,0.0,False,False,1000.0,1000.0,36.0,0.7520605248510526,3.0017609054814303,0,0,dwa,flat_clear,1004,True,smoke,1.3038370000003852,0,0.0
goal,True,20.259999999999657,36.010544158133456,1.7783527865533137,1.1373109033290312,0.08694776424226262,0.09462793393117588,False,0.0,,,0.3270054268225499,1013,flat_clear,1005,0.0,False,False,1000.0,1000.0,36.0,1.0722248169554416,3.1644383461357872,0,0,dwa,flat_clear,1005,True,smoke,1.2548406999994768,0,0.0
goal,True,20.259999999999657,36.01583730619184,1.7786243283382217,1.104193642026649,0.08111408884784553,0.09373210476945715,False,0.0,,,0.33320016636268884,1013,flat_clear,1006,0.0,False,False,1000.0,1000.0,36.0,0.940342777519862,3.673842867145649,0,0,dwa,flat_clear,1006,True,smoke,1.3039776999994501,0,0.0
goal,True,20.279999999999657,36.04898131068325,1.7784962156399586,1.1509125800586446,0.09679226876855698,0.09443622642519134,False,0.0,,,0.33319116638487856,1014,flat_clear,1007,0.0,False,False,1000.0,1000.0,36.0,1.0263921380711774,3.1424498749217715,0,0,dwa,flat_clear,1007,True,smoke,1.282421500000055,0,0.0
goal,True,20.279999999999657,36.047951104460566,1.77844401886336,1.1337860772570054,0.07202831120195079,0.09471492258998936,False,0.0,,,0.33901670223505753,1014,flat_clear,1008,0.0,False,False,1000.0,1000.0,36.0,1.0252202990915118,3.3345054981092375,0,0,dwa,flat_clear,1008,True,smoke,1.3033901999997397,0,0.0
goal,True,20.259999999999657,36.00969708580874,1.7783067053075332,1.037252608150348,0.08262456471782563,0.09017584504179207,False,0.0,,,0.3344040910244966,1013,flat_clear,1009,0.0,False,False,1000.0,1000.0,36.0,0.8307662350691447,3.1130009241068786,0,0,dwa,flat_clear,1009,True,smoke,1.3319955999995727,0,0.0
goal,True,20.259999999999657,36.013122539517504,1.7784366970269143,1.1038592696996095,0.08937031426708643,0.09203598146076347,False,0.0,,,0.3338450311879309,1013,flat_clear,1010,0.0,False,False,1000.0,1000.0,36.0,0.9143222924947375,3.1899845659231447,0,0,dwa,flat_clear,1010,True,smoke,1.3059028000006947,0,0.0
goal,True,20.259999999999657,36.01455352733988,1.7785433860372208,1.0985959462050239,0.08216206034051948,0.09332270885735797,False,0.0,,,0.33410361214268747,1013,flat_clear,1011,0.0,False,False,1000.0,1000.0,36.0,0.9253294142037582,3.5682496807008732,0,0,dwa,flat_clear,1011,True,smoke,1.3031817999999475,0,0.0
goal,True,20.279999999999657,36.04802635773482,1.778443240730046,1.1302178562522054,0.07431015830188568,0.09426015351714598,False,0.0,,,0.3347947611985009,1014,flat_clear,1012,0.0,False,False,1000.0,1000.0,36.0,1.012258673751197,3.612640966541278,0,0,dwa,flat_clear,1012,True,smoke,1.2736629000000903,0,0.0
goal,True,20.279999999999657,36.02983690908258,1.7775767839068524,0.9303700605778331,0.0646790351301723,0.08569161210444405,False,0.0,,,0.32904855265801664,1014,flat_clear,1013,0.0,False,False,1000.0,1000.0,36.0,0.7315917886297024,4.588985830612375,0,0,dwa,flat_clear,1013,True,smoke,1.3166648000005807,0,0.0
goal,True,20.259999999999657,36.01275560241888,1.7784414881761261,1.1044295086827016,0.07617883939646204,0.09302066694621057,False,0.0,,,0.33312901503316994,1013,flat_clear,1014,0.0,False,False,1000.0,1000.0,36.0,0.9342809221201659,3.8710480032456,0,0,dwa,flat_clear,1014,True,smoke,1.3045894999995653,0,0.0
goal,True,20.279999999999657,36.050489425508054,1.7785545496316546,1.0891905712832122,0.07940884677076175,0.09376355101524288,False,0.0,,,0.33599383262576415,1014,flat_clear,1015,0.0,False,False,1000.0,1000.0,36.0,0.9428271314429462,3.7198058704681163,0,0,dwa,flat_clear,1015,True,smoke,1.3282335999992938,0,0.0
goal,True,20.259999999999657,36.0157636367772,1.7786382959703027,1.073471701201407,0.06812274773190807,0.09233028223967381,False,0.0,,,0.3270425179507245,1013,flat_clear,1016,0.0,False,False,1000.0,1000.0,36.0,0.8770775964377245,3.4559831934243705,0,0,dwa,flat_clear,1016,True,smoke,1.297378799999933,0,0.0
goal,True,20.259999999999657,36.00793335521609,1.7782342916094787,1.0903855218688656,0.04972385230283773,0.09399980161474647,False,0.0,,,0.3278106523375873,1013,flat_clear,1017,0.0,False,False,1000.0,1000.0,36.0,1.028532749453526,4.836703508620552,0,0,dwa,flat_clear,1017,True,smoke,1.3068361999994522,0,0.0
goal,True,20.259999999999657,36.01334619145638,1.778494244332401,1.0769254800470043,0.06815177002728874,0.09218286735034432,False,0.0,,,0.3356449749731956,1013,flat_clear,1018,0.0,False,False,1000.0,1000.0,36.0,0.8819836302780435,4.1879508983773786,0,0,dwa,flat_clear,1018,True,smoke,1.3027898999998797,0,0.0
goal,True,20.279999999999657,36.04769688786288,1.7784324634381865,1.0564066634687295,0.07300854803912078,0.09109787545656926,False,0.0,,,0.3356861950862891,1014,flat_clear,1019,0.0,False,False,1000.0,1000.0,36.0,0.8583980191574891,3.433853717213183,0,0,dwa,flat_clear,1019,True,smoke,1.2974489999996877,0,0.0
goal,True,20.279999999999657,36.0440775124442,1.7782837076180653,1.006972345617638,0.06499445448355484,0.08995163553511196,False,0.0,,,0.33367881574190644,1014,flat_clear,1020,0.0,False,False,1000.0,1000.0,36.0,0.8134701125152806,4.1574004859917215,0,0,dwa,flat_clear,1020,True,smoke,1.297890499999994,0,0.0
goal,True,20.299999999999656,36.061118177074775,1.777298627519391,0.917599387414718,0.07797117281709703,0.08500642595606003,False,0.0,,,0.3409154848983789,1015,flat_clear,1021,0.0,False,False,1000.0,1000.0,36.0,0.7323405650889366,3.748776285058246,0,0,dwa,flat_clear,1021,True,smoke,1.3197568000005049,0,0.0
goal,True,20.259999999999657,36.01144124354021,1.778413996126362,1.139146807841454,0.0750739468839071,0.09453105215505624,False,0.0,,,0.32709655364304874,1013,flat_clear,1022,0.0,False,False,1000.0,1000.0,36.0,1.067366702422499,3.001053290848632,0,0,dwa,flat_clear,1022,True,smoke,1.3090863999996145,0,0.0
goal,True,20.259999999999657,36.009277502458445,1.7783105102490568,1.1227737355134673,0.06329012683825655,0.09456847768561352,False,0.0,,,0.3313698506652181,1013,flat_clear,1023,0.0,False,False,1000.0,1000.0,36.0,1.0623594940330707,3.6777381600170527,0,0,dwa,flat_clear,1023,True,smoke,1.2956246000003375,0,0.0
goal,True,20.279999999999657,36.03900506243107,1.7779894080791214,1.0075171799084264,0.06738068086981001,0.08859331048907337,False,0.0,,,0.33910163457586356,1014,flat_clear,1024,0.0,False,False,1000.0,1000.0,36.0,0.8033411240091805,3.6449239382331395,0,0,dwa,flat_clear,1024,True,smoke,1.2905427000005147,0,0.0
goal,True,20.259999999999657,36.01262043301926,1.7784785368913423,1.0818534553721482,0.05977617279617268,0.09355231016005273,False,0.0,,,0.3324491579600966,1013,flat_clear,1025,0.0,False,False,1000.0,1000.0,36.0,0.9516029979700883,4.642234733205431,0,0,dwa,flat_clear,1025,True,smoke,1.3104174000000057,0,0.0
goal,True,20.259999999999657,36.01484258848679,1.7785723861725573,1.093041685874557,0.08623944792437335,0.09338746188607017,False,0.0,,,0.3357945322257436,1013,flat_clear,1026,0.0,False,False,1000.0,1000.0,36.0,0.9380469058269284,3.3414743918087773,0,0,dwa,flat_clear,1026,True,smoke,1.3304529999995793,0,0.0
goal,True,20.279999999999657,36.04993658234619,1.778540660134002,1.094739087411713,0.10046789743230733,0.09289049536881108,False,0.0,,,0.3389137940118117,1014,flat_clear,1027,0.0,False,False,1000.0,1000.0,36.0,0.9248582573641619,3.0559491122222395,0,0,dwa,flat_clear,1027,True,smoke,1.3510547000005317,0,0.0
goal,True,20.279999999999657,36.04663973005334,1.7783922695163257,1.0382820725673423,0.05001138845201593,0.09142355642004527,False,0.0,,,0.3372956850890071,1014,flat_clear,1028,0.0,False,False,1000.0,1000.0,36.0,0.8544065774331859,4.632342157225378,0,0,dwa,flat_clear,1028,True,smoke,1.2906485999992583,0,0.0
goal,True,20.259999999999657,36.007409195721394,1.7782085354509953,1.0835814337651524,0.07192494870907477,0.0940241111182398,False,0.0,,,0.3326433650305704,1013,flat_clear,1029,0.0,False,False,1000.0,1000.0,36.0,1.0291744489336718,4.673554672652967,0,0,dwa,flat_clear,1029,True,smoke,1.306839800000489,0,0.0
goal,True,20.279999999999657,36.02434967932898,1.7773010746783564,0.9239450053288093,0.06297573019334157,0.08383863536616336,False,0.0,,,0.3324465940763646,1014,flat_clear,1030,0.0,False,False,1000.0,1000.0,36.0,0.7100748391554423,3.473729495597242,0,0,dwa,flat_clear,1030,True,smoke,1.3047256999998353,0,0.0
goal,True,20.279999999999657,36.04210411999809,1.7781709066919222,1.109030845713947,0.06250497929153358,0.09441415209802827,False,0.0,,,0.32880578301223834,1014,flat_clear,1031,0.0,False,False,1000.0,1000.0,36.0,1.0801960908688777,4.385133828919447,0,0,dwa,flat_clear,1031,True,smoke,1.3284703999997873,0,0.0
goal,True,20.279999999999657,36.04002040459566,1.7780451140845823,1.0149297876626835,0.059491839075447674,0.08922310251902726,False,0.0,,,0.3352926378845633,1014,flat_clear,1032,0.0,False,False,1000.0,1000.0,36.0,0.7938761728460942,4.755480012589579,0,0,dwa,flat_clear,1032,True,smoke,1.276008599999841,0,0.0
goal,True,20.259999999999657,36.00715570821489,1.7781868278609767,1.097367070318061,0.06308287906630099,0.09426098455000788,False,0.0,,,0.3272832497583264,1013,flat_clear,1033,0.0,False,False,1000.0,1000.0,36.0,1.049199002087901,4.65627625426184,0,0,dwa,flat_clear,1033,True,smoke,1.331813300000249,0,0.0
goal,True,20.279999999999657,36.03202279561915,1.7776561677545586,0.9572479505052295,0.06216241266399634,0.08735567030176536,False,0.0,,,0.3424963543876068,1014,flat_clear,1034,0.0,False,False,1000.0,1000.0,36.0,0.7644419100897226,4.960522680359679,0,0,dwa,flat_clear,1034,True,smoke,1.3279297000008228,0,0.0
goal,True,20.259999999999657,36.00981269739853,1.778282135254331,1.0322447532633185,0.07602582422866111,0.0904976056607204,False,0.0,,,0.3373292082418061,1013,flat_clear,1035,0.0,False,False,1000.0,1000.0,36.0,0.852053507214412,3.639780951755606,0,0,dwa,flat_clear,1035,True,smoke,1.3087524000002304,0,0.0
goal,True,20.279999999999657,36.047443032887465,1.7784126358459693,1.1328241319349288,0.06831121305702074,0.09449549602854015,False,0.0,,,0.3380454380538757,1014,flat_clear,1036,0.0,False,False,1000.0,1000.0,36.0,1.0203688012438894,3.5881162897568393,0,0,dwa,flat_clear,1036,True,smoke,1.2550154999998995,0,0.0
goal,True,20.259999999999657,36.01016843734662,1.778338172790915,1.0252577923205315,0.07164049197720196,0.0900885369537577,False,0.0,,,0.3264986094047356,1013,flat_clear,1037,0.0,False,False,1000.0,1000.0,36.0,0.8236235544048465,3.6446668456292,0,0,dwa,flat_clear,1037,True,smoke,1.283098400000199,0,0.0
goal,True,20.279999999999657,36.03081816868354,1.7776312428927188,0.9501806848960282,0.0779311443597178,0.08564146116625271,False,0.0,,,0.3343124732041903,1014,flat_clear,1038,0.0,False,False,1000.0,1000.0,36.0,0.7394084515409659,3.6535129386218568,0,0,dwa,flat_clear,1038,True,smoke,1.334893700000066,0,0.0
goal,True,20.259999999999657,36.013511416796504,1.7785065358587455,1.0819451937617424,0.07089449062016215,0.09282768760287688,False,0.0,,,0.333724052078688,1013,flat_clear,1039,0.0,False,False,1000.0,1000.0,36.0,0.8922484377491442,4.738645777348411,0,0,dwa,flat_clear,1039,True,smoke,1.3177396999999473,0,0.0
goal,True,22.9999999999996,36.10485037043854,1.5695493054691518,3.3303987649608855,1.7487036973044827,0.2575749531665987,True,0.0008695652173913044,,,0.42771703767796215,1150,kerb,1000,0.12172554153720315,True,False,16.0,22.0,36.0,0.9415367388025319,4.042771475950126,0,0,dwa,kerb,1000,True,smoke,1.549693799999659,0,0.0
goal,True,23.139999999999596,36.09016058695792,1.56023136007172,2.186379443656576,2.011608816557673,0.22908814366203373,False,0.0,,,0.4350540612212733,1157,kerb,1001,0.09457191805606885,True,False,16.0,22.0,36.0,0.7062801871281326,4.225189857139902,0,0,dwa,kerb,1001,True,smoke,1.6030676000000312,0,0.0
goal,True,22.599999999999607,36.03331259056271,1.5953562433137771,2.0613679577285082,1.3923719369476746,0.17575761871090323,False,0.0,,,0.38721891988344126,1130,kerb,1002,0.1102278712079722,False,True,16.0,22.0,36.0,0.8428757350683788,3.761642318966232,0,0,dwa,kerb,1002,True,smoke,1.5087811000003057,0,0.0
goal,True,22.839999999999602,36.13738734374101,1.5797533132804678,4.042561413477356,2.168070433293777,0.34086998909442806,True,0.0031523642732049035,,,0.4515427174925871,1142,kerb,1003,0.1351267717005646,False,False,16.0,22.0,36.0,0.8026823240875288,3.3755147365372666,0,0,dwa,kerb,1003,True,smoke,1.592601399999694,0,0.0
goal,True,22.43999999999961,36.06244772801191,1.608035424157943,2.0675577391312654,1.4323811261693495,0.17113957968980695,False,0.0,,,0.3962554910752705,1122,kerb,1004,0.12724042829147925,False,True,16.0,22.0,36.0,0.7520605248510526,3.0017609054814303,0,0,dwa,kerb,1004,True,smoke,1.4993528000004517,0,0.0
goal,True,22.299999999999613,36.06006038904928,1.6180955095352691,2.4495270687217383,1.6733166401589803,0.19261079715555102,False,0.0,,,0.3847726806059845,1115,kerb,1005,0.14008756347264517,False,True,16.0,22.0,36.0,1.0722248169554416,3.1644383461357872,0,0,dwa,kerb,1005,True,smoke,1.517686600000161,0,0.0
goal,True,22.779999999999603,36.128646522725575,1.5844703803712263,3.6903547284345324,2.095093068923954,0.3299223506054471,True,0.0029850746268656717,,,0.4534885237722427,1139,kerb,1006,0.13798619136994436,False,False,16.0,22.0,36.0,0.940342777519862,3.673842867145649,0,0,dwa,kerb,1006,True,smoke,1.5525256999999328,0,0.0
goal,True,22.779999999999603,36.11312378355823,1.585314052645386,3.795580466694816,1.9789012902293783,0.3089711078459514,True,0.0021071115013169446,,,0.43427498926245656,1139,kerb,1007,0.12532912761100018,False,False,16.0,22.0,36.0,1.0263921380711774,3.1424498749217715,0,0,dwa,kerb,1007,True,smoke,1.600901800000429,0,0.0
goal,True,22.9599999999996,36.15588036709183,1.5729427177798594,3.7981408715635103,2.048502133550808,0.3596909304983054,True,0.003832752613240418,,,0.47698308922375093,1148,kerb,1008,0.14899129644859244,False,False,16.0,22.0,36.0,1.0252202990915118,3.3345054981092375,0,0,dwa,kerb,1008,True,smoke,1.5115243000000191,0,0.0
goal,True,22.8999999999996,36.14978979911871,1.5758251808696164,4.096748810870186,2.3118402177536024,0.36114832656541046,True,0.004366812227074236,,,0.46699442563702287,1145,kerb,1009,0.13955075234864514,False,False,16.0,22.0,36.0,0.8307662350691447,3.1130009241068786,0,0,dwa,kerb,1009,True,smoke,1.5422088000004806,0,0.0
goal,True,22.8599999999996,36.140285236409035,1.578826359528459,3.921547663778992,2.1631715008715338,0.34909776517651,True,0.004024496937882764,,,0.4637580803799014,1143,kerb,1010,0.14092917234874167,False,False,16.0,22.0,36.0,0.9143222924947375,3.1899845659231447,0,0,dwa,kerb,1010,True,smoke,1.5733605999994325,0,0.0
goal,True,23.019999999999598,36.078328181397694,1.5678877201223478,2.5147982614114954,1.3734760118789107,0.23439054652790298,False,0.0,,,0.4216521289970739,1151,kerb,1011,0.09616849981633248,False,False,16.0,22.0,36.0,0.9253294142037582,3.5682496807008732,0,0,dwa,kerb,1011,True,smoke,1.6297488000000158,0,0.0
goal,True,22.8799999999996,36.11309683040241,1.5783633125679102,3.266802984151065,1.7964389067661377,0.2829997773832691,True,0.0006993006993006993,,,0.4363418906944272,1144,kerb,1012,0.11962358480705315,False,False,16.0,22.0,36.0,1.012258673751197,3.612640966541278,0,0,dwa,kerb,1012,True,smoke,1.5400672000005216,0,0.0
goal,True,22.9399999999996,36.032108092355614,1.5715177513941352,4.919173339591597,1.9534471873901547,0.30797301771672525,True,0.0019180470793374019,,,0.438304493626819,1147,kerb,1013,0.1327268096242555,True,False,16.0,22.0,36.0,0.7315917886297024,4.588985830612375,0,0,dwa,kerb,1013,True,smoke,1.6028728000001138,0,0.0
goal,True,22.9599999999996,36.08115879045477,1.571571760766665,3.165718575952884,1.7487828570583588,0.2571122976664218,True,0.0006968641114982578,,,0.42776575308697545,1148,kerb,1014,0.12068362344298314,True,False,16.0,22.0,36.0,0.9342809221201659,3.8710480032456,0,0,dwa,kerb,1014,True,smoke,1.5583904000004623,0,0.0
goal,True,22.9799999999996,36.08349457979201,1.5710756261188463,2.35242754345169,1.2726560186608629,0.20230899112169548,False,0.0,,,0.41563104046318383,1149,kerb,1015,0.09182936909865673,True,False,16.0,22.0,36.0,0.9428271314429462,3.7198058704681163,0,0,dwa,kerb,1015,True,smoke,1.7407654999997249,0,0.0
goal,True,22.739999999999604,36.03011670770714,1.5852259707615006,4.526644147640766,1.6946203057805578,0.2981922464934069,True,0.0015831134564643799,,,0.4203713768067866,1137,kerb,1016,0.11489768201833152,False,False,16.0,22.0,36.0,0.8770775964377245,3.4559831934243705,0,0,dwa,kerb,1016,True,smoke,1.5071710000001985,0,0.0
goal,True,23.019999999999598,36.083513277659954,1.568164424637746,2.3260821122203676,1.1785575928896754,0.22030724681743252,False,0.0,,,0.41448807468326954,1151,kerb,1017,0.09411696722856595,False,False,16.0,22.0,36.0,1.028532749453526,4.836703508620552,0,0,dwa,kerb,1017,True,smoke,1.5314816999998584,0,0.0
goal,True,22.839999999999602,36.09737769319231,1.5802903149103962,3.168497352115583,1.7426016165259601,0.2861743703742705,True,0.0012259194395796847,,,0.4415884464586586,1142,kerb,1018,0.12169451101191565,False,False,16.0,22.0,36.0,0.8819836302780435,4.1879508983773786,0,0,dwa,kerb,1018,True,smoke,1.5557087000006504,0,0.0
goal,True,23.019999999999598,36.10221770608911,1.5688593936118136,2.705280804230688,1.5336880023651602,0.24857025356975873,False,0.0,,,0.42533045851819734,1151,kerb,1019,0.10273590026971928,False,False,16.0,22.0,36.0,0.8583980191574891,3.433853717213183,0,0,dwa,kerb,1019,True,smoke,1.5956428999998025,0,0.0
goal,True,23.059999999999597,36.06801450121716,1.564756786618386,2.6318649644296936,1.2986851571635194,0.23450462195260152,False,0.0,,,0.41651218511319676,1153,kerb,1020,0.09532620733151166,False,False,16.0,22.0,36.0,0.8134701125152806,4.1574004859917215,0,0,dwa,kerb,1020,True,smoke,1.5031882000002952,0,0.0
goal,True,23.119999999999596,36.08428965857101,1.5610818200675307,2.786535025811417,1.3834796581790039,0.2540568116342841,False,0.0,,,0.43643474837984536,1156,kerb,1021,0.10047913896395426,False,False,16.0,22.0,36.0,0.7323405650889366,3.748776285058246,0,0,dwa,kerb,1021,True,smoke,1.6013997000000018,0,0.0
goal,True,22.819999999999602,36.08913906581492,1.581652867846626,3.405651834423553,1.9364077230517331,0.2925695828890475,True,0.0015775635407537247,,,0.4231119682780245,1141,kerb,1022,0.1208464795392327,False,False,16.0,22.0,36.0,1.067366702422499,3.001053290848632,0,0,dwa,kerb,1022,True,smoke,1.561946199999511,0,0.0
goal,True,22.359999999999612,36.084731897582735,1.6148231529048303,2.0612474530732254,1.3917915886593961,0.180656244395841,False,0.0,,,0.39942065143195926,1118,kerb,1023,0.13938613930373125,False,True,16.0,22.0,36.0,1.0623594940330707,3.6777381600170527,0,0,dwa,kerb,1023,True,smoke,1.6768977000001541,0,0.0
goal,True,22.9999999999996,36.11219355411088,1.5691307254887585,3.558714227674939,1.9931790213073919,0.27943296189622957,True,0.001565217391304348,,,0.44467153703168294,1150,kerb,1024,0.12742371124749005,True,False,16.0,22.0,36.0,0.8033411240091805,3.6449239382331395,0,0,dwa,kerb,1024,True,smoke,1.5812537000001612,0,0.0
goal,True,22.8999999999996,36.08279778304077,1.5762348708528344,2.6022915433669285,1.3831608158097508,0.24828991559887656,False,0.0,,,0.4254197861081277,1145,kerb,1025,0.10611796749506633,False,False,16.0,22.0,36.0,0.9516029979700883,4.642234733205431,0,0,dwa,kerb,1025,True,smoke,1.5938024999995832,0,0.0
goal,True,22.779999999999603,36.08267658543321,1.583860502164972,3.543030456211029,1.9589696801904373,0.3005462787263278,True,0.0021071115013169446,,,0.44111188189679523,1139,kerb,1026,0.12420554728644553,False,False,16.0,22.0,36.0,0.9380469058269284,3.3414743918087773,0,0,dwa,kerb,1026,True,smoke,1.5450864000004003,0,0.0
goal,True,22.9399999999996,36.17177147587994,1.5739088782529367,4.122784301280548,2.1905999759983557,0.36375164069300725,True,0.004707933740191805,,,0.47459092679685966,1147,kerb,1027,0.14434928086839663,False,False,16.0,22.0,36.0,0.9248582573641619,3.0559491122222395,0,0,dwa,kerb,1027,True,smoke,1.6798067999998239,0,0.0
goal,True,22.8999999999996,36.17243241356064,1.5770677515625628,3.52215362543747,1.8134889482119592,0.3292701967759372,True,0.0022707423580786024,,,0.4736841838165138,1145,kerb,1028,0.1402814546945802,False,False,16.0,22.0,36.0,0.8544065774331859,4.632342157225378,0,0,dwa,kerb,1028,True,smoke,1.5566091999999117,0,0.0
goal,True,22.8599999999996,36.062198072413985,1.5779961441525538,2.6641390034160555,1.4724836333748945,0.2536279383912212,False,0.0,,,0.42707816249136993,1143,kerb,1029,0.1121120985381486,False,False,16.0,22.0,36.0,1.0291744489336718,4.673554672652967,0,0,dwa,kerb,1029,True,smoke,1.6071408000007068,0,0.0
goal,True,22.799999999999603,36.25316455877861,1.5829420017160607,6.318407140792807,1.687027548072256,0.3522845770232817,True,0.002105263157894737,,,0.46066204953926204,1140,kerb,1030,0.14944884071670828,False,False,16.0,22.0,36.0,0.7100748391554423,3.473729495597242,0,0,dwa,kerb,1030,True,smoke,1.5390250999998898,0,0.0
goal,True,22.799999999999603,36.083102288599804,1.5834704857144475,1.382617437191908,0.945974616488489,0.1588307899569016,False,0.0,,,0.3925810675281442,1140,kerb,1031,0.1019077208437179,False,True,16.0,22.0,36.0,1.0801960908688777,4.385133828919447,0,0,dwa,kerb,1031,True,smoke,1.608692400000109,0,0.0
goal,True,22.45999999999961,36.0897103709906,1.6077876978003105,1.669695275807988,1.1409189371636366,0.16336001593979066,False,0.0,,,0.401561952015853,1123,kerb,1032,0.12608738559358684,False,True,16.0,22.0,36.0,0.7938761728460942,4.755480012589579,0,0,dwa,kerb,1032,True,smoke,1.5182043999993766,0,0.0
goal,True,22.759999999999604,36.08647112608824,1.5857436513355008,3.1192677993083087,1.707494715536767,0.2825020046640228,True,0.0005272407732864675,,,0.4284273612205989,1138,kerb,1033,0.12331852362634443,False,False,16.0,22.0,36.0,1.049199002087901,4.65627625426184,0,0,dwa,kerb,1033,True,smoke,1.5500027999996746,0,0.0
goal,True,22.41999999999961,36.11075087539476,1.611887159176998,0.9506157789455717,0.153808193879308,0.11132029410400986,False,0.0,,,0.4026644903126971,1121,kerb,1034,0.14061918078359328,True,True,16.0,22.0,36.0,0.7644419100897226,4.960522680359679,0,0,dwa,kerb,1034,True,smoke,1.5593521999999211,0,0.0
goal,True,23.039999999999598,36.094800733325755,1.5661858664224515,3.3849430227562665,1.811230204321519,0.25904439927243555,True,0.0008680555555555555,,,0.4335877245667053,1152,kerb,1035,0.12122831836586792,True,False,16.0,22.0,36.0,0.852053507214412,3.639780951755606,0,0,dwa,kerb,1035,True,smoke,1.6406159999996817,0,0.0
goal,True,22.759999999999604,36.08647065926645,1.586382968893234,1.5343735242186851,1.020892412254237,0.16277027451142967,False,0.0,,,0.4018894212429287,1138,kerb,1036,0.10618865016239329,False,True,16.0,22.0,36.0,1.0203688012438894,3.5881162897568393,0,0,dwa,kerb,1036,True,smoke,1.545408499999212,0,0.0
goal,True,22.659999999999606,36.003981636860885,1.5896457792439846,5.058781035382525,1.9047628469949367,0.32552813461012237,True,0.00176522506619594,,,0.4274164112201168,1133,kerb,1037,0.12476034235885287,False,False,16.0,22.0,36.0,0.8236235544048465,3.6446668456292,0,0,dwa,kerb,1037,True,smoke,1.5598318999991534,0,0.0
goal,True,22.9599999999996,36.0894481988081,1.5713042599445923,3.3961252661942045,1.8677826785072666,0.3086184542866108,True,0.0015679442508710801,,,0.4422464592552868,1148,kerb,1038,0.12343474614295463,False,False,16.0,22.0,36.0,0.7394084515409659,3.6535129386218568,0,0,dwa,kerb,1038,True,smoke,1.54658819999986,0,0.0
goal,True,22.739999999999604,36.13210079913648,1.5879796523927596,3.459203290719313,1.8639336048459207,0.3041539516188041,True,0.001759014951627089,,,0.4498946163944268,1137,kerb,1039,0.1319220647052896,False,False,16.0,22.0,36.0,0.8922484377491442,4.738645777348411,0,0,dwa,kerb,1039,True,smoke,1.590332099999614,0,0.0
goal,True,28.919999999999472,36.12608397745804,1.2495600659894717,1.0814507575065242,0.1584589695306099,0.24669338710695476,False,0.0,0.22742005570475074,,0.8027115566048656,1446,crowded,1000,0.0,False,False,1000.0,1000.0,36.0,0.9415367388025319,4.042771475950126,5,2,dwa,crowded,1000,True,smoke,3.714693200000511,511,0.3533886583679115
goal,True,22.819999999999602,36.108077550603504,1.5828862525459948,0.9559246692395278,0.19584230262909186,0.17750593321690192,False,0.0,0.24023010675639903,,0.5505878376604161,1141,crowded,1001,0.0,False,False,1000.0,1000.0,36.0,0.7062801871281326,4.225189857139902,3,1,dwa,crowded,1001,True,smoke,2.5199810999993133,239,0.20946538124452235
stall,False,31.759999999999412,23.27005407776099,0.7318367383580294,1.0469612422762293,0.2977488117731629,0.12805289260775587,False,0.0,0.10528247760893719,,0.43845553713164326,1588,crowded,1002,0.0,False,False,1000.0,1000.0,36.0,0.8428757350683788,3.761642318966232,6,1,dwa,crowded,1002,True,smoke,4.884034100000463,1206,0.7594458438287154
collision,False,23.059999999999597,31.3480983265699,1.3564007721454554,1.0589687189082844,0.35338518426210735,0.32022633361866143,False,0.0,-0.0030375086002009666,obstacle,0.9211707826052427,1153,crowded,1003,0.0,False,False,1000.0,1000.0,36.0,0.8026823240875288,3.3755147365372666,6,2,dwa,crowded,1003,True,smoke,2.656394100000398,526,0.4562012142237641
goal,True,24.039999999999576,36.05694067681888,1.5002590971913095,1.0115156992948597,0.3046215895405561,0.22703839673873974,False,0.0,0.2861656077557081,,0.5701383251174017,1202,crowded,1004,0.0,False,False,1000.0,1000.0,36.0,0.7520605248510526,3.0017609054814303,4,2,dwa,crowded,1004,True,smoke,2.653849700000137,135,0.11231281198003328
goal,True,25.579999999999544,36.64698758157794,1.432458557730383,1.3076944802357298,0.5060591995735827,0.2985538223885427,False,0.0,0.02887060068690761,,0.8342651087959938,1279,crowded,1005,0.0,False,False,1000.0,1000.0,36.0,1.0722248169554416,3.1644383461357872,6,2,dwa,crowded,1005,True,smoke,3.083625899999788,333,0.26035965598123534
collision,False,16.119999999999745,24.627686404594666,1.5279306497138947,1.1511774486322452,0.09302512336698815,0.24342029488860334,False,0.0,-0.0021932494152199777,obstacle,0.3865302581608945,806,crowded,1006,0.0,False,False,1000.0,1000.0,36.0,0.940342777519862,3.673842867145649,5,2,dwa,crowded,1006,True,smoke,1.9472128000006705,27,0.033498759305210915
goal,True,25.479999999999546,36.31156986407934,1.4252943252258032,1.1444237846193346,0.264596082722198,0.20814913194166393,False,0.0,0.1177681994791544,,0.6436763823322516,1274,crowded,1007,0.0,False,False,1000.0,1000.0,36.0,1.0263921380711774,3.1424498749217715,4,2,dwa,crowded,1007,True,smoke,3.315943999999945,325,0.25510204081632654
stall,False,32.75999999999952,27.99846906044844,0.8540015761959754,1.1863953988531544,0.26799144683606085,0.1632031413608597,False,0.0,0.13577588707620547,,0.5565224527507392,1638,crowded,1008,0.0,False,False,1000.0,1000.0,36.0,1.0252202990915118,3.3345054981092375,4,2,dwa,crowded,1008,True,smoke,3.901816499999768,974,0.5946275946275946
collision,False,8.019999999999918,5.222573135729728,0.6499735352995208,1.0528948830950686,0.24725193291487724,0.40816167491321864,False,0.0,-0.0014034022108964095,obstacle,0.28955351466996504,401,crowded,1009,0.0,False,False,1000.0,1000.0,36.0,0.8307662350691447,3.1130009241068786,6,2,dwa,crowded,1009,True,smoke,0.9618210000007821,85,0.2119700748129676
goal,True,25.79999999999954,36.35381278660599,1.4092003606781098,1.1961268288493934,0.24995683629600227,0.287478665396129,False,0.0,0.25570951328342595,,0.8039944667306528,1290,crowded,1010,0.0,False,False,1000.0,1000.0,36.0,0.9143222924947375,3.1899845659231447,6,2,dwa,crowded,1010,True,smoke,3.3126869999996416,467,0.362015503875969
stall,False,19.19999999999968,6.21445176848838,0.3234218512148805,1.0985959462050239,0.08216206034051948,0.1706168097898303,False,0.0,0.1309909541001098,,0.2714808832583754,960,crowded,1011,0.0,False,False,1000.0,1000.0,36.0,0.9253294142037582,3.5682496807008732,4,1,dwa,crowded,1011,True,smoke,2.1107562999995935,786,0.81875
stall,False,19.63999999999967,6.4309927555531505,0.3266900782106475,1.1307138258143599,0.19487587044971805,0.18019404534353106,False,0.0,0.06451883843812845,,0.3195763792755751,982,crowded,1012,0.0,False,False,1000.0,1000.0,36.0,1.012258673751197,3.612640966541278,6,1,dwa,crowded,1012,True,smoke,2.6910760999999184,851,0.8665987780040734
goal,True,29.91999999999945,36.35800604927408,1.2149764335114135,0.9205397033962225,0.26384119354595,0.24870009042367233,False,0.0,0.11975741518762595,,0.8639364475773647,1496,crowded,1013,0.0,False,False,1000.0,1000.0,36.0,0.7315917886297024,4.588985830612375,5,2,dwa,crowded,1013,True,smoke,3.9987527000002956,673,0.44986631016042783
goal,True,24.079999999999576,36.501159897626806,1.5158774748522763,1.22347801059665,0.2637840694971735,0.21064140153886363,False,0.0,0.14042457631651306,,0.6253732303730059,1204,crowded,1014,0.0,False,False,1000.0,1000.0,36.0,0.9342809221201659,3.8710480032456,3,2,dwa,crowded,1014,True,smoke,2.721386100000018,497,0.4127906976744186
goal,True,23.659999999999584,36.155278638341706,1.5287048244020813,1.0891905712832122,0.16700100225627976,0.22123449883135196,False,0.0,0.25792660823087676,,0.6423639317573562,1183,crowded,1015,0.0,False,False,1000.0,1000.0,36.0,0.9428271314429462,3.7198058704681163,6,1,dwa,crowded,1015,True,smoke,2.940537800000129,277,0.23415046491969568
goal,True,27.6799999999995,36.94048689264136,1.3332861831429534,1.1495174207429129,0.3297100301551463,0.30319029917995644,False,0.0,0.25487136993241843,,0.9457491388499364,1384,crowded,1016,0.0,False,False,1000.0,1000.0,36.0,0.8770775964377245,3.4559831934243705,3,1,dwa,crowded,1016,True,smoke,3.0516139000001203,528,0.3815028901734104
goal,True,24.019999999999577,36.33833668102072,1.5127876920651613,1.1512903318245344,0.2499848099066547,0.23096354833825902,False,0.0,0.08846122179180771,,0.6235580772323617,1201,crowded,1017,0.0,False,False,1000.0,1000.0,36.0,1.028532749453526,4.836703508620552,4,1,dwa,crowded,1017,True,smoke,2.630744600000071,321,0.2672772689425479
goal,True,24.679999999999563,36.243746258622146,1.46885146009313,1.125939409134947,0.3029087342225216,0.26557753985299415,False,0.0,0.08669568474054712,,0.7370569319145,1234,crowded,1018,0.0,False,False,1000.0,1000.0,36.0,0.8819836302780435,4.1879508983773786,6,2,dwa,crowded,1018,True,smoke,3.1103886999999304,446,0.36142625607779577
goal,True,21.93999999999962,36.15457216791521,1.6486442768992111,1.0660004511441528,0.13517624346208407,0.19851046190090338,False,0.0,0.2724333908481861,,0.5545359000195403,1097,crowded,1019,0.0,False,False,1000.0,1000.0,36.0,0.8583980191574891,3.433853717213183,4,1,dwa,crowded,1019,True,smoke,2.2234266000004936,210,0.19143117593436645
goal,True,23.89999999999958,36.17521980719715,1.5141500661626945,1.1316300329217153,0.18300874093947572,0.2362041413660938,False,0.0,0.26153496525715225,,0.6887675970352356,1195,crowded,1020,0.0,False,False,1000.0,1000.0,36.0,0.8134701125152806,4.1574004859917215,5,1,dwa,crowded,1020,True,smoke,2.6225408000000243,437,0.36569037656903763
goal,True,24.439999999999568,36.16910304837984,1.4805589257295209,0.917599387414718,0.12891399366299,0.1299772086995012,False,0.0,0.4573997420961543,,0.4676511568235003,1222,crowded,1021,0.0,False,False,1000.0,1000.0,36.0,0.7323405650889366,3.748776285058246,5,1,dwa,crowded,1021,True,smoke,3.3652948999997534,741,0.6063829787234043
goal,True,23.019999999999598,36.147522801261644,1.5705623543567429,1.2298629278008901,0.25630723322489923,0.22304449213806826,False,0.0,0.09556909554976989,,0.5436257635183117,1151,crowded,1022,0.0,False,False,1000.0,1000.0,36.0,1.067366702422499,3.001053290848632,5,2,dwa,crowded,1022,True,smoke,2.4456261000004815,56,0.04865334491746308
goal,True,21.53999999999963,36.06473440459013,1.675168198729215,1.1227737355134673,0.06329012683825655,0.1262971066925017,False,0.0,0.031042245533816182,,0.37442721214783997,1077,crowded,1023,0.0,False,False,1000.0,1000.0,36.0,1.0623594940330707,3.6777381600170527,3,2,dwa,crowded,1023,True,smoke,2.2351693999999043,0,0.0
goal,True,26.079999999999533,36.42976388514535,1.3963536520642161,1.077089417195133,0.3032498697989459,0.2827014046415184,False,0.0,0.08786922440613565,,0.9298490211470721,1304,crowded,1024,0.0,False,False,1000.0,1000.0,36.0,0.8033411240091805,3.6449239382331395,4,2,dwa,crowded,1024,True,smoke,3.0568491999993057,391,0.29984662576687116
goal,True,28.339999999999485,36.199856074846345,1.2766415016151609,1.1529779498210775,0.2928446203824792,0.2970992057582658,False,0.0,0.10160144429817938,,0.970363935186495,1417,crowded,1025,0.0,False,False,1000.0,1000.0,36.0,0.9516029979700883,4.642234733205431,4,1,dwa,crowded,1025,True,smoke,3.143064800000502,341,0.24064925899788286
goal,True,26.119999999999532,36.10127889081634,1.3826363862088746,1.0979454493070153,0.14655063407398125,0.31366404132810216,False,0.0,0.2555727913716924,,0.8365332728010396,1306,crowded,1026,0.0,False,False,1000.0,1000.0,36.0,0.9380469058269284,3.3414743918087773,6,2,dwa,crowded,1026,True,smoke,3.134269099999983,83,0.06355283307810107
goal,True,24.699999999999562,36.10801977249708,1.4624786140007946,1.0899330125919975,0.17208420861162255,0.22763019115537123,False,0.0,0.17375970874451158,,0.6857672008519734,1235,crowded,1027,0.0,False,False,1000.0,1000.0,36.0,0.9248582573641619,3.0559491122222395,6,2,dwa,crowded,1027,True,smoke,3.1975440999995044,608,0.49230769230769234
goal,True,26.799999999999518,36.255218938387415,1.3524580802311545,1.1646472499032747,0.22421905367182096,0.2916751689361211,False,0.0,0.24217559645761336,,0.9282046295899933,1340,crowded,1028,0.0,False,False,1000.0,1000.0,36.0,0.8544065774331859,4.632342157225378,3,2,dwa,crowded,1028,True,smoke,3.0525981999999203,356,0.2656716417910448
goal,True,26.75999999999952,36.33592786474116,1.3579453626050888,1.1247990684771494,0.22679554662574122,0.23895885003795506,False,0.0,0.23723696127564273,,0.7483360007314052,1338,crowded,1029,0.0,False,False,1000.0,1000.0,36.0,1.0291744489336718,4.673554672652967,6,1,dwa,crowded,1029,True,smoke,3.4980537000001277,784,0.585949177877429
goal,True,24.579999999999565,36.525982656644096,1.4860132853352734,0.9777195825156672,0.16840906281284454,0.25038200140319433,False,0.0,0.29415811923503954,,0.7830649843580868,1229,crowded,1030,0.0,False,False,1000.0,1000.0,36.0,0.7100748391554423,3.473729495597242,5,2,dwa,crowded,1030,True,smoke,3.0314793999996255,300,0.24410089503661514
goal,True,33.2599999999996,36.30437088821415,1.0913099203775216,1.1094599597487644,0.24559856875770528,0.28906278243275385,False,0.0,0.2353399408446369,,0.9684541278233099,1663,crowded,1031,0.0,False,False,1000.0,1000.0,36.0,1.0801960908688777,4.385133828919447,6,1,dwa,crowded,1031,True,smoke,4.317755000000034,551,0.3313289236319904
goal,True,20.399999999999654,36.136550054513535,1.772200747075969,1.0149297876626824,0.059491839075447195,0.10178675632797722,False,0.0,0.00599857451462571,,0.37811214286550804,1020,crowded,1032,0.0,False,False,1000.0,1000.0,36.0,0.7938761728460942,4.755480012589579,3,2,dwa,crowded,1032,True,smoke,1.9989686999997502,0,0.0
collision,False,7.7599999999999225,11.58086332078206,1.492034143034711,1.0973670705629208,0.24668324855413515,0.289807912762201,False,0.0,-0.01045012922580002,obstacle,0.2854171628425347,388,crowded,1033,0.0,False,False,1000.0,1000.0,36.0,1.049199002087901,4.65627625426184,3,2,dwa,crowded,1033,True,smoke,0.9274148000004061,125,0.32216494845360827
goal,True,25.27999999999955,36.57563053973597,1.4461689353486942,0.9738131734804691,0.22803891145484828,0.258280012776943,False,0.0,0.17332764692638825,,0.8361544383027321,1264,crowded,1034,0.0,False,False,1000.0,1000.0,36.0,0.7644419100897226,4.960522680359679,4,2,dwa,crowded,1034,True,smoke,2.991445799999383,321,0.25395569620253167
goal,True,28.11999999999949,36.482914247099494,1.2968471909931276,1.0826754911689949,0.2581839169874358,0.24296086486312346,False,0.0,0.17904019483714662,,0.7589802876600128,1406,crowded,1035,0.0,False,False,1000.0,1000.0,36.0,0.852053507214412,3.639780951755606,5,2,dwa,crowded,1035,True,smoke,3.3514147000005323,652,0.46372688477951635
goal,True,23.93999999999958,36.19586403411644,1.5119968871267613,1.1647497039459098,0.29688759330454306,0.225622360738545,False,0.0,0.14618928174446244,,0.5720821083222752,1197,crowded,1036,0.0,False,False,1000.0,1000.0,36.0,1.0203688012438894,3.5881162897568393,6,1,dwa,crowded,1036,True,smoke,2.793154300000424,41,0.034252297410192145
stall,False,24.81999999999956,13.445297851922964,0.5394913311402505,1.092051283272584,0.3134216342074086,0.22745503894281743,False,0.0,0.03625521211179958,,0.4948774183349029,1241,crowded,1037,0.0,False,False,1000.0,1000.0,36.0,0.8236235544048465,3.6446668456292,3,2,dwa,crowded,1037,True,smoke,3.510647600000084,350,0.28203062046736505
stall,False,18.359999999999697,3.6796573748782255,0.19961591579215815,0.9313245082631129,0.2358011369905517,0.13220971995550576,False,0.0,0.12903458140409324,,0.2022750432115474,918,crowded,1038,0.0,False,False,1000.0,1000.0,36.0,0.7394084515409659,3.6535129386218568,6,2,dwa,crowded,1038,True,smoke,2.2004447999997865,772,0.840958605664488
goal,True,31.999999999999407,36.37799387277911,1.1360415469752085,1.175317235611764,0.377012501414917,0.22121974744928036,False,0.0,0.03174417754178091,,0.7481836821199991,1600,crowded,1039,0.0,False,False,1000.0,1000.0,36.0,0.8922484377491442,4.738645777348411,5,2,dwa,crowded,1039,True,smoke,3.0855037000001175,539,0.336875
collision,False,20.99999999999964,26.656982117738526,1.2693454426978028,4.687131092529787,1.6166723688142506,0.3895219649645597,True,0.0017142857142857142,-0.0009094843014308962,obstacle,0.6550013921741742,1050,mixed,1000,0.12172554153720315,True,False,16.0,22.0,36.0,0.9415367388025319,4.042771475950126,2,3,dwa,mixed,1000,True,smoke,2.358750499999587,100,0.09523809523809523
goal,True,26.419999999999526,36.08629149518158,1.3663851746076607,3.2374810389749427,2.025593218167688,0.2637550358612602,True,0.000757002271006813,0.6516410436744067,,0.5513006333755247,1321,mixed,1001,0.09457191805606885,True,False,16.0,22.0,36.0,0.7062801871281326,4.225189857139902,2,1,dwa,mixed,1001,True,smoke,2.8624191999997493,0,0.0
stall,False,45.92000000000158,29.80761169191685,0.6484872977305396,1.4398171641245414,1.0753084492327671,0.20549033679792675,False,0.0,0.17321082005258315,,0.7772280352463109,2296,mixed,1002,0.1102278712079722,False,True,16.0,22.0,36.0,0.8428757350683788,3.761642318966232,4,1,dwa,mixed,1002,True,smoke,5.263887999999497,982,0.42770034843205573
goal,True,26.299999999999528,36.190475057041056,1.3744363447642105,3.61954736389187,2.1665967517834748,0.363540027061547,True,0.0019771863117870724,0.08762131174722321,,0.8021023897057528,1315,mixed,1003,0.1351267717005646,False,False,16.0,22.0,36.0,0.8026823240875288,3.3755147365372666,3,2,dwa,mixed,1003,True,smoke,2.0885441999998875,478,0.3634980988593156
collision,False,7.39999999999993,3.9996763176194583,0.5402213152884721,0.9973993212302749,0.6063873258063632,0.3115424314933643,False,0.0,-0.0037903900257763024,obstacle,0.16133316631451958,370,mixed,1004,0.12724042829147925,False,True,16.0,22.0,36.0,0.7520605248510526,3.0017609054814303,4,2,dwa,mixed,1004,True,smoke,1.005303100000674,21,0.05675675675675676
collision,False,8.799999999999901,10.262747922350114,1.1651567250603894,1.1139036429707383,0.25581958765666046,0.32052343382399323,False,0.0,-0.0049695463102562565,obstacle,0.3298170974830973,440,mixed,1005,0.14008756347264517,False,True,16.0,22.0,36.0,1.0722248169554416,3.1644383461357872,4,2,dwa,mixed,1005,True,smoke,1.1287313000002541,124,0.2818181818181818
stall,False,30.199999999999445,7.386013709481691,0.24417291113911835,1.104194520970463,0.4440906241199179,0.21583540265800377,False,0.0,0.1694087361739603,,0.3634533273649861,1510,mixed,1006,0.13798619136994436,False,False,16.0,22.0,36.0,0.940342777519862,3.673842867145649,2,2,dwa,mixed,1006,True,smoke,3.8123871000007057,690,0.45695364238410596
goal,True,27.939999999999493,36.19756935837561,1.2949115121031347,4.88912975057586,1.716473003109332,0.36288919612726667,True,0.0012884753042233356,0.3241427371317396,,0.7772633701723067,1397,mixed,1007,0.12532912761100018,False,False,16.0,22.0,36.0,1.0263921380711774,3.1424498749217715,4,1,dwa,mixed,1007,True,smoke,3.145541800000501,154,0.11023622047244094
goal,True,26.75999999999952,36.24116311182306,1.3525544267781173,3.820139041408671,2.029566285667709,0.4067533841831098,True,0.003587443946188341,1.1161092777749233,,0.7635665452247806,1338,mixed,1008,0.14899129644859244,False,False,16.0,22.0,36.0,1.0252202990915118,3.3345054981092375,3,1,dwa,mixed,1008,True,smoke,3.197769999999764,306,0.22869955156950672
goal,True,25.23999999999955,36.24865368017192,1.4349100539868673,5.503443196636355,2.8220635663335876,0.4196293687187083,True,0.003486529318541997,0.30743178504957336,,0.6922149547548859,1262,mixed,1009,0.13955075234864514,False,False,16.0,22.0,36.0,0.8307662350691447,3.1130009241068786,2,2,dwa,mixed,1009,True,smoke,2.714310600000317,116,0.0919175911251981
collision,False,4.939999999999983,6.6231566261775825,1.3416845807325188,1.0815489001265575,0.10062989367878422,0.3487907878310054,False,0.0,-0.0018010869352723669,obstacle,0.18926265775086576,247,mixed,1010,0.14092917234874167,False,False,16.0,22.0,36.0,0.9143222924947375,3.1899845659231447,3,2,dwa,mixed,1010,True,smoke,0.6633953000000474,45,0.18218623481781376
collision,False,7.299999999999932,6.982254371889297,0.9548126450294335,1.0351204633587956,0.29000414577913325,0.3365099464030637,False,0.0,-2.766579763802124e-05,obstacle,0.20121099529580622,365,mixed,1011,0.09616849981633248,False,False,16.0,22.0,36.0,0.9253294142037582,3.5682496807008732,3,3,dwa,mixed,1011,True,smoke,0.8140165999993769,41,0.11232876712328767
stall,False,20.939999999999642,3.866153399001532,0.1843014474295953,1.3303730678496841,0.12523195324938186,0.23502505452834654,False,0.0,0.13875291334409473,,0.2780665120802479,1047,mixed,1012,0.11962358480705315,False,False,16.0,22.0,36.0,1.012258673751197,3.612640966541278,4,1,dwa,mixed,1012,True,smoke,2.9552825999999186,768,0.7335243553008596
collision,False,6.739999999999944,10.200332177930468,1.5139330105254591,0.9623058691857175,0.07764072220068187,0.31189929580010844,False,0.0,-0.00693361718285973,obstacle,0.21701216060077355,337,mixed,1013,0.1327268096242555,True,False,16.0,22.0,36.0,0.7315917886297024,4.588985830612375,4,2,dwa,mixed,1013,True,smoke,0.7600757000000158,34,0.10089020771513353
collision,False,23.519999999999587,28.96405852728356,1.2303471309172371,3.427035679369057,1.8110607122924647,0.34112339261395724,True,0.001530612244897959,-0.006434415970844765,obstacle,0.6549590414287145,1176,mixed,1014,0.12068362344298314,True,False,16.0,22.0,36.0,0.9342809221201659,3.8710480032456,2,2,dwa,mixed,1014,True,smoke,2.6128914000000805,313,0.266156462585034
goal,True,25.019999999999555,36.11903160417295,1.4443245472279034,1.5539316936201026,0.8888366976635327,0.2291170612983443,False,0.0,0.32260324710369215,,0.6029863646340081,1251,mixed,1015,0.09182936909865673,True,False,16.0,22.0,36.0,0.9428271314429462,3.7198058704681163,2,3,dwa,mixed,1015,True,smoke,2.49676079999972,111,0.08872901678657075
stall,False,18.1599999999997,3.8638933138704363,0.2126048878704302,1.084347054208771,0.10549396743505705,0.17819052477846492,False,0.0,0.13425072291123824,,0.2426304432609217,908,mixed,1016,0.11489768201833152,False,False,16.0,22.0,36.0,0.8770775964377245,3.4559831934243705,2,2,dwa,mixed,1016,True,smoke,2.038189500000044,772,0.8502202643171806
goal,True,24.959999999999557,36.11595316525263,1.4474174587091664,2.690896993676329,1.1499664633183104,0.2582426872493742,False,0.0,0.2504255419277214,,0.5815213403977001,1248,mixed,1017,0.09411696722856595,False,False,16.0,22.0,36.0,1.028532749453526,4.836703508620552,4,2,dwa,mixed,1017,True,smoke,2.976752800000213,113,0.09054487179487179
collision,False,3.4400000000000026,3.80239361192995,1.1059852429962511,1.0877133503443805,0.1163160221289514,0.4161989977646106,False,0.0,-0.0066444768965068235,obstacle,0.1377460219011535,172,mixed,1018,0.12169451101191565,False,False,16.0,22.0,36.0,0.8819836302780435,4.1879508983773786,4,2,dwa,mixed,1018,True,smoke,0.49083410000002914,38,0.22093023255813954
off_sidewalk,False,6.999999999999939,5.948378178214673,0.8493824188207627,1.2975706415882609,0.930603234860752,0.43768423826724884,False,0.0,0.2485484535332033,,0.24964778884952626,350,mixed,1019,0.10273590026971928,False,False,16.0,22.0,36.0,0.8583980191574891,3.433853717213183,4,1,dwa,mixed,1019,True,smoke,1.0134025999996084,37,0.10571428571428572
collision,False,23.019999999999598,30.804838476650424,1.3381309442089946,1.4409032771035215,0.9007912320666942,0.29806157192336225,False,0.0,-0.0047193727194870805,obstacle,0.7143535993478151,1151,mixed,1020,0.09532620733151166,False,False,16.0,22.0,36.0,0.8134701125152806,4.1574004859917215,4,2,dwa,mixed,1020,True,smoke,2.8870950999998968,294,0.2554300608166811
collision,False,21.49999999999963,27.88890532728307,1.297261061539131,3.3945703787690626,1.4560495016969652,0.3101162536674974,True,0.0009302325581395349,-0.002109470314461903,obstacle,0.5203989252972595,1075,mixed,1021,0.10047913896395426,False,False,16.0,22.0,36.0,0.7323405650889366,3.748776285058246,2,2,dwa,mixed,1021,True,smoke,2.342222500000389,144,0.13395348837209303
collision,False,20.97999999999964,25.247047993047804,1.2024354153962438,3.1065503156578984,1.330944178455094,0.3437359795277186,True,0.0005719733079122975,-0.0015348594432814666,obstacle,0.5934915937522336,1049,mixed,1022,0.1208464795392327,False,False,16.0,22.0,36.0,1.067366702422499,3.001053290848632,4,2,dwa,mixed,1022,True,smoke,2.3445415000005596,132,0.12583412774070543
goal,True,30.759999999999433,36.3102198355569,1.1802882942380424,2.312637312332006,1.4964158093699667,0.3012444975862093,False,0.0,0.2870080681195699,,0.8833649486971069,1538,mixed,1023,0.13938613930373125,False,True,16.0,22.0,36.0,1.0623594940330707,3.6777381600170527,4,1,dwa,mixed,1023,True,smoke,3.113598099999763,260,0.16905071521456436
collision,False,5.699999999999966,7.284172074114474,1.279073520353709,1.0967873018173926,0.1627285894686616,0.3452235925606995,False,0.0,-0.001749887391200633,obstacle,0.23908199303233119,285,mixed,1024,0.12742371124749005,True,False,16.0,22.0,36.0,0.8033411240091805,3.6449239382331395,3,3,dwa,mixed,1024,True,smoke,0.7764857000001939,33,0.11578947368421053
stall,False,35.67999999999998,27.84519888773223,0.7796237352476098,2.9535897313479897,1.4375458121085005,0.27638223076220875,False,0.0,0.0673541696890112,,0.7501726364475593,1784,mixed,1025,0.10611796749506633,False,False,16.0,22.0,36.0,0.9516029979700883,4.642234733205431,2,1,dwa,mixed,1025,True,smoke,4.313252900000407,985,0.5521300448430493
stall,False,45.260000000001476,30.33539519138416,0.6698847073192747,4.8033925666212625,1.8620687121284862,0.2949327076950349,True,0.0007954043305346885,0.17676815963696713,,0.6891497750934701,2263,mixed,1026,0.12420554728644553,False,False,16.0,22.0,36.0,0.9380469058269284,3.3414743918087773,4,1,dwa,mixed,1026,True,smoke,4.939832699999897,563,0.2487847989394609
stall,False,19.59999999999967,4.592382876209816,0.2324588003626202,1.0574957552984547,0.39545245641774845,0.2526674126254318,False,0.0,0.16294054119457452,,0.3027395500906109,980,mixed,1027,0.14434928086839663,False,False,16.0,22.0,36.0,0.9248582573641619,3.0559491122222395,4,1,dwa,mixed,1027,True,smoke,2.231497199999467,391,0.3989795918367347
goal,True,26.63999999999952,36.468748080818195,1.3682284215078273,2.767775163947488,2.167274113083439,0.32033630625123205,False,0.0,0.06417085219957064,,0.7768507961677996,1332,mixed,1028,0.1402814546945802,False,False,16.0,22.0,36.0,0.8544065774331859,4.632342157225378,3,2,dwa,mixed,1028,True,smoke,3.141074600000138,238,0.17867867867867868
goal,True,25.559999999999544,36.335754959050746,1.4214341539849094,3.882225930010862,1.4474933900460671,0.3159329325928542,True,0.0012519561815336462,0.21462844274460569,,0.7112521226047458,1278,mixed,1029,0.1121120985381486,False,False,16.0,22.0,36.0,1.0291744489336718,4.673554672652967,2,1,dwa,mixed,1029,True,smoke,2.6786883999993734,97,0.07589984350547731
stall,False,32.31999999999945,23.309735632299216,0.687992816000566,4.463344494243499,2.349221651432341,0.43541341627976077,True,0.0019801980198019802,0.31425880952089824,,1.65683825404396,1616,mixed,1030,0.14944884071670828,False,False,16.0,22.0,36.0,0.7100748391554423,3.473729495597242,4,1,dwa,mixed,1030,True,smoke,3.3761758000000555,72,0.04455445544554455
goal,True,29.279999999999465,36.13080517889624,1.234613897606005,1.3475192126338835,0.9041526824501406,0.20001201466950674,False,0.0,0.501612187987077,,0.5640875122679098,1464,mixed,1031,0.1019077208437179,False,True,16.0,22.0,36.0,1.0801960908688777,4.385133828919447,3,1,dwa,mixed,1031,True,smoke,2.576418300000114,154,0.1051912568306011
goal,True,28.679999999999477,36.369746504520705,1.2676772572629227,2.0440150590107247,1.3537975477130386,0.2922878273388048,False,0.0,0.23770421775738784,,0.8927079269001881,1434,mixed,1032,0.12608738559358684,False,True,16.0,22.0,36.0,0.7938761728460942,4.755480012589579,4,1,dwa,mixed,1032,True,smoke,3.377368600000409,284,0.19804741980474197
goal,True,26.519999999999524,36.11014565631587,1.3616586040580871,3.3890442586341147,1.30977239846581,0.3037774587776372,True,0.0010558069381598793,0.2697134823302062,,0.6876895293449411,1326,mixed,1033,0.12331852362634443,False,False,16.0,22.0,36.0,1.049199002087901,4.65627625426184,3,1,dwa,mixed,1033,True,smoke,2.9414886000004117,123,0.09276018099547512
goal,True,28.459999999999482,36.46885315623167,1.2810592053223333,1.0945347955481106,0.2528456678645136,0.22525289647205238,False,0.0,0.24404190023386577,,0.8127054537408204,1423,mixed,1034,0.14061918078359328,True,True,16.0,22.0,36.0,0.7644419100897226,4.960522680359679,4,1,dwa,mixed,1034,True,smoke,2.7302969999991547,317,0.22276879831342233
collision,False,6.95999999999994,8.839826507031527,1.2694239081051455,1.1208063979598772,0.3140568351970766,0.3795231610674697,False,0.0,-0.0006347397957847112,obstacle,0.2787791268136036,348,mixed,1035,0.12122831836586792,True,False,16.0,22.0,36.0,0.852053507214412,3.639780951755606,4,2,dwa,mixed,1035,True,smoke,0.6410978000003524,102,0.29310344827586204
stall,False,41.72000000000092,30.04711062500442,0.7190289986086663,1.1996657762103635,0.9149467910462629,0.23194270412029427,False,0.0,0.09401677888437487,,0.9516110209672508,2086,mixed,1036,0.10618865016239329,False,True,16.0,22.0,36.0,1.0203688012438894,3.5881162897568393,3,3,dwa,mixed,1036,True,smoke,5.2045289999996385,1079,0.5172579098753596
goal,True,23.739999999999583,36.05468403247811,1.519211140711035,4.9465241886109945,1.6767560491691338,0.35030120268170056,True,0.0016849199663016006,0.2035918650493076,,0.5904783903321689,1187,mixed,1037,0.12476034235885287,False,False,16.0,22.0,36.0,0.8236235544048465,3.6446668456292,3,3,dwa,mixed,1037,True,smoke,2.4659708999997747,34,0.02864363942712721
stall,False,35.55999999999996,28.657776697213205,0.8041847416447572,3.588747552788238,1.8505818653710226,0.2877148231576891,True,0.0013498312710911137,0.09547340555997089,,0.6503880815146802,1778,mixed,1038,0.12343474614295463,False,False,16.0,22.0,36.0,0.7394084515409659,3.6535129386218568,3,3,dwa,mixed,1038,True,smoke,3.340168900000208,996,0.5601799775028121
goal,True,29.119999999999468,36.18842032573067,1.2422877148287232,3.388759056690255,1.9168691004084986,0.30999574760540366,True,0.0013736263736263737,0.14348876066201055,,0.6495030930684883,1456,mixed,1039,0.1319220647052896,False,False,16.0,22.0,36.0,0.8922484377491442,4.738645777348411,3,2,dwa,mixed,1039,True,smoke,1.9991062999997666,119,0.08173076923076923
collision,False,9.079999999999895,6.435013768653082,0.708645729613205,0.7001196213740272,0.2058720141367059,0.2732620444780854,False,0.0,-0.004401646347376054,obstacle,0.25835998594389586,454,slippery,1000,0.12172554153720315,True,False,16.0,22.0,36.0,0.5384203880478985,4.042771475950126,2,2,dwa,slippery,1000,True,smoke,1.139387500000339,13,0.028634361233480177
stall,False,47.420000000001814,24.986790369791525,0.47939785515193106,2.2464076364537773,1.0133999309523527,0.1782762434699523,False,0.0,0.049453304401087,,1.723270750870347,2371,slippery,1001,0.09457191805606885,True,False,16.0,22.0,36.0,0.37464053338024356,4.225189857139902,4,1,dwa,slippery,1001,True,smoke,5.571391399999811,152,0.0641079713201181
goal,True,28.879999999999473,36.58911464223982,1.2666247354793851,2.0695985334271736,1.4960252518826809,0.21356518280767334,False,0.0,0.34451620163206165,,0.7231577829457659,1444,slippery,1002,0.1102278712079722,False,True,16.0,22.0,36.0,0.37991309475921964,3.761642318966232,4,3,dwa,slippery,1002,True,smoke,2.8894679000004544,236,0.1634349030470914
collision,False,5.959999999999961,8.031275301073384,1.3482941931600396,0.6877871640237478,0.12795906713873703,0.2659538838996443,False,0.0,-0.0009244552617109214,obstacle,0.205478138896873,298,slippery,1003,0.1351267717005646,False,False,16.0,22.0,36.0,0.499385147124539,3.3755147365372666,3,3,dwa,slippery,1003,True,smoke,0.5894221999997171,101,0.3389261744966443
goal,True,26.879999999999516,36.333459258583254,1.3519914615263313,2.1483243591925807,1.4689924270250465,0.22105377306728413,False,0.0,0.27535201091346784,,0.6496268510595331,1344,slippery,1004,0.12724042829147925,False,True,16.0,22.0,36.0,0.49011916685961054,3.0017609054814303,2,1,dwa,slippery,1004,True,smoke,2.851798200000303,154,0.11458333333333333
collision,False,8.239999999999913,4.399453695093702,0.5322322400247692,0.7357739885416908,0.31952039887495975,0.3052729925808818,False,0.0,-0.0020024516627811795,obstacle,0.21201803455944765,412,slippery,1005,0.14008756347264517,False,True,16.0,22.0,36.0,0.4742011636946779,3.1644383461357872,4,3,dwa,slippery,1005,True,smoke,1.164774199999556,43,0.10436893203883495
collision,False,7.439999999999929,6.607704099653333,0.8875250811593466,0.6260162515296553,0.1797495209308441,0.2831013055709593,False,0.0,-0.0042641035240070235,obstacle,0.25125199794011926,372,slippery,1006,0.13798619136994436,False,False,16.0,22.0,36.0,0.4391089205427108,3.673842867145649,4,3,dwa,slippery,1006,True,smoke,1.1584327999999005,57,0.1532258064516129
collision,False,8.319999999999911,9.507467716454546,1.1422048602140003,0.5698919936917051,0.13699266170953328,0.2767714444545131,False,0.0,-0.003384863914567271,obstacle,0.2814112798631851,416,slippery,1007,0.12532912761100018,False,False,16.0,22.0,36.0,0.399404643399999,3.1424498749217715,2,2,dwa,slippery,1007,True,smoke,0.9736055000003034,141,0.3389423076923077
stall,False,29.719999999999455,23.317721285910693,0.7273654525998039,6.068941916244435,1.8068750364570891,0.5133928528766759,True,0.0016150740242261105,0.7896699255358379,,1.5021636749871672,1486,slippery,1008,0.14899129644859244,False,False,16.0,22.0,36.0,0.3556841550753821,3.3345054981092375,4,1,dwa,slippery,1008,True,smoke,3.20978230000037,0,0.0
goal,True,30.03999999999945,37.13780024723287,1.2015971705834605,3.622649496945283,1.5366323730578284,0.31258676995446266,True,0.0015978695073235686,0.31577241557205415,,1.2127720893022336,1502,slippery,1009,0.13955075234864514,False,False,16.0,22.0,36.0,0.47449155423222633,3.1130009241068786,2,1,dwa,slippery,1009,True,smoke,3.1333363000003374,202,0.13448735019973368
stall,False,30.93999999999943,23.35439663193038,0.7014430517049423,4.213601622042705,1.4059980513024213,0.383462936391796,True,0.0016806722689075631,1.229260643450143,,1.6433873299283028,1547,slippery,1010,0.14092917234874167,False,False,16.0,22.0,36.0,0.4912287330300027,3.1899845659231447,3,1,dwa,slippery,1010,True,smoke,2.6340741999993043,259,0.167420814479638
stall,False,39.78000000000062,27.631475333501392,0.6697981491672957,2.49462149759951,1.6133785019848612,0.23232051110812343,False,0.0,0.0773089104116782,,0.9053465757806555,1989,slippery,1011,0.09616849981633248,False,False,16.0,22.0,36.0,0.5956037005958101,3.5682496807008732,3,3,dwa,slippery,1011,True,smoke,3.2642258999994738,786,0.3951734539969834
stall,False,39.6600000000006,29.14175315380879,0.7338315528614872,1.8567582471253707,1.2651819407676175,0.21237293242306005,False,0.0,0.09865801811763752,,0.8154212426535481,1983,slippery,1012,0.11962358480705315,False,False,16.0,22.0,36.0,0.38300050587228296,3.612640966541278,4,3,dwa,slippery,1012,True,smoke,5.51761069999975,1054,0.5315179021684316
collision,False,8.099999999999916,9.239780282858273,1.1405115799801735,0.7180691639737328,0.1747588631298366,0.3029896938946095,False,0.0,-0.0013936657081081716,obstacle,0.32675217594603845,405,slippery,1013,0.1327268096242555,True,False,16.0,22.0,36.0,0.49246417865788417,4.588985830612375,3,3,dwa,slippery,1013,True,smoke,1.0040512999994462,94,0.23209876543209876
goal,True,29.53999999999946,37.010726631996356,1.2320720020115852,3.504817247749859,1.3794337174077207,0.27274370450364216,True,0.0012186865267433988,0.13470978215071594,,0.8591144872721809,1477,slippery,1014,0.12068362344298314,True,False,16.0,22.0,36.0,0.511869578367051,3.8710480032456,4,2,dwa,slippery,1014,True,smoke,2.834313299999849,392,0.26540284360189575
goal,True,29.859999999999452,36.76946426343144,1.21831576561784,3.1020601301394395,0.8070060005996496,0.2443234851809578,True,0.0004018754186202277,0.30050788053263133,,0.86249013308406,1493,slippery,1015,0.09182936909865673,True,False,16.0,22.0,36.0,0.5234665124152689,3.7198058704681163,4,1,dwa,slippery,1015,True,smoke,2.5113495999994484,99,0.06630944407233758
collision,False,7.939999999999919,11.708575553433038,1.4764834869274568,0.6403426975102735,0.12674012062259007,0.2374361696578274,False,0.0,-0.013289855593476785,obstacle,0.2628620253158765,397,slippery,1016,0.11489768201833152,False,False,16.0,22.0,36.0,0.4944618671110713,3.4559831934243705,2,3,dwa,slippery,1016,True,smoke,0.938088300000345,103,0.2594458438287154
stall,False,30.45999999999944,22.12439391459184,0.7083490934308422,3.037168358368888,1.1751146700238477,0.20578610004934975,True,0.0001313197636244255,0.16201445077577503,,1.3222702917588112,1523,slippery,1017,0.09411696722856595,False,False,16.0,22.0,36.0,0.46762232291672157,4.836703508620552,2,1,dwa,slippery,1017,True,smoke,3.046430400000645,0,0.0
stall,False,32.81999999999953,23.09076965264529,0.6769570792065728,4.425992735939848,1.1416271360170145,0.3118631671455406,True,0.001218769043266301,0.7365859985377814,,1.8311046213371995,1641,slippery,1018,0.12169451101191565,False,False,16.0,22.0,36.0,0.4998113069018674,4.1879508983773786,3,2,dwa,slippery,1018,True,smoke,3.615853799999968,15,0.009140767824497258
stall,False,22.03999999999962,10.009732446643836,0.4537622603708196,0.53895489414489,0.1274241878713948,0.14039844411970173,False,0.0,0.1161507093156306,,0.3615234401818667,1102,slippery,1019,0.10273590026971928,False,False,16.0,22.0,36.0,0.375129147795055,3.433853717213183,2,2,dwa,slippery,1019,True,smoke,2.2707202000001416,862,0.7822141560798548
collision,False,11.23999999999985,10.171044612484932,0.9030485439360864,0.7212032962130714,0.14389177957322716,0.2811586143379528,False,0.0,-0.0027065023839700775,obstacle,0.3404505251890468,562,slippery,1020,0.09532620733151166,False,False,16.0,22.0,36.0,0.48582736153101935,4.1574004859917215,4,3,dwa,slippery,1020,True,smoke,1.434436800000185,102,0.18149466192170818
stall,False,30.93999999999943,6.311099256560136,0.20388421262242834,0.640354958240856,0.22246066521891572,0.15420823288138485,False,0.0,0.009185971692957318,,0.3521327562021496,1547,slippery,1021,0.10047913896395426,False,False,16.0,22.0,36.0,0.49393382380576967,3.748776285058246,2,2,dwa,slippery,1021,True,smoke,3.453309999999874,647,0.4182288299935359
goal,True,35.920000000000016,37.27526499818307,1.007126363788823,3.4497695878765327,1.4786935863235542,0.27495706870147085,True,0.0008908685968819599,0.25439830038590205,,1.0779266641141771,1796,slippery,1022,0.1208464795392327,False,False,16.0,22.0,36.0,0.444981517111935,3.001053290848632,3,1,dwa,slippery,1022,True,smoke,3.597578299999441,18,0.01002227171492205
off_sidewalk,False,24.75999999999956,30.82958671046867,1.2449812288428461,2.500835404075726,1.661041216845878,0.24506332290605035,False,0.0,0.09143011778417875,,0.5764589899869277,1238,slippery,1023,0.13938613930373125,False,True,16.0,22.0,36.0,0.4168299030361967,3.6777381600170527,4,3,dwa,slippery,1023,True,smoke,2.297776399999748,113,0.0912762520193861
goal,True,34.79999999999984,37.319573816776476,1.0409140423769785,3.6360999861694103,1.396281611871251,0.2762127323082185,True,0.001379310344827586,0.07588187054197293,,1.1547462793567795,1740,slippery,1024,0.12742371124749005,True,False,16.0,22.0,36.0,0.5530909249073461,3.6449239382331395,3,3,dwa,slippery,1024,True,smoke,4.150029499999619,358,0.2057471264367816
goal,True,43.88000000000126,37.548127847516234,0.8262807229828658,3.530405727711971,1.9059103292830537,0.23614838961624798,True,0.0006381039197812216,0.08170652793479927,,1.463648453880614,2194,slippery,1025,0.10611796749506633,False,False,16.0,22.0,36.0,0.35145263110173586,4.642234733205431,4,2,dwa,slippery,1025,True,smoke,4.6842887999991945,112,0.05104831358249772
stall,False,22.079999999999618,7.6106966493505634,0.34398399907225335,0.598199657570935,0.25361008313938316,0.16358112915761064,False,0.0,0.08861032856189577,,0.32298803525334896,1104,slippery,1026,0.12420554728644553,False,False,16.0,22.0,36.0,0.3931736821771624,3.3414743918087773,4,3,dwa,slippery,1026,True,smoke,2.6115005000001474,706,0.6394927536231884
stall,False,36.18000000000006,27.0673122118488,0.7471371485696798,2.7390507159296176,2.0137512098926886,0.24671341595866095,False,0.0,0.06592827332054885,,0.6686824726314666,1809,slippery,1027,0.14434928086839663,False,False,16.0,22.0,36.0,0.37767344324701835,3.0559491122222395,3,1,dwa,slippery,1027,True,smoke,2.2113194000003205,805,0.44499723604201213
stall,False,29.359999999999463,22.62366838483142,0.7361980397465342,5.002489208984702,1.4579562873484118,0.31676082908399283,True,0.0014986376021798365,3.2081230464661608,,1.7484694915636398,1468,slippery,1028,0.1402814546945802,False,False,16.0,22.0,36.0,0.46077403955257046,4.632342157225378,3,2,dwa,slippery,1028,True,smoke,3.118208500000037,0,0.0
collision,False,8.799999999999901,10.06244382067455,1.1438367837930867,0.5985727192804139,0.13884377870975256,0.2184292370446282,False,0.0,-0.005230653207428049,obstacle,0.26983585465628285,440,slippery,1029,0.1121120985381486,False,False,16.0,22.0,36.0,0.40932212108987814,4.673554672652967,4,3,dwa,slippery,1029,True,smoke,1.3445119999996678,129,0.29318181818181815
stall,False,31.719999999999413,23.459960180532406,0.6817279375593758,5.923469345347725,1.6012325324102095,0.4697069502837986,True,0.0015132408575031526,0.3879630613200269,,1.6304596633079589,1586,slippery,1030,0.14944884071670828,False,False,16.0,22.0,36.0,0.36035647716511543,3.473729495597242,2,1,dwa,slippery,1030,True,smoke,3.181163199999901,229,0.14438839848675913
stall,False,34.319999999999766,25.56899988648137,0.7449477081655224,1.812563658560871,1.3403364959248152,0.16619409602015467,False,0.0,0.12351461479598758,,0.5382165081850092,1716,slippery,1031,0.1019077208437179,False,True,16.0,22.0,36.0,0.42340330889096556,4.385133828919447,3,3,dwa,slippery,1031,True,smoke,3.0138235999993412,772,0.44988344988344986
goal,True,27.779999999999497,36.495590595477694,1.3139474365159536,1.4226377566818318,0.9440745931885656,0.20032357049013652,False,0.0,0.0769321169535736,,0.718150678384397,1389,slippery,1032,0.12608738559358684,False,True,16.0,22.0,36.0,0.4120721793777167,4.755480012589579,4,3,dwa,slippery,1032,True,smoke,3.394979499999863,290,0.2087832973362131
collision,False,6.879999999999941,9.494607344629976,1.3813016869148333,1.4108499650803943,0.996825583980247,0.21344839748691724,False,0.0,-0.010532168284869525,obstacle,0.17283679007512168,344,slippery,1033,0.12331852362634443,False,False,16.0,22.0,36.0,0.42201863834824094,4.65627625426184,4,2,dwa,slippery,1033,True,smoke,0.8141134000006787,216,0.627906976744186
stall,False,23.139999999999596,11.617355731819591,0.5016043105209729,0.5807490228242639,0.05955725999620084,0.13977024623987358,False,0.0,0.12481660946869624,,0.3482308881688158,1157,slippery,1034,0.14061918078359328,True,True,16.0,22.0,36.0,0.389141839887363,4.960522680359679,4,2,dwa,slippery,1034,True,smoke,1.78129220000028,752,0.6499567847882455
goal,True,29.89999999999945,37.281433384857465,1.2177905627367231,4.384353646133961,2.3158286997740265,0.3373286520670699,True,0.0012040133779264214,0.28181247301092005,,1.0745106415899084,1495,slippery,1035,0.12122831836586792,True,False,16.0,22.0,36.0,0.47214297077837475,3.639780951755606,4,3,dwa,slippery,1035,True,smoke,2.2842821000003823,377,0.25217391304347825
stall,False,22.279999999999614,9.379663993415114,0.4207043611325686,0.7015048535085263,0.12401913907770348,0.13626125384609367,False,0.0,0.0947251444239251,,0.33669760028040097,1114,slippery,1036,0.10618865016239329,False,True,16.0,22.0,36.0,0.5495179620369496,3.5881162897568393,3,3,dwa,slippery,1036,True,smoke,2.847489499999938,822,0.7378815080789947
goal,True,30.85999999999943,37.400572351807085,1.176961297151374,3.577618756337483,1.2961693745545362,0.29308989466401203,True,0.0012961762799740765,0.14241254625873637,,1.0903898010882975,1543,slippery,1037,0.12476034235885287,False,False,16.0,22.0,36.0,0.5620186115719132,3.6446668456292,3,1,dwa,slippery,1037,True,smoke,2.7587727000000086,193,0.12508101101749838
stall,False,19.499999999999673,5.808677774200329,0.29760911290733366,0.7517093069792997,0.13333748623392894,0.14942867961367748,False,0.0,0.09292738586495736,,0.3040163817542097,975,slippery,1038,0.12343474614295463,False,False,16.0,22.0,36.0,0.5850572993951388,3.6535129386218568,4,3,dwa,slippery,1038,True,smoke,1.6334917999993195,805,0.8256410256410256
collision,False,19.279999999999678,5.572755708750476,0.2889783802715282,0.6777312137674196,0.13044776096098418,0.16978151570966787,False,0.0,-0.008450952579273086,obstacle,0.26217324656595475,964,slippery,1039,0.1319220647052896,False,False,16.0,22.0,36.0,0.515623960455422,4.738645777348411,2,3,dwa,slippery,1039,True,smoke,1.4288878000006662,5,0.005186721991701245
