parameter,low,high,gain_at_low,gain_at_high,gain_base,swing
radius_m,250.0,2000.0,0.05282047993899061,0.0,0.004405475738154141,0.05282047993899061
rover_speed_mps,1.0,3.0,0.0,0.01763332502419651,0.004405475738154141,0.01763332502419651
route_factor,1.1,1.6,0.009105990837299627,0.0007500362488208345,0.004405475738154141,0.008355954588478792
dispatch.ems_arrival_to_shock_min,0.0,3.0,0.004405475738154141,0.012539600192910838,0.004405475738154141,0.008134124454756697
dispatch.call_to_alert_min,0.5,3.0,0.006969241533906323,0.0017968578076331676,0.004405475738154141,0.005172383726273155
dispatch.bystander_cpr_delay_min,1.0,6.0,0.006143789823809198,0.0016609829950849364,0.004405475738154141,0.004482806828724262
ems_median_min,10.0,14.8,0.004405475738154141,0.00823761116889124,0.004405475738154141,0.003832135430737099
dispatch.handoff_min,0.5,2.5,0.005596464214572772,0.0017968578076331676,0.004405475738154141,0.003799606406939604
dispatch.collapse_to_call_min,0.5,3.0,0.0050327377047219846,0.001847319120667934,0.004405475738154141,0.0031854185840540505
busy_increase,0.0,0.2,0.004405475738154141,0.004998757872902715,0.004405475738154141,0.0005932821347485739
