controller,p_drone,radius_m,policy,model,n,mean_survival,survival_ci_low,survival_ci_high,abs_gain,abs_gain_ci_low,abs_gain_ci_high,rel_gain,rel_gain_ci_low,rel_gain_ci_high,p_faster,median_saving_when_faster_min
dwa,0.0,1000,ambulance,larsen1993,2000,0.2329689307763507,0.22728243553669722,0.23934451559473163,0.0,0.0,0.0,0.0,0.0,0.0,0.0,
dwa,0.0,1000,rover,larsen1993,2000,0.2329689307763507,0.22728243553669722,0.23934451559473163,0.0,0.0,0.0,0.0,0.0,0.0,0.0,
dwa,0.0,1000,drone,larsen1993,2000,0.2329689307763507,0.22728243553669722,0.23934451559473163,0.0,0.0,0.0,0.0,0.0,0.0,0.0,
dwa,0.0,1000,hybrid,larsen1993,2000,0.2329689307763507,0.22728243553669722,0.23934451559473163,0.0,0.0,0.0,0.0,0.0,0.0,0.0,
dwa,0.0,1000,both,larsen1993,2000,0.2329689307763507,0.22728243553669722,0.23934451559473163,0.0,0.0,0.0,0.0,0.0,0.0,0.0,
dwa,0.25,1000,ambulance,larsen1993,2000,0.2329689307763507,0.22728243553669722,0.23934451559473163,0.0,0.0,0.0,0.0,0.0,0.0,0.0,
dwa,0.25,1000,rover,larsen1993,2000,0.2329689307763507,0.22728243553669722,0.23934451559473163,0.0,0.0,0.0,0.0,0.0,0.0,0.0,
dwa,0.25,1000,drone,larsen1993,2000,0.24893165017640265,0.24375551525598146,0.2549943709861781,0.01596271940005195,0.01457028119702973,0.017486065269500476,0.06851866189563327,0.0613299039614118,0.0755807050339567,0.2425,6.297688874923882
dwa,0.25,1000,hybrid,larsen1993,2000,0.24893165017640265,0.24375551525598146,0.2549943709861781,0.01596271940005195,0.01457028119702973,0.017486065269500476,0.06851866189563327,0.0613299039614118,0.0755807050339567,0.2425,6.297688874923882
dwa,0.25,1000,both,larsen1993,2000,0.24893165017640265,0.24375551525598146,0.2549943709861781,0.01596271940005195,0.01457028119702973,0.017486065269500476,0.06851866189563327,0.0613299039614118,0.0755807050339567,0.2425,6.297688874923882
dwa,0.5,1000,ambulance,larsen1993,2000,0.2329689307763507,0.22728243553669722,0.23934451559473163,0.0,0.0,0.0,0.0,0.0,0.0,0.0,
dwa,0.5,1000,rover,larsen1993,2000,0.2329689307763507,0.22728243553669722,0.23934451559473163,0.0,0.0,0.0,0.0,0.0,0.0,0.0,
dwa,0.5,1000,drone,larsen1993,2000,0.26506441417184284,0.2600467996365221,0.2714527229277709,0.03209548339549215,0.030370534520017953,0.03394779012984324,0.13776722625002602,0.12819957328944218,0.14773331499703451,0.4915,5.856811121831294
dwa,0.5,1000,hybrid,larsen1993,2000,0.26506441417184284,0.2600467996365221,0.2714527229277709,0.03209548339549215,0.030370534520017953,0.03394779012984324,0.13776722625002602,0.12819957328944218,0.14773331499703451,0.4915,5.856811121831294
dwa,0.5,1000,both,larsen1993,2000,0.26506441417184284,0.2600467996365221,0.2714527229277709,0.03209548339549215,0.030370534520017953,0.03394779012984324,0.13776722625002602,0.12819957328944218,0.14773331499703451,0.4915,5.856811121831294
dwa,0.75,1000,ambulance,larsen1993,2000,0.2329689307763507,0.22728243553669722,0.23934451559473163,0.0,0.0,0.0,0.0,0.0,0.0,0.0,
dwa,0.75,1000,rover,larsen1993,2000,0.2329689307763507,0.22728243553669722,0.23934451559473163,0.0,0.0,0.0,0.0,0.0,0.0,0.0,
dwa,0.75,1000,drone,larsen1993,2000,0.28059814131502764,0.275757181513736,0.2860563788203402,0.04762921053867694,0.04577971970195134,0.04965742836520646,0.20444447411917266,0.19289505938764004,0.21603511264381828,0.7315,5.788845679747812
dwa,0.75,1000,hybrid,larsen1993,2000,0.28059814131502764,0.275757181513736,0.2860563788203402,0.04762921053867694,0.04577971970195134,0.04965742836520646,0.20444447411917266,0.19289505938764004,0.21603511264381828,0.7315,5.788845679747812
dwa,0.75,1000,both,larsen1993,2000,0.28059814131502764,0.275757181513736,0.2860563788203402,0.04762921053867694,0.04577971970195134,0.04965742836520646,0.20444447411917266,0.19289505938764004,0.21603511264381828,0.7315,5.788845679747812
dwa,1.0,1000,ambulance,larsen1993,2000,0.2329689307763507,0.22728243553669722,0.23934451559473163,0.0,0.0,0.0,0.0,0.0,0.0,0.0,
dwa,1.0,1000,rover,larsen1993,2000,0.2329689307763507,0.22728243553669722,0.23934451559473163,0.0,0.0,0.0,0.0,0.0,0.0,0.0,
dwa,1.0,1000,drone,larsen1993,2000,0.2966287405906556,0.2920249513909596,0.3014845925632651,0.06365980981430489,0.06186456930341909,0.06536843028453998,0.2732545048052697,0.25975625790164864,0.2866930954834886,0.9775,5.827085566823966
dwa,1.0,1000,hybrid,larsen1993,2000,0.2966287405906556,0.2920249513909596,0.3014845925632651,0.06365980981430489,0.06186456930341909,0.06536843028453998,0.2732545048052697,0.25975625790164864,0.2866930954834886,0.9775,5.827085566823966
dwa,1.0,1000,both,larsen1993,2000,0.2966287405906556,0.2920249513909596,0.3014845925632651,0.06365980981430489,0.06186456930341909,0.06536843028453998,0.2732545048052697,0.25975625790164864,0.2866930954834886,0.9775,5.827085566823966
mppi,0.0,1000,ambulance,larsen1993,2000,0.2329689307763507,0.22728243553669722,0.23934451559473163,0.0,0.0,0.0,0.0,0.0,0.0,0.0,
mppi,0.0,1000,rover,larsen1993,2000,0.2329689307763507,0.22728243553669722,0.23934451559473163,0.0,0.0,0.0,0.0,0.0,0.0,0.0,
mppi,0.0,1000,drone,larsen1993,2000,0.2329689307763507,0.22728243553669722,0.23934451559473163,0.0,0.0,0.0,0.0,0.0,0.0,0.0,
mppi,0.0,1000,hybrid,larsen1993,2000,0.2329689307763507,0.22728243553669722,0.23934451559473163,0.0,0.0,0.0,0.0,0.0,0.0,0.0,
mppi,0.0,1000,both,larsen1993,2000,0.2329689307763507,0.22728243553669722,0.23934451559473163,0.0,0.0,0.0,0.0,0.0,0.0,0.0,
mppi,0.25,1000,ambulance,larsen1993,2000,0.2329689307763507,0.22728243553669722,0.23934451559473163,0.0,0.0,0.0,0.0,0.0,0.0,0.0,
mppi,0.25,1000,rover,larsen1993,2000,0.2329689307763507,0.22728243553669722,0.23934451559473163,0.0,0.0,0.0,0.0,0.0,0.0,0.0,
mppi,0.25,1000,drone,larsen1993,2000,0.24893165017640265,0.24375551525598146,0.2549943709861781,0.01596271940005195,0.01457028119702973,0.017486065269500476,0.06851866189563327,0.0613299039614118,0.0755807050339567,0.2425,6.297688874923882
mppi,0.25,1000,hybrid,larsen1993,2000,0.24893165017640265,0.24375551525598146,0.2549943709861781,0.01596271940005195,0.01457028119702973,0.017486065269500476,0.06851866189563327,0.0613299039614118,0.0755807050339567,0.2425,6.297688874923882
mppi,0.25,1000,both,larsen1993,2000,0.24893165017640265,0.24375551525598146,0.2549943709861781,0.01596271940005195,0.01457028119702973,0.017486065269500476,0.06851866189563327,0.0613299039614118,0.0755807050339567,0.2425,6.297688874923882
mppi,0.5,1000,ambulance,larsen1993,2000,0.2329689307763507,0.22728243553669722,0.23934451559473163,0.0,0.0,0.0,0.0,0.0,0.0,0.0,
mppi,0.5,1000,rover,larsen1993,2000,0.2329689307763507,0.22728243553669722,0.23934451559473163,0.0,0.0,0.0,0.0,0.0,0.0,0.0,
mppi,0.5,1000,drone,larsen1993,2000,0.26506441417184284,0.2600467996365221,0.2714527229277709,0.03209548339549215,0.030370534520017953,0.03394779012984324,0.13776722625002602,0.12819957328944218,0.14773331499703451,0.4915,5.856811121831294
mppi,0.5,1000,hybrid,larsen1993,2000,0.26506441417184284,0.2600467996365221,0.2714527229277709,0.03209548339549215,0.030370534520017953,0.03394779012984324,0.13776722625002602,0.12819957328944218,0.14773331499703451,0.4915,5.856811121831294
mppi,0.5,1000,both,larsen1993,2000,0.26506441417184284,0.2600467996365221,0.2714527229277709,0.03209548339549215,0.030370534520017953,0.03394779012984324,0.13776722625002602,0.12819957328944218,0.14773331499703451,0.4915,5.856811121831294
mppi,0.75,1000,ambulance,larsen1993,2000,0.2329689307763507,0.22728243553669722,0.23934451559473163,0.0,0.0,0.0,0.0,0.0,0.0,0.0,
mppi,0.75,1000,rover,larsen1993,2000,0.2329689307763507,0.22728243553669722,0.23934451559473163,0.0,0.0,0.0,0.0,0.0,0.0,0.0,
mppi,0.75,1000,drone,larsen1993,2000,0.28059814131502764,0.275757181513736,0.2860563788203402,0.04762921053867694,0.04577971970195134,0.04965742836520646,0.20444447411917266,0.19289505938764004,0.21603511264381828,0.7315,5.788845679747812
mppi,0.75,1000,hybrid,larsen1993,2000,0.28059814131502764,0.275757181513736,0.2860563788203402,0.04762921053867694,0.04577971970195134,0.04965742836520646,0.20444447411917266,0.19289505938764004,0.21603511264381828,0.7315,5.788845679747812
mppi,0.75,1000,both,larsen1993,2000,0.28059814131502764,0.275757181513736,0.2860563788203402,0.04762921053867694,0.04577971970195134,0.04965742836520646,0.20444447411917266,0.19289505938764004,0.21603511264381828,0.7315,5.788845679747812
mppi,1.0,1000,ambulance,larsen1993,2000,0.2329689307763507,0.22728243553669722,0.23934451559473163,0.0,0.0,0.0,0.0,0.0,0.0,0.0,
mppi,1.0,1000,rover,larsen1993,2000,0.2329689307763507,0.22728243553669722,0.23934451559473163,0.0,0.0,0.0,0.0,0.0,0.0,0.0,
mppi,1.0,1000,drone,larsen1993,2000,0.2966287405906556,0.2920249513909596,0.3014845925632651,0.06365980981430489,0.06186456930341909,0.06536843028453998,0.2732545048052697,0.25975625790164864,0.2866930954834886,0.9775,5.827085566823966
mppi,1.0,1000,hybrid,larsen1993,2000,0.2966287405906556,0.2920249513909596,0.3014845925632651,0.06365980981430489,0.06186456930341909,0.06536843028453998,0.2732545048052697,0.25975625790164864,0.2866930954834886,0.9775,5.827085566823966
mppi,1.0,1000,both,larsen1993,2000,0.2966287405906556,0.2920249513909596,0.3014845925632651,0.06365980981430489,0.06186456930341909,0.06536843028453998,0.2732545048052697,0.25975625790164864,0.2866930954834886,0.9775,5.827085566823966
ppo,0.0,1000,ambulance,larsen1993,2000,0.2329689307763507,0.22728243553669722,0.23934451559473163,0.0,0.0,0.0,0.0,0.0,0.0,0.0,
ppo,0.0,1000,rover,larsen1993,2000,0.2332041964776424,0.22749285200705785,0.2395458458777774,0.00023526570129170365,0.00016223709810520156,0.0003138435722942971,0.001009858698787447,0.0006850846179550619,0.0013436703931056667,0.0585,2.804297546347243
ppo,0.0,1000,drone,larsen1993,2000,0.2329689307763507,0.22728243553669722,0.23934451559473163,0.0,0.0,0.0,0.0,0.0,0.0,0.0,
ppo,0.0,1000,hybrid,larsen1993,2000,0.2332041964776424,0.22749285200705785,0.2395458458777774,0.00023526570129170365,0.00016223709810520156,0.0003138435722942971,0.001009858698787447,0.0006850846179550619,0.0013436703931056667,0.0585,2.804297546347243
ppo,0.0,1000,both,larsen1993,2000,0.2332041964776424,0.22749285200705785,0.2395458458777774,0.00023526570129170365,0.00016223709810520156,0.0003138435722942971,0.001009858698787447,0.0006850846179550619,0.0013436703931056667,0.0585,2.804297546347243
ppo,0.25,1000,ambulance,larsen1993,2000,0.2329689307763507,0.22728243553669722,0.23934451559473163,0.0,0.0,0.0,0.0,0.0,0.0,0.0,
ppo,0.25,1000,rover,larsen1993,2000,0.2332041964776424,0.22749285200705785,0.2395458458777774,0.00023526570129170365,0.00016223709810520156,0.0003138435722942971,0.001009858698787447,0.0006850846179550619,0.0013436703931056667,0.0585,2.804297546347243
ppo,0.25,1000,drone,larsen1993,2000,0.24893165017640265,0.24375551525598146,0.2549943709861781,0.01596271940005195,0.01457028119702973,0.017486065269500476,0.06851866189563327,0.0613299039614118,0.0755807050339567,0.2425,6.297688874923882
ppo,0.25,1000,hybrid,larsen1993,2000,0.2491026991958127,0.24397086110633603,0.2551536621390003,0.016133768419462013,0.014731944840141627,0.017606548520212397,0.06925287576200612,0.06217830703122346,0.07617408985375126,0.289,5.754237353590983
ppo,0.25,1000,both,larsen1993,2000,0.2491026991958127,0.24397086110633603,0.2551536621390003,0.016133768419462013,0.014731944840141627,0.017606548520212397,0.06925287576200612,0.06217830703122346,0.07617408985375126,0.289,5.754237353590983
ppo,0.5,1000,ambulance,larsen1993,2000,0.2329689307763507,0.22728243553669722,0.23934451559473163,0.0,0.0,0.0,0.0,0.0,0.0,0.0,
ppo,0.5,1000,rover,larsen1993,2000,0.2332041964776424,0.22749285200705785,0.2395458458777774,0.00023526570129170365,0.00016223709810520156,0.0003138435722942971,0.001009858698787447,0.0006850846179550619,0.0013436703931056667,0.0585,2.804297546347243
ppo,0.5,1000,drone,larsen1993,2000,0.26506441417184284,0.2600467996365221,0.2714527229277709,0.03209548339549215,0.030370534520017953,0.03394779012984324,0.13776722625002602,0.12819957328944218,0.14773331499703451,0.4915,5.856811121831294
ppo,0.5,1000,hybrid,larsen1993,2000,0.2651729384893205,0.26015853323889576,0.27154048390560614,0.0322040077129698,0.030459381577342848,0.03404561268665697,0.13823305796894236,0.12875530370271557,0.14817001678454375,0.5215,5.717352430406839
ppo,0.5,1000,both,larsen1993,2000,0.2651729384893205,0.26015853323889576,0.27154048390560614,0.0322040077129698,0.030459381577342848,0.03404561268665697,0.13823305796894236,0.12875530370271557,0.14817001678454375,0.5215,5.717352430406839
ppo,0.75,1000,ambulance,larsen1993,2000,0.2329689307763507,0.22728243553669722,0.23934451559473163,0.0,0.0,0.0,0.0,0.0,0.0,0.0,
ppo,0.75,1000,rover,larsen1993,2000,0.2332041964776424,0.22749285200705785,0.2395458458777774,0.00023526570129170365,0.00016223709810520156,0.0003138435722942971,0.001009858698787447,0.0006850846179550619,0.0013436703931056667,0.0585,2.804297546347243
ppo,0.75,1000,drone,larsen1993,2000,0.28059814131502764,0.275757181513736,0.2860563788203402,0.04762921053867694,0.04577971970195134,0.04965742836520646,0.20444447411917266,0.19289505938764004,0.21603511264381828,0.7315,5.788845679747812
ppo,0.75,1000,hybrid,larsen1993,2000,0.28065249908004625,0.27580932609109404,0.2861125040662697,0.04768356830369555,0.045826527893855495,0.04970429006806956,0.2046778003607339,0.19316902707254227,0.2163593818955064,0.7475,5.763755357257676
ppo,0.75,1000,both,larsen1993,2000,0.28065249908004625,0.27580932609109404,0.2861125040662697,0.04768356830369555,0.045826527893855495,0.04970429006806956,0.2046778003607339,0.19316902707254227,0.2163593818955064,0.7475,5.763755357257676
ppo,1.0,1000,ambulance,larsen1993,2000,0.2329689307763507,0.22728243553669722,0.23934451559473163,0.0,0.0,0.0,0.0,0.0,0.0,0.0,
ppo,1.0,1000,rover,larsen1993,2000,0.2332041964776424,0.22749285200705785,0.2395458458777774,0.00023526570129170365,0.00016223709810520156,0.0003138435722942971,0.001009858698787447,0.0006850846179550619,0.0013436703931056667,0.0585,2.804297546347243
ppo,1.0,1000,drone,larsen1993,2000,0.2966287405906556,0.2920249513909596,0.3014845925632651,0.06365980981430489,0.06186456930341909,0.06536843028453998,0.2732545048052697,0.25975625790164864,0.2866930954834886,0.9775,5.827085566823966
ppo,1.0,1000,hybrid,larsen1993,2000,0.2966287405906556,0.2920249513909596,0.3014845925632651,0.06365980981430489,0.06186456930341909,0.06536843028453998,0.2732545048052697,0.25975625790164864,0.2866930954834886,0.9775,5.827085566823966
ppo,1.0,1000,both,larsen1993,2000,0.2966287405906556,0.2920249513909596,0.3014845925632651,0.06365980981430489,0.06186456930341909,0.06536843028453998,0.2732545048052697,0.25975625790164864,0.2866930954834886,0.9775,5.827085566823966
