controller,density,crossings_per_km,radius_m,route_m,crossings,p_arrive,p_safe_delivery,time_min_median,time_min_p90,n_segments,n_crossing_segments
dwa,osm_lower_bound,0.23841574902190843,250,383.8,0,0.3605,0.3605,3.5175205387204795,3.7798484848484204,11,0
dwa,osm_lower_bound,0.23841574902190843,500,767.6,0,0.1195,0.1195,7.089315824915706,7.45812565656553,22,0
dwa,osm_lower_bound,0.23841574902190843,750,1151.4,0,0.038,0.038,10.572157465277606,10.909315104166483,32,0
dwa,osm_lower_bound,0.23841574902190843,1000,1535.2,0,0.012,0.012,14.262417915589769,14.472863290266776,43,0
dwa,osm_lower_bound,0.23841574902190843,1500,2302.8,1,0.001,0.001,21.292404427082975,21.31332685763853,64,1
dwa,osm_lower_bound,0.23841574902190843,2000,3070.4,1,0.0,0.0,,,86,1
dwa,osm_lower_bound,0.23841574902190843,3000,4605.6,1,0.0,0.0,,,128,1
dwa,assumed_2_per_km,2.0,250,383.8,1,0.295,0.2655,3.5579035353534754,3.806016666666602,11,1
dwa,assumed_2_per_km,2.0,500,767.6,2,0.0915,0.0725,7.092546464646347,7.466331481481362,22,2
dwa,assumed_2_per_km,2.0,750,1151.4,2,0.0315,0.0235,10.594479166666488,11.05550559027759,32,2
dwa,assumed_2_per_km,2.0,1000,1535.2,3,0.011,0.0065,14.15597209302302,14.871803720929984,43,3
dwa,assumed_2_per_km,2.0,1500,2302.8,5,0.0005,0.0,,,64,5
dwa,assumed_2_per_km,2.0,2000,3070.4,6,0.0,0.0,,,86,6
dwa,assumed_2_per_km,2.0,3000,4605.6,9,0.0,0.0,,,128,9
dwa,assumed_4_per_km,4.0,250,383.8,2,0.261,0.209,3.5932790404039796,3.8372246464645876,11,2
dwa,assumed_4_per_km,4.0,500,767.6,3,0.084,0.0655,7.206911111110992,7.536113299663171,22,3
dwa,assumed_4_per_km,4.0,750,1151.4,5,0.0205,0.0115,10.775051736110937,11.34242274305537,32,5
dwa,assumed_4_per_km,4.0,1000,1535.2,6,0.008,0.0015,14.739440654607847,14.920861360895527,43,6
dwa,assumed_4_per_km,4.0,1500,2302.8,9,0.0005,0.0,,,64,9
dwa,assumed_4_per_km,4.0,2000,3070.4,12,0.0,0.0,,,86,12
dwa,assumed_4_per_km,4.0,3000,4605.6,18,0.0,0.0,,,128,18
dwa,assumed_8_per_km,8.0,250,383.8,3,0.233,0.16,3.6188010942760327,3.8914670875420208,11,3
dwa,assumed_8_per_km,8.0,500,767.6,6,0.0545,0.0255,7.277662121211999,7.676323063972942,22,6
dwa,assumed_8_per_km,8.0,750,1151.4,9,0.0135,0.0065,10.98394288194426,11.28365336805537,32,9
dwa,assumed_8_per_km,8.0,1000,1535.2,12,0.0035,0.001,14.369194315245238,14.505392075796484,43,12
dwa,assumed_8_per_km,8.0,1500,2302.8,18,0.001,0.0,,,64,18
dwa,assumed_8_per_km,8.0,2000,3070.4,25,0.0,0.0,,,86,25
dwa,assumed_8_per_km,8.0,3000,4605.6,37,0.0,0.0,,,128,37
mppi,osm_lower_bound,0.23841574902190843,250,383.8,0,0.3725,0.3725,4.655351851851801,5.157716329966358,11,0
mppi,osm_lower_bound,0.23841574902190843,500,767.6,0,0.1165,0.1165,9.383393097643042,10.149054713804691,22,0
mppi,osm_lower_bound,0.23841574902190843,750,1151.4,0,0.0485,0.0485,14.097986805555394,15.028835069444389,32,0
mppi,osm_lower_bound,0.23841574902190843,1000,1535.2,0,0.016,0.016,18.51396985357432,19.448048475452048,43,0
mppi,osm_lower_bound,0.23841574902190843,1500,2302.8,1,0.0005,0.0005,28.797326909722035,28.797326909722035,64,1
mppi,osm_lower_bound,0.23841574902190843,2000,3070.4,1,0.0,0.0,,,86,1
mppi,osm_lower_bound,0.23841574902190843,3000,4605.6,1,0.0,0.0,,,128,1
mppi,assumed_2_per_km,2.0,250,383.8,1,0.3555,0.3415,4.66310538720533,5.116945656565595,11,1
mppi,assumed_2_per_km,2.0,500,767.6,2,0.115,0.1045,9.341717845117715,10.095167643097666,22,2
mppi,assumed_2_per_km,2.0,750,1151.4,2,0.047,0.0435,14.248241840277654,15.025570104166638,32,2
mppi,assumed_2_per_km,2.0,1000,1535.2,3,0.015,0.0125,18.62636606373798,19.56751903531429,43,3
mppi,assumed_2_per_km,2.0,1500,2302.8,5,0.0025,0.0015,27.51466197916637,27.581293923610772,64,5
mppi,assumed_2_per_km,2.0,2000,3070.4,6,0.0,0.0,,,86,6
mppi,assumed_2_per_km,2.0,3000,4605.6,9,0.0,0.0,,,128,9
mppi,assumed_4_per_km,4.0,250,383.8,2,0.3205,0.2925,4.641783164983141,5.170832727272711,11,2
mppi,assumed_4_per_km,4.0,500,767.6,3,0.1045,0.0965,9.328472222222121,10.044317373737353,22,3
mppi,assumed_4_per_km,4.0,750,1151.4,5,0.0385,0.033,13.927409027777628,14.662525954861007,32,5
mppi,assumed_4_per_km,4.0,1000,1535.2,6,0.0165,0.0135,19.029008957794833,19.687650749353896,43,6
mppi,assumed_4_per_km,4.0,1500,2302.8,9,0.0025,0.002,27.856650434027458,28.319975659721944,64,9
mppi,assumed_4_per_km,4.0,2000,3070.4,12,0.001,0.0005,38.74032902670088,38.74032902670088,86,12
mppi,assumed_4_per_km,4.0,3000,4605.6,18,0.0,0.0,,,128,18
mppi,assumed_8_per_km,8.0,250,383.8,3,0.3055,0.273,4.637098737373686,5.155939478114486,11,3
mppi,assumed_8_per_km,8.0,500,767.6,6,0.0845,0.0665,9.225414814814695,9.875419528619476,22,6
mppi,assumed_8_per_km,8.0,750,1151.4,9,0.038,0.026,14.107148697916525,14.925522239583247,32,9
mppi,assumed_8_per_km,8.0,1000,1535.2,12,0.0095,0.007,19.13281016365185,19.312016003445184,43,12
mppi,assumed_8_per_km,8.0,1500,2302.8,18,0.0005,0.0,,,64,18
mppi,assumed_8_per_km,8.0,2000,3070.4,25,0.0,0.0,,,86,25
mppi,assumed_8_per_km,8.0,3000,4605.6,37,0.0,0.0,,,128,37
ppo,osm_lower_bound,0.23841574902190843,250,383.8,0,1.0,1.0,3.3761800505049946,3.4903831649831063,11,0
ppo,osm_lower_bound,0.23841574902190843,500,767.6,0,1.0,1.0,6.774974579124465,6.920385673400556,22,0
ppo,osm_lower_bound,0.23841574902190843,750,1151.4,0,1.0,1.0,10.170366840277607,10.35230536458316,32,0
ppo,osm_lower_bound,0.23841574902190843,1000,1535.2,0,1.0,1.0,13.56440439276463,13.7748828251505,43,0
ppo,osm_lower_bound,0.23841574902190843,1500,2302.8,1,0.904,0.8755,20.362722222221883,20.621920486110763,64,1
ppo,osm_lower_bound,0.23841574902190843,2000,3070.4,1,0.904,0.8755,27.145668217053814,27.439551248922893,86,1
ppo,osm_lower_bound,0.23841574902190843,3000,4605.6,1,0.904,0.8755,40.727776562499315,41.07226371527708,128,1
ppo,assumed_2_per_km,2.0,250,383.8,1,0.904,0.8755,3.384095117845061,3.496521380471322,11,1
ppo,assumed_2_per_km,2.0,500,767.6,2,0.818,0.7575,6.781435858585744,6.93327592592581,22,2
ppo,assumed_2_per_km,2.0,750,1151.4,2,0.818,0.7575,10.17103315972205,10.37046256944427,32,2
ppo,assumed_2_per_km,2.0,1000,1535.2,3,0.74,0.6775,13.576139879414072,13.79795710594292,43,3
ppo,assumed_2_per_km,2.0,1500,2302.8,5,0.601,0.511,20.38421102430521,20.641177118055204,64,5
ppo,assumed_2_per_km,2.0,2000,3070.4,6,0.5615,0.455,27.16252764857836,27.458691662359577,86,6
ppo,assumed_2_per_km,2.0,3000,4605.6,9,0.4405,0.332,40.760925954860426,41.11557447916597,128,9
ppo,assumed_4_per_km,4.0,250,383.8,2,0.818,0.7575,3.3870026936026365,3.5009150505049917,11,2
ppo,assumed_4_per_km,4.0,500,767.6,3,0.74,0.6775,6.780143602693489,6.934632794612678,22,3
ppo,assumed_4_per_km,4.0,750,1151.4,5,0.601,0.511,10.194187760416495,10.398381354166492,32,5
ppo,assumed_4_per_km,4.0,1000,1535.2,6,0.5615,0.455,13.599114987079876,13.808138880275392,43,6
ppo,assumed_4_per_km,4.0,1500,2302.8,9,0.4405,0.332,20.39553845486077,20.658234895832983,64,9
ppo,assumed_4_per_km,4.0,2000,3070.4,12,0.3125,0.215,27.19558535745002,27.518261653746315,86,12
ppo,assumed_4_per_km,4.0,3000,4605.6,18,0.161,0.1,40.74943194444375,41.155087222221525,128,18
ppo,assumed_8_per_km,8.0,250,383.8,3,0.74,0.6775,3.391202525252468,3.5042749158248565,11,3
ppo,assumed_8_per_km,8.0,500,767.6,6,0.5615,0.455,6.798396717171602,6.964386986531869,22,6
ppo,assumed_8_per_km,8.0,750,1151.4,9,0.4405,0.332,10.213844184027607,10.408242881944268,32,9
ppo,assumed_8_per_km,8.0,1000,1535.2,12,0.3125,0.215,13.599776141257308,13.823742118862816,43,12
ppo,assumed_8_per_km,8.0,1500,2302.8,18,0.161,0.1,20.381878906249657,20.662965763888543,64,18
ppo,assumed_8_per_km,8.0,2000,3070.4,25,0.0945,0.042,27.220543927648126,27.508410456502553,86,25
ppo,assumed_8_per_km,8.0,3000,4605.6,37,0.032,0.0135,41.01629288194375,41.293215243054846,128,37
