controller,density,radius_m,model,mode,n,mean_survival,survival_ci_low,survival_ci_high,abs_gain,abs_gain_ci_low,abs_gain_ci_high,rel_gain,rel_gain_ci_low,rel_gain_ci_high,p_faster,median_saving_when_faster_min
dwa,osm_lower_bound,250,larsen1993,ambulance,2000,0.2329689307763507,0.22689953434952753,0.23941283792878895,0.0,0.0,0.0,0.0,0.0,0.0,0.0,
dwa,osm_lower_bound,250,larsen1993,rover,2000,0.24813825861217467,0.24250614235197432,0.2540781454436406,0.015169327835823976,0.013817487435977431,0.016613862178472563,0.06511309377294805,0.05897715420740571,0.07191837997351831,0.308,4.392656588921435
dwa,osm_lower_bound,250,larsen1993,drone,2000,0.30550807437286037,0.3006945105056047,0.3103511861218325,0.07253914359650968,0.07066162886839678,0.07433866018696358,0.3113683157439864,0.2958856742895141,0.32768897294855914,0.991,6.622257053710928
dwa,osm_lower_bound,250,rule_of_thumb,ambulance,2000,0.025116225819490877,0.02227037702256628,0.027822223853442848,0.0,0.0,0.0,0.0,0.0,0.0,0.0,
dwa,osm_lower_bound,250,rule_of_thumb,rover,2000,0.046184980337408865,0.04326849517941116,0.04868750769639599,0.02106875451791799,0.019475701881167776,0.022413380559265575,0.8388503379981582,0.7261407808858151,0.9764798799125602,0.308,4.392656588921435
dwa,osm_lower_bound,250,rule_of_thumb,drone,2000,0.30677864572069996,0.3065742486013746,0.30701219150392456,0.2816624199012091,0.27898751552030726,0.2844650395793057,11.21436086478532,10.023381129231833,12.770015259683909,0.991,6.622257053710928
dwa,osm_lower_bound,500,larsen1993,ambulance,2000,0.2329689307763507,0.22689953434952753,0.23941283792878895,0.0,0.0,0.0,0.0,0.0,0.0,0.0,
dwa,osm_lower_bound,500,larsen1993,rover,2000,0.23508696950911462,0.2292204019941239,0.24126297324783058,0.0021180387327639216,0.0016957105530321496,0.002588897326976776,0.00909150729114705,0.00724661223949305,0.011125984846833031,0.058,3.890722565528524
dwa,osm_lower_bound,500,larsen1993,drone,2000,0.30253453272582115,0.2977277192084605,0.30736883986848035,0.06956560194947045,0.0676962893790396,0.07136931772392485,0.29860463246171287,0.2834266296864956,0.31455879515386714,0.987,6.355011660759411
dwa,osm_lower_bound,500,rule_of_thumb,ambulance,2000,0.025116225819490877,0.02227037702256628,0.027822223853442848,0.0,0.0,0.0,0.0,0.0,0.0,0.0,
dwa,osm_lower_bound,500,rule_of_thumb,rover,2000,0.025116225819490877,0.02227037702256628,0.027822223853442848,0.0,0.0,0.0,0.0,0.0,0.0,0.058,3.890722565528524
dwa,osm_lower_bound,500,rule_of_thumb,drone,2000,0.28341169511479053,0.28313456474979304,0.2837171819462262,0.2582954692952997,0.25563429761845446,0.2610735333911983,10.284008081136749,9.182981102714024,11.717682278362481,0.987,6.355011660759411
dwa,osm_lower_bound,750,larsen1993,ambulance,2000,0.2329689307763507,0.22689953434952753,0.23941283792878895,0.0,0.0,0.0,0.0,0.0,0.0,0.0,
dwa,osm_lower_bound,750,larsen1993,rover,2000,0.23311426078519087,0.22698583040173131,0.23954491828274585,0.00014533000884017766,5.69682407806603e-05,0.0002375925264239929,0.0006238171259826952,0.0002443636728312271,0.001028753420819739,0.0095,2.3441945810801883
dwa,osm_lower_bound,750,larsen1993,drone,2000,0.29957521054228964,0.294773824557211,0.3044091257231042,0.06660627976593894,0.06475377132580012,0.0684106376949411,0.2859019850586031,0.27104472423894993,0.3014947348012445,0.983,6.089024272158905
dwa,osm_lower_bound,750,rule_of_thumb,ambulance,2000,0.025116225819490877,0.02227037702256628,0.027822223853442848,0.0,0.0,0.0,0.0,0.0,0.0,0.0,
dwa,osm_lower_bound,750,rule_of_thumb,rover,2000,0.025116225819490877,0.02227037702256628,0.027822223853442848,0.0,0.0,0.0,0.0,0.0,0.0,0.0095,2.3441945810801883
dwa,osm_lower_bound,750,rule_of_thumb,drone,2000,0.26015462218144164,0.25980050660526055,0.26053825474565456,0.23503839636195076,0.2324817449668653,0.23780702239524093,9.358030065948626,8.351959030452438,10.669884331077846,0.983,6.089024272158905
dwa,osm_lower_bound,1000,larsen1993,ambulance,2000,0.2329689307763507,0.22689953434952753,0.23941283792878895,0.0,0.0,0.0,0.0,0.0,0.0,0.0,
dwa,osm_lower_bound,1000,larsen1993,rover,2000,0.2329689307763507,0.22689953434952753,0.23941283792878895,0.0,0.0,0.0,0.0,0.0,0.0,0.001,6.216325424009968
dwa,osm_lower_bound,1000,larsen1993,drone,2000,0.2966287405906556,0.2918324264707847,0.30146374306917234,0.06365980981430489,0.06182847357057024,0.0654645273803079,0.2732545048052697,0.2587223244686093,0.2884823021142566,0.9775,5.827085566823966
dwa,osm_lower_bound,1000,rule_of_thumb,ambulance,2000,0.025116225819490877,0.02227037702256628,0.027822223853442848,0.0,0.0,0.0,0.0,0.0,0.0,0.0,
dwa,osm_lower_bound,1000,rule_of_thumb,rover,2000,0.025116225819490877,0.02227037702256628,0.027822223853442848,0.0,0.0,0.0,0.0,0.0,0.0,0.001,6.216325424009968
dwa,osm_lower_bound,1000,rule_of_thumb,drone,2000,0.23699067626703074,0.23652456715258946,0.23747280688209357,0.21187445044753986,0.20949298846013795,0.21460601585031855,8.435759893634955,7.5245563854957265,9.62623298748372,0.9775,5.827085566823966
dwa,osm_lower_bound,1500,larsen1993,ambulance,2000,0.2329689307763507,0.22689953434952753,0.23941283792878895,0.0,0.0,0.0,0.0,0.0,0.0,0.0,
dwa,osm_lower_bound,1500,larsen1993,rover,2000,0.2329689307763507,0.22689953434952753,0.23941283792878895,0.0,0.0,0.0,0.0,0.0,0.0,0.0,
dwa,osm_lower_bound,1500,larsen1993,drone,2000,0.29082741889918257,0.2860467006636441,0.29565686775035926,0.05785848812283187,0.056038351313068405,0.05967575795301175,0.24835280794749326,0.23452199198043003,0.26294694724665774,0.955,5.473300318187477
dwa,osm_lower_bound,1500,rule_of_thumb,ambulance,2000,0.025116225819490877,0.02227037702256628,0.027822223853442848,0.0,0.0,0.0,0.0,0.0,0.0,0.0,
dwa,osm_lower_bound,1500,rule_of_thumb,rover,2000,0.025116225819490877,0.02227037702256628,0.027822223853442848,0.0,0.0,0.0,0.0,0.0,0.0,0.0,
dwa,osm_lower_bound,1500,rule_of_thumb,drone,2000,0.19134386330586017,0.1905772253005411,0.1920913047335997,0.1662276374863693,0.16410098281600885,0.1687768123746497,6.618336635489721,5.898435030840192,7.568884758835127,0.955,5.473300318187477
dwa,osm_lower_bound,2000,larsen1993,ambulance,2000,0.2329689307763507,0.22689953434952753,0.23941283792878895,0.0,0.0,0.0,0.0,0.0,0.0,0.0,
dwa,osm_lower_bound,2000,larsen1993,rover,2000,0.2329689307763507,0.22689953434952753,0.23941283792878895,0.0,0.0,0.0,0.0,0.0,0.0,0.0,
dwa,osm_lower_bound,2000,larsen1993,drone,2000,0.28517142516787863,0.28040683226152363,0.2900018595642765,0.05220249439152794,0.050363814885488585,0.05403097966025761,0.22407491942194713,0.21100044077208613,0.23809549012427544,0.9295,5.120311677180982
dwa,osm_lower_bound,2000,rule_of_thumb,ambulance,2000,0.025116225819490877,0.02227037702256628,0.027822223853442848,0.0,0.0,0.0,0.0,0.0,0.0,0.0,
dwa,osm_lower_bound,2000,rule_of_thumb,rover,2000,0.025116225819490877,0.02227037702256628,0.027822223853442848,0.0,0.0,0.0,0.0,0.0,0.0,0.0,
dwa,osm_lower_bound,2000,rule_of_thumb,drone,2000,0.14676358930632383,0.14562006106486491,0.1478517628814266,0.12164736348683294,0.1197934407763196,0.12380561004553048,4.843377518625083,4.316861781133603,5.554556586594969,0.9295,5.120311677180982
dwa,osm_lower_bound,3000,larsen1993,ambulance,2000,0.2329689307763507,0.22689953434952753,0.23941283792878895,0.0,0.0,0.0,0.0,0.0,0.0,0.0,
dwa,osm_lower_bound,3000,larsen1993,rover,2000,0.2329689307763507,0.22689953434952753,0.23941283792878895,0.0,0.0,0.0,0.0,0.0,0.0,0.0,
dwa,osm_lower_bound,3000,larsen1993,drone,2000,0.2746037797022759,0.26984688981924365,0.2795180623307246,0.0416348489259252,0.03985457234551031,0.043386337651722354,0.1787141692550176,0.16702256794369608,0.19113310066846995,0.834,4.592696167840293
dwa,osm_lower_bound,3000,rule_of_thumb,ambulance,2000,0.025116225819490877,0.02227037702256628,0.027822223853442848,0.0,0.0,0.0,0.0,0.0,0.0,0.0,
dwa,osm_lower_bound,3000,rule_of_thumb,rover,2000,0.025116225819490877,0.02227037702256628,0.027822223853442848,0.0,0.0,0.0,0.0,0.0,0.0,0.0,
dwa,osm_lower_bound,3000,rule_of_thumb,drone,2000,0.06307234174921326,0.060969917610482455,0.06512616556302889,0.03795611592972239,0.03710911963792869,0.038843909410841274,1.511218930842205,1.3395936941919677,1.7402800490496957,0.834,4.592696167840293
dwa,assumed_2_per_km,250,larsen1993,ambulance,2000,0.2329689307763507,0.22689953434952753,0.23941283792878895,0.0,0.0,0.0,0.0,0.0,0.0,0.0,
dwa,assumed_2_per_km,250,larsen1993,rover,2000,0.2441198064671713,0.23844393979021472,0.2502567913998084,0.0111508756908206,0.009959975635995523,0.012219529404655555,0.04786421800392526,0.04221331130249115,0.053068117987822135,0.228,4.5687601499272725
dwa,assumed_2_per_km,250,larsen1993,drone,2000,0.30550807437286037,0.3006945105056047,0.3103511861218325,0.07253914359650968,0.07066162886839678,0.07433866018696358,0.3113683157439864,0.2958856742895141,0.32768897294855914,0.991,6.622257053710928
dwa,assumed_2_per_km,250,rule_of_thumb,ambulance,2000,0.025116225819490877,0.02227037702256628,0.027822223853442848,0.0,0.0,0.0,0.0,0.0,0.0,0.0,
dwa,assumed_2_per_km,250,rule_of_thumb,rover,2000,0.040311829004365564,0.03738458488800843,0.043027232525880824,0.015195603184874687,0.013901791604735347,0.01640147091797392,0.6050114095200754,0.5250993089713699,0.7076504964792707,0.228,4.5687601499272725
dwa,assumed_2_per_km,250,rule_of_thumb,drone,2000,0.30677864572069996,0.3065742486013746,0.30701219150392456,0.2816624199012091,0.27898751552030726,0.2844650395793057,11.21436086478532,10.023381129231833,12.770015259683909,0.991,6.622257053710928
dwa,assumed_2_per_km,500,larsen1993,ambulance,2000,0.2329689307763507,0.22689953434952753,0.23941283792878895,0.0,0.0,0.0,0.0,0.0,0.0,0.0,
dwa,assumed_2_per_km,500,larsen1993,rover,2000,0.234346752985681,0.2283323489084882,0.2407413295193227,0.0013778222093303039,0.0010115551008255765,0.0017920620752040078,0.00591418866343596,0.004323454517214243,0.007737279718173195,0.0375,4.29734935204206
dwa,assumed_2_per_km,500,larsen1993,drone,2000,0.30253453272582115,0.2977277192084605,0.30736883986848035,0.06956560194947045,0.0676962893790396,0.07136931772392485,0.29860463246171287,0.2834266296864956,0.31455879515386714,0.987,6.355011660759411
dwa,assumed_2_per_km,500,rule_of_thumb,ambulance,2000,0.025116225819490877,0.02227037702256628,0.027822223853442848,0.0,0.0,0.0,0.0,0.0,0.0,0.0,
dwa,assumed_2_per_km,500,rule_of_thumb,rover,2000,0.025116225819490877,0.02227037702256628,0.027822223853442848,0.0,0.0,0.0,0.0,0.0,0.0,0.0375,4.29734935204206
dwa,assumed_2_per_km,500,rule_of_thumb,drone,2000,0.28341169511479053,0.28313456474979304,0.2837171819462262,0.2582954692952997,0.25563429761845446,0.2610735333911983,10.284008081136749,9.182981102714024,11.717682278362481,0.987,6.355011660759411
dwa,assumed_2_per_km,750,larsen1993,ambulance,2000,0.2329689307763507,0.22689953434952753,0.23941283792878895,0.0,0.0,0.0,0.0,0.0,0.0,0.0,
dwa,assumed_2_per_km,750,larsen1993,rover,2000,0.23313963264331705,0.2270906389483679,0.23959392722998854,0.00017070186696635514,5.790686236341604e-05,0.0003075751818153698,0.0007327237430223565,0.00025191057034524287,0.0013512117149386436,0.007,3.868391836423612
dwa,assumed_2_per_km,750,larsen1993,drone,2000,0.29957521054228964,0.294773824557211,0.3044091257231042,0.06660627976593894,0.06475377132580012,0.0684106376949411,0.2859019850586031,0.27104472423894993,0.3014947348012445,0.983,6.089024272158905
dwa,assumed_2_per_km,750,rule_of_thumb,ambulance,2000,0.025116225819490877,0.02227037702256628,0.027822223853442848,0.0,0.0,0.0,0.0,0.0,0.0,0.0,
dwa,assumed_2_per_km,750,rule_of_thumb,rover,2000,0.025116225819490877,0.02227037702256628,0.027822223853442848,0.0,0.0,0.0,0.0,0.0,0.0,0.007,3.868391836423612
dwa,assumed_2_per_km,750,rule_of_thumb,drone,2000,0.26015462218144164,0.25980050660526055,0.26053825474565456,0.23503839636195076,0.2324817449668653,0.23780702239524093,9.358030065948626,8.351959030452438,10.669884331077846,0.983,6.089024272158905
dwa,assumed_2_per_km,1000,larsen1993,ambulance,2000,0.2329689307763507,0.22689953434952753,0.23941283792878895,0.0,0.0,0.0,0.0,0.0,0.0,0.0,
dwa,assumed_2_per_km,1000,larsen1993,rover,2000,0.2329689307763507,0.22689953434952753,0.23941283792878895,0.0,0.0,0.0,0.0,0.0,0.0,0.001,3.8986910592961745
dwa,assumed_2_per_km,1000,larsen1993,drone,2000,0.2966287405906556,0.2918324264707847,0.30146374306917234,0.06365980981430489,0.06182847357057024,0.0654645273803079,0.2732545048052697,0.2587223244686093,0.2884823021142566,0.9775,5.827085566823966
dwa,assumed_2_per_km,1000,rule_of_thumb,ambulance,2000,0.025116225819490877,0.02227037702256628,0.027822223853442848,0.0,0.0,0.0,0.0,0.0,0.0,0.0,
dwa,assumed_2_per_km,1000,rule_of_thumb,rover,2000,0.025116225819490877,0.02227037702256628,0.027822223853442848,0.0,0.0,0.0,0.0,0.0,0.0,0.001,3.8986910592961745
dwa,assumed_2_per_km,1000,rule_of_thumb,drone,2000,0.23699067626703074,0.23652456715258946,0.23747280688209357,0.21187445044753986,0.20949298846013795,0.21460601585031855,8.435759893634955,7.5245563854957265,9.62623298748372,0.9775,5.827085566823966
dwa,assumed_2_per_km,1500,larsen1993,ambulance,2000,0.2329689307763507,0.22689953434952753,0.23941283792878895,0.0,0.0,0.0,0.0,0.0,0.0,0.0,
dwa,assumed_2_per_km,1500,larsen1993,rover,2000,0.2329689307763507,0.22689953434952753,0.23941283792878895,0.0,0.0,0.0,0.0,0.0,0.0,0.0,
dwa,assumed_2_per_km,1500,larsen1993,drone,2000,0.29082741889918257,0.2860467006636441,0.29565686775035926,0.05785848812283187,0.056038351313068405,0.05967575795301175,0.24835280794749326,0.23452199198043003,0.26294694724665774,0.955,5.473300318187477
dwa,assumed_2_per_km,1500,rule_of_thumb,ambulance,2000,0.025116225819490877,0.02227037702256628,0.027822223853442848,0.0,0.0,0.0,0.0,0.0,0.0,0.0,
dwa,assumed_2_per_km,1500,rule_of_thumb,rover,2000,0.025116225819490877,0.02227037702256628,0.027822223853442848,0.0,0.0,0.0,0.0,0.0,0.0,0.0,
dwa,assumed_2_per_km,1500,rule_of_thumb,drone,2000,0.19134386330586017,0.1905772253005411,0.1920913047335997,0.1662276374863693,0.16410098281600885,0.1687768123746497,6.618336635489721,5.898435030840192,7.568884758835127,0.955,5.473300318187477
dwa,assumed_2_per_km,2000,larsen1993,ambulance,2000,0.2329689307763507,0.22689953434952753,0.23941283792878895,0.0,0.0,0.0,0.0,0.0,0.0,0.0,
dwa,assumed_2_per_km,2000,larsen1993,rover,2000,0.2329689307763507,0.22689953434952753,0.23941283792878895,0.0,0.0,0.0,0.0,0.0,0.0,0.0,
dwa,assumed_2_per_km,2000,larsen1993,drone,2000,0.28517142516787863,0.28040683226152363,0.2900018595642765,0.05220249439152794,0.050363814885488585,0.05403097966025761,0.22407491942194713,0.21100044077208613,0.23809549012427544,0.9295,5.120311677180982
dwa,assumed_2_per_km,2000,rule_of_thumb,ambulance,2000,0.025116225819490877,0.02227037702256628,0.027822223853442848,0.0,0.0,0.0,0.0,0.0,0.0,0.0,
dwa,assumed_2_per_km,2000,rule_of_thumb,rover,2000,0.025116225819490877,0.02227037702256628,0.027822223853442848,0.0,0.0,0.0,0.0,0.0,0.0,0.0,
dwa,assumed_2_per_km,2000,rule_of_thumb,drone,2000,0.14676358930632383,0.14562006106486491,0.1478517628814266,0.12164736348683294,0.1197934407763196,0.12380561004553048,4.843377518625083,4.316861781133603,5.554556586594969,0.9295,5.120311677180982
dwa,assumed_2_per_km,3000,larsen1993,ambulance,2000,0.2329689307763507,0.22689953434952753,0.23941283792878895,0.0,0.0,0.0,0.0,0.0,0.0,0.0,
dwa,assumed_2_per_km,3000,larsen1993,rover,2000,0.2329689307763507,0.22689953434952753,0.23941283792878895,0.0,0.0,0.0,0.0,0.0,0.0,0.0,
dwa,assumed_2_per_km,3000,larsen1993,drone,2000,0.2746037797022759,0.26984688981924365,0.2795180623307246,0.0416348489259252,0.03985457234551031,0.043386337651722354,0.1787141692550176,0.16702256794369608,0.19113310066846995,0.834,4.592696167840293
dwa,assumed_2_per_km,3000,rule_of_thumb,ambulance,2000,0.025116225819490877,0.02227037702256628,0.027822223853442848,0.0,0.0,0.0,0.0,0.0,0.0,0.0,
dwa,assumed_2_per_km,3000,rule_of_thumb,rover,2000,0.025116225819490877,0.02227037702256628,0.027822223853442848,0.0,0.0,0.0,0.0,0.0,0.0,0.0,
dwa,assumed_2_per_km,3000,rule_of_thumb,drone,2000,0.06307234174921326,0.060969917610482455,0.06512616556302889,0.03795611592972239,0.03710911963792869,0.038843909410841274,1.511218930842205,1.3395936941919677,1.7402800490496957,0.834,4.592696167840293
dwa,assumed_4_per_km,250,larsen1993,ambulance,2000,0.2329689307763507,0.22689953434952753,0.23941283792878895,0.0,0.0,0.0,0.0,0.0,0.0,0.0,
dwa,assumed_4_per_km,250,larsen1993,rover,2000,0.24214391276313407,0.2364522806306266,0.2483465688797664,0.009174981986783376,0.0081825838859013,0.010289111111695753,0.039382856573228375,0.03467873397097086,0.04456536668882266,0.181,4.6244220066612005
dwa,assumed_4_per_km,250,larsen1993,drone,2000,0.30550807437286037,0.3006945105056047,0.3103511861218325,0.07253914359650968,0.07066162886839678,0.07433866018696358,0.3113683157439864,0.2958856742895141,0.32768897294855914,0.991,6.622257053710928
dwa,assumed_4_per_km,250,rule_of_thumb,ambulance,2000,0.025116225819490877,0.02227037702256628,0.027822223853442848,0.0,0.0,0.0,0.0,0.0,0.0,0.0,
dwa,assumed_4_per_km,250,rule_of_thumb,rover,2000,0.03660969167344609,0.03372884082186971,0.03936911601524103,0.011493465853955213,0.010375421716337367,0.012549184945011107,0.457611184759932,0.3906598429569663,0.5373514782817101,0.181,4.6244220066612005
dwa,assumed_4_per_km,250,rule_of_thumb,drone,2000,0.30677864572069996,0.3065742486013746,0.30701219150392456,0.2816624199012091,0.27898751552030726,0.2844650395793057,11.21436086478532,10.023381129231833,12.770015259683909,0.991,6.622257053710928
dwa,assumed_4_per_km,500,larsen1993,ambulance,2000,0.2329689307763507,0.22689953434952753,0.23941283792878895,0.0,0.0,0.0,0.0,0.0,0.0,0.0,
dwa,assumed_4_per_km,500,larsen1993,rover,2000,0.2341983207985357,0.22813217440775524,0.24064089711867914,0.0012293900221850007,0.0008794207815538809,0.00162808712534275,0.005277055691881971,0.00374422483296577,0.0070607921978700465,0.0325,3.584081312607948
dwa,assumed_4_per_km,500,larsen1993,drone,2000,0.30253453272582115,0.2977277192084605,0.30736883986848035,0.06956560194947045,0.0676962893790396,0.07136931772392485,0.29860463246171287,0.2834266296864956,0.31455879515386714,0.987,6.355011660759411
dwa,assumed_4_per_km,500,rule_of_thumb,ambulance,2000,0.025116225819490877,0.02227037702256628,0.027822223853442848,0.0,0.0,0.0,0.0,0.0,0.0,0.0,
dwa,assumed_4_per_km,500,rule_of_thumb,rover,2000,0.025116225819490877,0.02227037702256628,0.027822223853442848,0.0,0.0,0.0,0.0,0.0,0.0,0.0325,3.584081312607948
dwa,assumed_4_per_km,500,rule_of_thumb,drone,2000,0.28341169511479053,0.28313456474979304,0.2837171819462262,0.2582954692952997,0.25563429761845446,0.2610735333911983,10.284008081136749,9.182981102714024,11.717682278362481,0.987,6.355011660759411
dwa,assumed_4_per_km,750,larsen1993,ambulance,2000,0.2329689307763507,0.22689953434952753,0.23941283792878895,0.0,0.0,0.0,0.0,0.0,0.0,0.0,
dwa,assumed_4_per_km,750,larsen1993,rover,2000,0.2330166238807711,0.22693155353348393,0.23942654288719067,4.769310442040431e-05,0.0,9.839591994914359e-05,0.00020471873335847768,0.0,0.00042271453938552673,0.0035,6.068187648963649
dwa,assumed_4_per_km,750,larsen1993,drone,2000,0.29957521054228964,0.294773824557211,0.3044091257231042,0.06660627976593894,0.06475377132580012,0.0684106376949411,0.2859019850586031,0.27104472423894993,0.3014947348012445,0.983,6.089024272158905
dwa,assumed_4_per_km,750,rule_of_thumb,ambulance,2000,0.025116225819490877,0.02227037702256628,0.027822223853442848,0.0,0.0,0.0,0.0,0.0,0.0,0.0,
dwa,assumed_4_per_km,750,rule_of_thumb,rover,2000,0.025116225819490877,0.02227037702256628,0.027822223853442848,0.0,0.0,0.0,0.0,0.0,0.0,0.0035,6.068187648963649
dwa,assumed_4_per_km,750,rule_of_thumb,drone,2000,0.26015462218144164,0.25980050660526055,0.26053825474565456,0.23503839636195076,0.2324817449668653,0.23780702239524093,9.358030065948626,8.351959030452438,10.669884331077846,0.983,6.089024272158905
dwa,assumed_4_per_km,1000,larsen1993,ambulance,2000,0.2329689307763507,0.22689953434952753,0.23941283792878895,0.0,0.0,0.0,0.0,0.0,0.0,0.0,
dwa,assumed_4_per_km,1000,larsen1993,rover,2000,0.2329689307763507,0.22689953434952753,0.23941283792878895,0.0,0.0,0.0,0.0,0.0,0.0,0.0,
dwa,assumed_4_per_km,1000,larsen1993,drone,2000,0.2966287405906556,0.2918324264707847,0.30146374306917234,0.06365980981430489,0.06182847357057024,0.0654645273803079,0.2732545048052697,0.2587223244686093,0.2884823021142566,0.9775,5.827085566823966
dwa,assumed_4_per_km,1000,rule_of_thumb,ambulance,2000,0.025116225819490877,0.02227037702256628,0.027822223853442848,0.0,0.0,0.0,0.0,0.0,0.0,0.0,
dwa,assumed_4_per_km,1000,rule_of_thumb,rover,2000,0.025116225819490877,0.02227037702256628,0.027822223853442848,0.0,0.0,0.0,0.0,0.0,0.0,0.0,
dwa,assumed_4_per_km,1000,rule_of_thumb,drone,2000,0.23699067626703074,0.23652456715258946,0.23747280688209357,0.21187445044753986,0.20949298846013795,0.21460601585031855,8.435759893634955,7.5245563854957265,9.62623298748372,0.9775,5.827085566823966
dwa,assumed_4_per_km,1500,larsen1993,ambulance,2000,0.2329689307763507,0.22689953434952753,0.23941283792878895,0.0,0.0,0.0,0.0,0.0,0.0,0.0,
dwa,assumed_4_per_km,1500,larsen1993,rover,2000,0.2329689307763507,0.22689953434952753,0.23941283792878895,0.0,0.0,0.0,0.0,0.0,0.0,0.0,
dwa,assumed_4_per_km,1500,larsen1993,drone,2000,0.29082741889918257,0.2860467006636441,0.29565686775035926,0.05785848812283187,0.056038351313068405,0.05967575795301175,0.24835280794749326,0.23452199198043003,0.26294694724665774,0.955,5.473300318187477
dwa,assumed_4_per_km,1500,rule_of_thumb,ambulance,2000,0.025116225819490877,0.02227037702256628,0.027822223853442848,0.0,0.0,0.0,0.0,0.0,0.0,0.0,
dwa,assumed_4_per_km,1500,rule_of_thumb,rover,2000,0.025116225819490877,0.02227037702256628,0.027822223853442848,0.0,0.0,0.0,0.0,0.0,0.0,0.0,
dwa,assumed_4_per_km,1500,rule_of_thumb,drone,2000,0.19134386330586017,0.1905772253005411,0.1920913047335997,0.1662276374863693,0.16410098281600885,0.1687768123746497,6.618336635489721,5.898435030840192,7.568884758835127,0.955,5.473300318187477
dwa,assumed_4_per_km,2000,larsen1993,ambulance,2000,0.2329689307763507,0.22689953434952753,0.23941283792878895,0.0,0.0,0.0,0.0,0.0,0.0,0.0,
dwa,assumed_4_per_km,2000,larsen1993,rover,2000,0.2329689307763507,0.22689953434952753,0.23941283792878895,0.0,0.0,0.0,0.0,0.0,0.0,0.0,
dwa,assumed_4_per_km,2000,larsen1993,drone,2000,0.28517142516787863,0.28040683226152363,0.2900018595642765,0.05220249439152794,0.050363814885488585,0.05403097966025761,0.22407491942194713,0.21100044077208613,0.23809549012427544,0.9295,5.120311677180982
dwa,assumed_4_per_km,2000,rule_of_thumb,ambulance,2000,0.025116225819490877,0.02227037702256628,0.027822223853442848,0.0,0.0,0.0,0.0,0.0,0.0,0.0,
dwa,assumed_4_per_km,2000,rule_of_thumb,rover,2000,0.025116225819490877,0.02227037702256628,0.027822223853442848,0.0,0.0,0.0,0.0,0.0,0.0,0.0,
dwa,assumed_4_per_km,2000,rule_of_thumb,drone,2000,0.14676358930632383,0.14562006106486491,0.1478517628814266,0.12164736348683294,0.1197934407763196,0.12380561004553048,4.843377518625083,4.316861781133603,5.554556586594969,0.9295,5.120311677180982
dwa,assumed_4_per_km,3000,larsen1993,ambulance,2000,0.2329689307763507,0.22689953434952753,0.23941283792878895,0.0,0.0,0.0,0.0,0.0,0.0,0.0,
dwa,assumed_4_per_km,3000,larsen1993,rover,2000,0.2329689307763507,0.22689953434952753,0.23941283792878895,0.0,0.0,0.0,0.0,0.0,0.0,0.0,
dwa,assumed_4_per_km,3000,larsen1993,drone,2000,0.2746037797022759,0.26984688981924365,0.2795180623307246,0.0416348489259252,0.03985457234551031,0.043386337651722354,0.1787141692550176,0.16702256794369608,0.19113310066846995,0.834,4.592696167840293
dwa,assumed_4_per_km,3000,rule_of_thumb,ambulance,2000,0.025116225819490877,0.02227037702256628,0.027822223853442848,0.0,0.0,0.0,0.0,0.0,0.0,0.0,
dwa,assumed_4_per_km,3000,rule_of_thumb,rover,2000,0.025116225819490877,0.02227037702256628,0.027822223853442848,0.0,0.0,0.0,0.0,0.0,0.0,0.0,
dwa,assumed_4_per_km,3000,rule_of_thumb,drone,2000,0.06307234174921326,0.060969917610482455,0.06512616556302889,0.03795611592972239,0.03710911963792869,0.038843909410841274,1.511218930842205,1.3395936941919677,1.7402800490496957,0.834,4.592696167840293
dwa,assumed_8_per_km,250,larsen1993,ambulance,2000,0.2329689307763507,0.22689953434952753,0.23941283792878895,0.0,0.0,0.0,0.0,0.0,0.0,0.0,
dwa,assumed_8_per_km,250,larsen1993,rover,2000,0.2402218041811382,0.23447551218907353,0.24673521256085756,0.007252873404787502,0.0063172498145589815,0.00823020484811345,0.031132363361147997,0.026928383952322887,0.035633525064011205,0.1365,4.492679452410237
dwa,assumed_8_per_km,250,larsen1993,drone,2000,0.30550807437286037,0.3006945105056047,0.3103511861218325,0.07253914359650968,0.07066162886839678,0.07433866018696358,0.3113683157439864,0.2958856742895141,0.32768897294855914,0.991,6.622257053710928
dwa,assumed_8_per_km,250,rule_of_thumb,ambulance,2000,0.025116225819490877,0.02227037702256628,0.027822223853442848,0.0,0.0,0.0,0.0,0.0,0.0,0.0,
dwa,assumed_8_per_km,250,rule_of_thumb,rover,2000,0.03347093485901637,0.03072759348404091,0.036198690642667425,0.008354709039525496,0.007414507427494945,0.009354437948698894,0.33264189849105485,0.2814321099278216,0.40022990570851413,0.1365,4.492679452410237
dwa,assumed_8_per_km,250,rule_of_thumb,drone,2000,0.30677864572069996,0.3065742486013746,0.30701219150392456,0.2816624199012091,0.27898751552030726,0.2844650395793057,11.21436086478532,10.023381129231833,12.770015259683909,0.991,6.622257053710928
dwa,assumed_8_per_km,500,larsen1993,ambulance,2000,0.2329689307763507,0.22689953434952753,0.23941283792878895,0.0,0.0,0.0,0.0,0.0,0.0,0.0,
dwa,assumed_8_per_km,500,larsen1993,rover,2000,0.23341054517336335,0.22741352841651857,0.23985336827967008,0.0004416143970126518,0.00024265373130521672,0.0006753809278092916,0.0018955935263169632,0.0010357133783195694,0.002918856880153924,0.013,3.7623477691636698
dwa,assumed_8_per_km,500,larsen1993,drone,2000,0.30253453272582115,0.2977277192084605,0.30736883986848035,0.06956560194947045,0.0676962893790396,0.07136931772392485,0.29860463246171287,0.2834266296864956,0.31455879515386714,0.987,6.355011660759411
dwa,assumed_8_per_km,500,rule_of_thumb,ambulance,2000,0.025116225819490877,0.02227037702256628,0.027822223853442848,0.0,0.0,0.0,0.0,0.0,0.0,0.0,
dwa,assumed_8_per_km,500,rule_of_thumb,rover,2000,0.025116225819490877,0.02227037702256628,0.027822223853442848,0.0,0.0,0.0,0.0,0.0,0.0,0.013,3.7623477691636698
dwa,assumed_8_per_km,500,rule_of_thumb,drone,2000,0.28341169511479053,0.28313456474979304,0.2837171819462262,0.2582954692952997,0.25563429761845446,0.2610735333911983,10.284008081136749,9.182981102714024,11.717682278362481,0.987,6.355011660759411
dwa,assumed_8_per_km,750,larsen1993,ambulance,2000,0.2329689307763507,0.22689953434952753,0.23941283792878895,0.0,0.0,0.0,0.0,0.0,0.0,0.0,
dwa,assumed_8_per_km,750,larsen1993,rover,2000,0.2329792394354244,0.22689953434952753,0.23943293981398264,1.0308659073698934e-05,0.0,3.09259772210968e-05,4.424907235200948e-05,0.0,0.00013472359884921794,0.0005,1.8743016497618523
dwa,assumed_8_per_km,750,larsen1993,drone,2000,0.29957521054228964,0.294773824557211,0.3044091257231042,0.06660627976593894,0.06475377132580012,0.0684106376949411,0.2859019850586031,0.27104472423894993,0.3014947348012445,0.983,6.089024272158905
dwa,assumed_8_per_km,750,rule_of_thumb,ambulance,2000,0.025116225819490877,0.02227037702256628,0.027822223853442848,0.0,0.0,0.0,0.0,0.0,0.0,0.0,
dwa,assumed_8_per_km,750,rule_of_thumb,rover,2000,0.025116225819490877,0.02227037702256628,0.027822223853442848,0.0,0.0,0.0,0.0,0.0,0.0,0.0005,1.8743016497618523
dwa,assumed_8_per_km,750,rule_of_thumb,drone,2000,0.26015462218144164,0.25980050660526055,0.26053825474565456,0.23503839636195076,0.2324817449668653,0.23780702239524093,9.358030065948626,8.351959030452438,10.669884331077846,0.983,6.089024272158905
dwa,assumed_8_per_km,1000,larsen1993,ambulance,2000,0.2329689307763507,0.22689953434952753,0.23941283792878895,0.0,0.0,0.0,0.0,0.0,0.0,0.0,
dwa,assumed_8_per_km,1000,larsen1993,rover,2000,0.2329689307763507,0.22689953434952753,0.23941283792878895,0.0,0.0,0.0,0.0,0.0,0.0,0.0,
dwa,assumed_8_per_km,1000,larsen1993,drone,2000,0.2966287405906556,0.2918324264707847,0.30146374306917234,0.06365980981430489,0.06182847357057024,0.0654645273803079,0.2732545048052697,0.2587223244686093,0.2884823021142566,0.9775,5.827085566823966
dwa,assumed_8_per_km,1000,rule_of_thumb,ambulance,2000,0.025116225819490877,0.02227037702256628,0.027822223853442848,0.0,0.0,0.0,0.0,0.0,0.0,0.0,
dwa,assumed_8_per_km,1000,rule_of_thumb,rover,2000,0.025116225819490877,0.02227037702256628,0.027822223853442848,0.0,0.0,0.0,0.0,0.0,0.0,0.0,
dwa,assumed_8_per_km,1000,rule_of_thumb,drone,2000,0.23699067626703074,0.23652456715258946,0.23747280688209357,0.21187445044753986,0.20949298846013795,0.21460601585031855,8.435759893634955,7.5245563854957265,9.62623298748372,0.9775,5.827085566823966
dwa,assumed_8_per_km,1500,larsen1993,ambulance,2000,0.2329689307763507,0.22689953434952753,0.23941283792878895,0.0,0.0,0.0,0.0,0.0,0.0,0.0,
dwa,assumed_8_per_km,1500,larsen1993,rover,2000,0.2329689307763507,0.22689953434952753,0.23941283792878895,0.0,0.0,0.0,0.0,0.0,0.0,0.0,
dwa,assumed_8_per_km,1500,larsen1993,drone,2000,0.29082741889918257,0.2860467006636441,0.29565686775035926,0.05785848812283187,0.056038351313068405,0.05967575795301175,0.24835280794749326,0.23452199198043003,0.26294694724665774,0.955,5.473300318187477
dwa,assumed_8_per_km,1500,rule_of_thumb,ambulance,2000,0.025116225819490877,0.02227037702256628,0.027822223853442848,0.0,0.0,0.0,0.0,0.0,0.0,0.0,
dwa,assumed_8_per_km,1500,rule_of_thumb,rover,2000,0.025116225819490877,0.02227037702256628,0.027822223853442848,0.0,0.0,0.0,0.0,0.0,0.0,0.0,
dwa,assumed_8_per_km,1500,rule_of_thumb,drone,2000,0.19134386330586017,0.1905772253005411,0.1920913047335997,0.1662276374863693,0.16410098281600885,0.1687768123746497,6.618336635489721,5.898435030840192,7.568884758835127,0.955,5.473300318187477
dwa,assumed_8_per_km,2000,larsen1993,ambulance,2000,0.2329689307763507,0.22689953434952753,0.23941283792878895,0.0,0.0,0.0,0.0,0.0,0.0,0.0,
dwa,assumed_8_per_km,2000,larsen1993,rover,2000,0.2329689307763507,0.22689953434952753,0.23941283792878895,0.0,0.0,0.0,0.0,0.0,0.0,0.0,
dwa,assumed_8_per_km,2000,larsen1993,drone,2000,0.28517142516787863,0.28040683226152363,0.2900018595642765,0.05220249439152794,0.050363814885488585,0.05403097966025761,0.22407491942194713,0.21100044077208613,0.23809549012427544,0.9295,5.120311677180982
dwa,assumed_8_per_km,2000,rule_of_thumb,ambulance,2000,0.025116225819490877,0.02227037702256628,0.027822223853442848,0.0,0.0,0.0,0.0,0.0,0.0,0.0,
dwa,assumed_8_per_km,2000,rule_of_thumb,rover,2000,0.025116225819490877,0.02227037702256628,0.027822223853442848,0.0,0.0,0.0,0.0,0.0,0.0,0.0,
dwa,assumed_8_per_km,2000,rule_of_thumb,drone,2000,0.14676358930632383,0.14562006106486491,0.1478517628814266,0.12164736348683294,0.1197934407763196,0.12380561004553048,4.843377518625083,4.316861781133603,5.554556586594969,0.9295,5.120311677180982
dwa,assumed_8_per_km,3000,larsen1993,ambulance,2000,0.2329689307763507,0.22689953434952753,0.23941283792878895,0.0,0.0,0.0,0.0,0.0,0.0,0.0,
dwa,assumed_8_per_km,3000,larsen1993,rover,2000,0.2329689307763507,0.22689953434952753,0.23941283792878895,0.0,0.0,0.0,0.0,0.0,0.0,0.0,
dwa,assumed_8_per_km,3000,larsen1993,drone,2000,0.2746037797022759,0.26984688981924365,0.2795180623307246,0.0416348489259252,0.03985457234551031,0.043386337651722354,0.1787141692550176,0.16702256794369608,0.19113310066846995,0.834,4.592696167840293
dwa,assumed_8_per_km,3000,rule_of_thumb,ambulance,2000,0.025116225819490877,0.02227037702256628,0.027822223853442848,0.0,0.0,0.0,0.0,0.0,0.0,0.0,
dwa,assumed_8_per_km,3000,rule_of_thumb,rover,2000,0.025116225819490877,0.02227037702256628,0.027822223853442848,0.0,0.0,0.0,0.0,0.0,0.0,0.0,
dwa,assumed_8_per_km,3000,rule_of_thumb,drone,2000,0.06307234174921326,0.060969917610482455,0.06512616556302889,0.03795611592972239,0.03710911963792869,0.038843909410841274,1.511218930842205,1.3395936941919677,1.7402800490496957,0.834,4.592696167840293
mppi,osm_lower_bound,250,larsen1993,ambulance,2000,0.2329689307763507,0.22689953434952753,0.23941283792878895,0.0,0.0,0.0,0.0,0.0,0.0,0.0,
mppi,osm_lower_bound,250,larsen1993,rover,2000,0.24563993989137048,0.2400327864382345,0.25181957523144005,0.012671009115019782,0.01150285352941004,0.01394062341177403,0.054389265868176606,0.04866556556344659,0.06085859345410469,0.2835,4.396361316278851
mppi,osm_lower_bound,250,larsen1993,drone,2000,0.30550807437286037,0.3006945105056047,0.3103511861218325,0.07253914359650968,0.07066162886839678,0.07433866018696358,0.3113683157439864,0.2958856742895141,0.32768897294855914,0.991,6.622257053710928
mppi,osm_lower_bound,250,rule_of_thumb,ambulance,2000,0.025116225819490877,0.02227037702256628,0.027822223853442848,0.0,0.0,0.0,0.0,0.0,0.0,0.0,
mppi,osm_lower_bound,250,rule_of_thumb,rover,2000,0.02572093091723584,0.02287783792185481,0.028403301347098644,0.000604705097744962,0.00048098271403288216,0.000715654085871257,0.024076272529596876,0.018632751957007476,0.030525490015535978,0.2835,4.396361316278851
mppi,osm_lower_bound,250,rule_of_thumb,drone,2000,0.30677864572069996,0.3065742486013746,0.30701219150392456,0.2816624199012091,0.27898751552030726,0.2844650395793057,11.21436086478532,10.023381129231833,12.770015259683909,0.991,6.622257053710928
mppi,osm_lower_bound,500,larsen1993,ambulance,2000,0.2329689307763507,0.22689953434952753,0.23941283792878895,0.0,0.0,0.0,0.0,0.0,0.0,0.0,
mppi,osm_lower_bound,500,larsen1993,rover,2000,0.23384142101309258,0.22774812535564132,0.24022392553225383,0.0008724902367418796,0.0006206969367896442,0.0011215068167589955,0.0037450926775273174,0.002637059950832449,0.00484707545175424,0.0405,2.307406279058002
mppi,osm_lower_bound,500,larsen1993,drone,2000,0.30253453272582115,0.2977277192084605,0.30736883986848035,0.06956560194947045,0.0676962893790396,0.07136931772392485,0.29860463246171287,0.2834266296864956,0.31455879515386714,0.987,6.355011660759411
mppi,osm_lower_bound,500,rule_of_thumb,ambulance,2000,0.025116225819490877,0.02227037702256628,0.027822223853442848,0.0,0.0,0.0,0.0,0.0,0.0,0.0,
mppi,osm_lower_bound,500,rule_of_thumb,rover,2000,0.025116225819490877,0.02227037702256628,0.027822223853442848,0.0,0.0,0.0,0.0,0.0,0.0,0.0405,2.307406279058002
mppi,osm_lower_bound,500,rule_of_thumb,drone,2000,0.28341169511479053,0.28313456474979304,0.2837171819462262,0.2582954692952997,0.25563429761845446,0.2610735333911983,10.284008081136749,9.182981102714024,11.717682278362481,0.987,6.355011660759411
mppi,osm_lower_bound,750,larsen1993,ambulance,2000,0.2329689307763507,0.22689953434952753,0.23941283792878895,0.0,0.0,0.0,0.0,0.0,0.0,0.0,
mppi,osm_lower_bound,750,larsen1993,rover,2000,0.23300174600726326,0.226939622381989,0.23943774205492696,3.2815230912558446e-05,4.472867190102869e-06,6.319200196825691e-05,0.00014085668334917756,1.9207337325211073e-05,0.0002724098703177801,0.0075,5.223454953482019
mppi,osm_lower_bound,750,larsen1993,drone,2000,0.29957521054228964,0.294773824557211,0.3044091257231042,0.06660627976593894,0.06475377132580012,0.0684106376949411,0.2859019850586031,0.27104472423894993,0.3014947348012445,0.983,6.089024272158905
mppi,osm_lower_bound,750,rule_of_thumb,ambulance,2000,0.025116225819490877,0.02227037702256628,0.027822223853442848,0.0,0.0,0.0,0.0,0.0,0.0,0.0,
mppi,osm_lower_bound,750,rule_of_thumb,rover,2000,0.025116225819490877,0.02227037702256628,0.027822223853442848,0.0,0.0,0.0,0.0,0.0,0.0,0.0075,5.223454953482019
mppi,osm_lower_bound,750,rule_of_thumb,drone,2000,0.26015462218144164,0.25980050660526055,0.26053825474565456,0.23503839636195076,0.2324817449668653,0.23780702239524093,9.358030065948626,8.351959030452438,10.669884331077846,0.983,6.089024272158905
mppi,osm_lower_bound,1000,larsen1993,ambulance,2000,0.2329689307763507,0.22689953434952753,0.23941283792878895,0.0,0.0,0.0,0.0,0.0,0.0,0.0,
mppi,osm_lower_bound,1000,larsen1993,rover,2000,0.2329689307763507,0.22689953434952753,0.23941283792878895,0.0,0.0,0.0,0.0,0.0,0.0,0.0,
mppi,osm_lower_bound,1000,larsen1993,drone,2000,0.2966287405906556,0.2918324264707847,0.30146374306917234,0.06365980981430489,0.06182847357057024,0.0654645273803079,0.2732545048052697,0.2587223244686093,0.2884823021142566,0.9775,5.827085566823966
mppi,osm_lower_bound,1000,rule_of_thumb,ambulance,2000,0.025116225819490877,0.02227037702256628,0.027822223853442848,0.0,0.0,0.0,0.0,0.0,0.0,0.0,
mppi,osm_lower_bound,1000,rule_of_thumb,rover,2000,0.025116225819490877,0.02227037702256628,0.027822223853442848,0.0,0.0,0.0,0.0,0.0,0.0,0.0,
mppi,osm_lower_bound,1000,rule_of_thumb,drone,2000,0.23699067626703074,0.23652456715258946,0.23747280688209357,0.21187445044753986,0.20949298846013795,0.21460601585031855,8.435759893634955,7.5245563854957265,9.62623298748372,0.9775,5.827085566823966
mppi,osm_lower_bound,1500,larsen1993,ambulance,2000,0.2329689307763507,0.22689953434952753,0.23941283792878895,0.0,0.0,0.0,0.0,0.0,0.0,0.0,
mppi,osm_lower_bound,1500,larsen1993,rover,2000,0.2329689307763507,0.22689953434952753,0.23941283792878895,0.0,0.0,0.0,0.0,0.0,0.0,0.0,
mppi,osm_lower_bound,1500,larsen1993,drone,2000,0.29082741889918257,0.2860467006636441,0.29565686775035926,0.05785848812283187,0.056038351313068405,0.05967575795301175,0.24835280794749326,0.23452199198043003,0.26294694724665774,0.955,5.473300318187477
mppi,osm_lower_bound,1500,rule_of_thumb,ambulance,2000,0.025116225819490877,0.02227037702256628,0.027822223853442848,0.0,0.0,0.0,0.0,0.0,0.0,0.0,
mppi,osm_lower_bound,1500,rule_of_thumb,rover,2000,0.025116225819490877,0.02227037702256628,0.027822223853442848,0.0,0.0,0.0,0.0,0.0,0.0,0.0,
mppi,osm_lower_bound,1500,rule_of_thumb,drone,2000,0.19134386330586017,0.1905772253005411,0.1920913047335997,0.1662276374863693,0.16410098281600885,0.1687768123746497,6.618336635489721,5.898435030840192,7.568884758835127,0.955,5.473300318187477
mppi,osm_lower_bound,2000,larsen1993,ambulance,2000,0.2329689307763507,0.22689953434952753,0.23941283792878895,0.0,0.0,0.0,0.0,0.0,0.0,0.0,
mppi,osm_lower_bound,2000,larsen1993,rover,2000,0.2329689307763507,0.22689953434952753,0.23941283792878895,0.0,0.0,0.0,0.0,0.0,0.0,0.0,
mppi,osm_lower_bound,2000,larsen1993,drone,2000,0.28517142516787863,0.28040683226152363,0.2900018595642765,0.05220249439152794,0.050363814885488585,0.05403097966025761,0.22407491942194713,0.21100044077208613,0.23809549012427544,0.9295,5.120311677180982
mppi,osm_lower_bound,2000,rule_of_thumb,ambulance,2000,0.025116225819490877,0.02227037702256628,0.027822223853442848,0.0,0.0,0.0,0.0,0.0,0.0,0.0,
mppi,osm_lower_bound,2000,rule_of_thumb,rover,2000,0.025116225819490877,0.02227037702256628,0.027822223853442848,0.0,0.0,0.0,0.0,0.0,0.0,0.0,
mppi,osm_lower_bound,2000,rule_of_thumb,drone,2000,0.14676358930632383,0.14562006106486491,0.1478517628814266,0.12164736348683294,0.1197934407763196,0.12380561004553048,4.843377518625083,4.316861781133603,5.554556586594969,0.9295,5.120311677180982
mppi,osm_lower_bound,3000,larsen1993,ambulance,2000,0.2329689307763507,0.22689953434952753,0.23941283792878895,0.0,0.0,0.0,0.0,0.0,0.0,0.0,
mppi,osm_lower_bound,3000,larsen1993,rover,2000,0.2329689307763507,0.22689953434952753,0.23941283792878895,0.0,0.0,0.0,0.0,0.0,0.0,0.0,
mppi,osm_lower_bound,3000,larsen1993,drone,2000,0.2746037797022759,0.26984688981924365,0.2795180623307246,0.0416348489259252,0.03985457234551031,0.043386337651722354,0.1787141692550176,0.16702256794369608,0.19113310066846995,0.834,4.592696167840293
mppi,osm_lower_bound,3000,rule_of_thumb,ambulance,2000,0.025116225819490877,0.02227037702256628,0.027822223853442848,0.0,0.0,0.0,0.0,0.0,0.0,0.0,
mppi,osm_lower_bound,3000,rule_of_thumb,rover,2000,0.025116225819490877,0.02227037702256628,0.027822223853442848,0.0,0.0,0.0,0.0,0.0,0.0,0.0,
mppi,osm_lower_bound,3000,rule_of_thumb,drone,2000,0.06307234174921326,0.060969917610482455,0.06512616556302889,0.03795611592972239,0.03710911963792869,0.038843909410841274,1.511218930842205,1.3395936941919677,1.7402800490496957,0.834,4.592696167840293
mppi,assumed_2_per_km,250,larsen1993,ambulance,2000,0.2329689307763507,0.22689953434952753,0.23941283792878895,0.0,0.0,0.0,0.0,0.0,0.0,0.0,
mppi,assumed_2_per_km,250,larsen1993,rover,2000,0.24439780408267647,0.2385707134953725,0.25023750041021486,0.011428873306325776,0.010343269783297328,0.012443163861920181,0.04905749993460473,0.04396765222530403,0.054182993129720886,0.2655,4.1447755986837524
mppi,assumed_2_per_km,250,larsen1993,drone,2000,0.30550807437286037,0.3006945105056047,0.3103511861218325,0.07253914359650968,0.07066162886839678,0.07433866018696358,0.3113683157439864,0.2958856742895141,0.32768897294855914,0.991,6.622257053710928
mppi,assumed_2_per_km,250,rule_of_thumb,ambulance,2000,0.025116225819490877,0.02227037702256628,0.027822223853442848,0.0,0.0,0.0,0.0,0.0,0.0,0.0,
mppi,assumed_2_per_km,250,rule_of_thumb,rover,2000,0.025626261470994477,0.022809020869222617,0.02834405187221234,0.0005100356515036,0.000391828535057242,0.0006346395074968139,0.020307018067491578,0.015131270621987276,0.02603830243655092,0.2655,4.1447755986837524
mppi,assumed_2_per_km,250,rule_of_thumb,drone,2000,0.30677864572069996,0.3065742486013746,0.30701219150392456,0.2816624199012091,0.27898751552030726,0.2844650395793057,11.21436086478532,10.023381129231833,12.770015259683909,0.991,6.622257053710928
mppi,assumed_2_per_km,500,larsen1993,ambulance,2000,0.2329689307763507,0.22689953434952753,0.23941283792878895,0.0,0.0,0.0,0.0,0.0,0.0,0.0,
mppi,assumed_2_per_km,500,larsen1993,rover,2000,0.2340181269185136,0.2280946120668424,0.2403546187076011,0.0010491961421628948,0.0007636974658135885,0.001353932388652035,0.004503588262462888,0.0032332078080066946,0.005833667304842383,0.041,4.033404625519831
mppi,assumed_2_per_km,500,larsen1993,drone,2000,0.30253453272582115,0.2977277192084605,0.30736883986848035,0.06956560194947045,0.0676962893790396,0.07136931772392485,0.29860463246171287,0.2834266296864956,0.31455879515386714,0.987,6.355011660759411
mppi,assumed_2_per_km,500,rule_of_thumb,ambulance,2000,0.025116225819490877,0.02227037702256628,0.027822223853442848,0.0,0.0,0.0,0.0,0.0,0.0,0.0,
mppi,assumed_2_per_km,500,rule_of_thumb,rover,2000,0.025116225819490877,0.02227037702256628,0.027822223853442848,0.0,0.0,0.0,0.0,0.0,0.0,0.041,4.033404625519831
mppi,assumed_2_per_km,500,rule_of_thumb,drone,2000,0.28341169511479053,0.28313456474979304,0.2837171819462262,0.2582954692952997,0.25563429761845446,0.2610735333911983,10.284008081136749,9.182981102714024,11.717682278362481,0.987,6.355011660759411
mppi,assumed_2_per_km,750,larsen1993,ambulance,2000,0.2329689307763507,0.22689953434952753,0.23941283792878895,0.0,0.0,0.0,0.0,0.0,0.0,0.0,
mppi,assumed_2_per_km,750,larsen1993,rover,2000,0.23297128673480175,0.2269031271861654,0.23941619516958168,2.3559584510501885e-06,0.0,7.06787535312281e-06,1.0112758139779743e-05,0.0,3.068980724318382e-05,0.0025,4.039235280954454
mppi,assumed_2_per_km,750,larsen1993,drone,2000,0.29957521054228964,0.294773824557211,0.3044091257231042,0.06660627976593894,0.06475377132580012,0.0684106376949411,0.2859019850586031,0.27104472423894993,0.3014947348012445,0.983,6.089024272158905
mppi,assumed_2_per_km,750,rule_of_thumb,ambulance,2000,0.025116225819490877,0.02227037702256628,0.027822223853442848,0.0,0.0,0.0,0.0,0.0,0.0,0.0,
mppi,assumed_2_per_km,750,rule_of_thumb,rover,2000,0.025116225819490877,0.02227037702256628,0.027822223853442848,0.0,0.0,0.0,0.0,0.0,0.0,0.0025,4.039235280954454
mppi,assumed_2_per_km,750,rule_of_thumb,drone,2000,0.26015462218144164,0.25980050660526055,0.26053825474565456,0.23503839636195076,0.2324817449668653,0.23780702239524093,9.358030065948626,8.351959030452438,10.669884331077846,0.983,6.089024272158905
mppi,assumed_2_per_km,1000,larsen1993,ambulance,2000,0.2329689307763507,0.22689953434952753,0.23941283792878895,0.0,0.0,0.0,0.0,0.0,0.0,0.0,
mppi,assumed_2_per_km,1000,larsen1993,rover,2000,0.2329689307763507,0.22689953434952753,0.23941283792878895,0.0,0.0,0.0,0.0,0.0,0.0,0.0015,7.266104722161224
mppi,assumed_2_per_km,1000,larsen1993,drone,2000,0.2966287405906556,0.2918324264707847,0.30146374306917234,0.06365980981430489,0.06182847357057024,0.0654645273803079,0.2732545048052697,0.2587223244686093,0.2884823021142566,0.9775,5.827085566823966
mppi,assumed_2_per_km,1000,rule_of_thumb,ambulance,2000,0.025116225819490877,0.02227037702256628,0.027822223853442848,0.0,0.0,0.0,0.0,0.0,0.0,0.0,
mppi,assumed_2_per_km,1000,rule_of_thumb,rover,2000,0.025116225819490877,0.02227037702256628,0.027822223853442848,0.0,0.0,0.0,0.0,0.0,0.0,0.0015,7.266104722161224
mppi,assumed_2_per_km,1000,rule_of_thumb,drone,2000,0.23699067626703074,0.23652456715258946,0.23747280688209357,0.21187445044753986,0.20949298846013795,0.21460601585031855,8.435759893634955,7.5245563854957265,9.62623298748372,0.9775,5.827085566823966
mppi,assumed_2_per_km,1500,larsen1993,ambulance,2000,0.2329689307763507,0.22689953434952753,0.23941283792878895,0.0,0.0,0.0,0.0,0.0,0.0,0.0,
mppi,assumed_2_per_km,1500,larsen1993,rover,2000,0.2329689307763507,0.22689953434952753,0.23941283792878895,0.0,0.0,0.0,0.0,0.0,0.0,0.0,
mppi,assumed_2_per_km,1500,larsen1993,drone,2000,0.29082741889918257,0.2860467006636441,0.29565686775035926,0.05785848812283187,0.056038351313068405,0.05967575795301175,0.24835280794749326,0.23452199198043003,0.26294694724665774,0.955,5.473300318187477
mppi,assumed_2_per_km,1500,rule_of_thumb,ambulance,2000,0.025116225819490877,0.02227037702256628,0.027822223853442848,0.0,0.0,0.0,0.0,0.0,0.0,0.0,
mppi,assumed_2_per_km,1500,rule_of_thumb,rover,2000,0.025116225819490877,0.02227037702256628,0.027822223853442848,0.0,0.0,0.0,0.0,0.0,0.0,0.0,
mppi,assumed_2_per_km,1500,rule_of_thumb,drone,2000,0.19134386330586017,0.1905772253005411,0.1920913047335997,0.1662276374863693,0.16410098281600885,0.1687768123746497,6.618336635489721,5.898435030840192,7.568884758835127,0.955,5.473300318187477
mppi,assumed_2_per_km,2000,larsen1993,ambulance,2000,0.2329689307763507,0.22689953434952753,0.23941283792878895,0.0,0.0,0.0,0.0,0.0,0.0,0.0,
mppi,assumed_2_per_km,2000,larsen1993,rover,2000,0.2329689307763507,0.22689953434952753,0.23941283792878895,0.0,0.0,0.0,0.0,0.0,0.0,0.0,
mppi,assumed_2_per_km,2000,larsen1993,drone,2000,0.28517142516787863,0.28040683226152363,0.2900018595642765,0.05220249439152794,0.050363814885488585,0.05403097966025761,0.22407491942194713,0.21100044077208613,0.23809549012427544,0.9295,5.120311677180982
mppi,assumed_2_per_km,2000,rule_of_thumb,ambulance,2000,0.025116225819490877,0.02227037702256628,0.027822223853442848,0.0,0.0,0.0,0.0,0.0,0.0,0.0,
mppi,assumed_2_per_km,2000,rule_of_thumb,rover,2000,0.025116225819490877,0.02227037702256628,0.027822223853442848,0.0,0.0,0.0,0.0,0.0,0.0,0.0,
mppi,assumed_2_per_km,2000,rule_of_thumb,drone,2000,0.14676358930632383,0.14562006106486491,0.1478517628814266,0.12164736348683294,0.1197934407763196,0.12380561004553048,4.843377518625083,4.316861781133603,5.554556586594969,0.9295,5.120311677180982
mppi,assumed_2_per_km,3000,larsen1993,ambulance,2000,0.2329689307763507,0.22689953434952753,0.23941283792878895,0.0,0.0,0.0,0.0,0.0,0.0,0.0,
mppi,assumed_2_per_km,3000,larsen1993,rover,2000,0.2329689307763507,0.22689953434952753,0.23941283792878895,0.0,0.0,0.0,0.0,0.0,0.0,0.0,
mppi,assumed_2_per_km,3000,larsen1993,drone,2000,0.2746037797022759,0.26984688981924365,0.2795180623307246,0.0416348489259252,0.03985457234551031,0.043386337651722354,0.1787141692550176,0.16702256794369608,0.19113310066846995,0.834,4.592696167840293
mppi,assumed_2_per_km,3000,rule_of_thumb,ambulance,2000,0.025116225819490877,0.02227037702256628,0.027822223853442848,0.0,0.0,0.0,0.0,0.0,0.0,0.0,
mppi,assumed_2_per_km,3000,rule_of_thumb,rover,2000,0.025116225819490877,0.02227037702256628,0.027822223853442848,0.0,0.0,0.0,0.0,0.0,0.0,0.0,
mppi,assumed_2_per_km,3000,rule_of_thumb,drone,2000,0.06307234174921326,0.060969917610482455,0.06512616556302889,0.03795611592972239,0.03710911963792869,0.038843909410841274,1.511218930842205,1.3395936941919677,1.7402800490496957,0.834,4.592696167840293
mppi,assumed_4_per_km,250,larsen1993,ambulance,2000,0.2329689307763507,0.22689953434952753,0.23941283792878895,0.0,0.0,0.0,0.0,0.0,0.0,0.0,
mppi,assumed_4_per_km,250,larsen1993,rover,2000,0.24257743785040736,0.23690860155082938,0.2487681618707288,0.009608507074056666,0.008642086146459288,0.01068233432713653,0.041243727401920394,0.03646087175381348,0.04643638718555623,0.2185,3.9466508015444557
mppi,assumed_4_per_km,250,larsen1993,drone,2000,0.30550807437286037,0.3006945105056047,0.3103511861218325,0.07253914359650968,0.07066162886839678,0.07433866018696358,0.3113683157439864,0.2958856742895141,0.32768897294855914,0.991,6.622257053710928
mppi,assumed_4_per_km,250,rule_of_thumb,ambulance,2000,0.025116225819490877,0.02227037702256628,0.027822223853442848,0.0,0.0,0.0,0.0,0.0,0.0,0.0,
mppi,assumed_4_per_km,250,rule_of_thumb,rover,2000,0.02564407804289558,0.022755481457820956,0.02837277457072297,0.0005278522234047033,0.0004135584298087866,0.0006460937746423104,0.021016383082329115,0.016026006341299838,0.026502917048263956,0.2185,3.9466508015444557
mppi,assumed_4_per_km,250,rule_of_thumb,drone,2000,0.30677864572069996,0.3065742486013746,0.30701219150392456,0.2816624199012091,0.27898751552030726,0.2844650395793057,11.21436086478532,10.023381129231833,12.770015259683909,0.991,6.622257053710928
mppi,assumed_4_per_km,500,larsen1993,ambulance,2000,0.2329689307763507,0.22689953434952753,0.23941283792878895,0.0,0.0,0.0,0.0,0.0,0.0,0.0,
mppi,assumed_4_per_km,500,larsen1993,rover,2000,0.23371600236772525,0.22780594470103294,0.24013503474556,0.0007470715913745485,0.000517507195211684,0.001019955962934741,0.0032067434437930142,0.002195650417587214,0.004390114208696838,0.0265,4.768558074953495
mppi,assumed_4_per_km,500,larsen1993,drone,2000,0.30253453272582115,0.2977277192084605,0.30736883986848035,0.06956560194947045,0.0676962893790396,0.07136931772392485,0.29860463246171287,0.2834266296864956,0.31455879515386714,0.987,6.355011660759411
mppi,assumed_4_per_km,500,rule_of_thumb,ambulance,2000,0.025116225819490877,0.02227037702256628,0.027822223853442848,0.0,0.0,0.0,0.0,0.0,0.0,0.0,
mppi,assumed_4_per_km,500,rule_of_thumb,rover,2000,0.025116225819490877,0.02227037702256628,0.027822223853442848,0.0,0.0,0.0,0.0,0.0,0.0,0.0265,4.768558074953495
mppi,assumed_4_per_km,500,rule_of_thumb,drone,2000,0.28341169511479053,0.28313456474979304,0.2837171819462262,0.2582954692952997,0.25563429761845446,0.2610735333911983,10.284008081136749,9.182981102714024,11.717682278362481,0.987,6.355011660759411
mppi,assumed_4_per_km,750,larsen1993,ambulance,2000,0.2329689307763507,0.22689953434952753,0.23941283792878895,0.0,0.0,0.0,0.0,0.0,0.0,0.0,
mppi,assumed_4_per_km,750,larsen1993,rover,2000,0.23298938486011778,0.2269209307624236,0.23943701534127518,2.045408376707969e-05,2.7348248173839077e-06,4.7066502230318876e-05,8.779747453413478e-05,1.1643080565232334e-05,0.00020341188536812093,0.0045,0.8193444197362858
mppi,assumed_4_per_km,750,larsen1993,drone,2000,0.29957521054228964,0.294773824557211,0.3044091257231042,0.06660627976593894,0.06475377132580012,0.0684106376949411,0.2859019850586031,0.27104472423894993,0.3014947348012445,0.983,6.089024272158905
mppi,assumed_4_per_km,750,rule_of_thumb,ambulance,2000,0.025116225819490877,0.02227037702256628,0.027822223853442848,0.0,0.0,0.0,0.0,0.0,0.0,0.0,
mppi,assumed_4_per_km,750,rule_of_thumb,rover,2000,0.025116225819490877,0.02227037702256628,0.027822223853442848,0.0,0.0,0.0,0.0,0.0,0.0,0.0045,0.8193444197362858
mppi,assumed_4_per_km,750,rule_of_thumb,drone,2000,0.26015462218144164,0.25980050660526055,0.26053825474565456,0.23503839636195076,0.2324817449668653,0.23780702239524093,9.358030065948626,8.351959030452438,10.669884331077846,0.983,6.089024272158905
mppi,assumed_4_per_km,1000,larsen1993,ambulance,2000,0.2329689307763507,0.22689953434952753,0.23941283792878895,0.0,0.0,0.0,0.0,0.0,0.0,0.0,
mppi,assumed_4_per_km,1000,larsen1993,rover,2000,0.2329689307763507,0.22689953434952753,0.23941283792878895,0.0,0.0,0.0,0.0,0.0,0.0,0.0,
mppi,assumed_4_per_km,1000,larsen1993,drone,2000,0.2966287405906556,0.2918324264707847,0.30146374306917234,0.06365980981430489,0.06182847357057024,0.0654645273803079,0.2732545048052697,0.2587223244686093,0.2884823021142566,0.9775,5.827085566823966
mppi,assumed_4_per_km,1000,rule_of_thumb,ambulance,2000,0.025116225819490877,0.02227037702256628,0.027822223853442848,0.0,0.0,0.0,0.0,0.0,0.0,0.0,
mppi,assumed_4_per_km,1000,rule_of_thumb,rover,2000,0.025116225819490877,0.02227037702256628,0.027822223853442848,0.0,0.0,0.0,0.0,0.0,0.0,0.0,
mppi,assumed_4_per_km,1000,rule_of_thumb,drone,2000,0.23699067626703074,0.23652456715258946,0.23747280688209357,0.21187445044753986,0.20949298846013795,0.21460601585031855,8.435759893634955,7.5245563854957265,9.62623298748372,0.9775,5.827085566823966
mppi,assumed_4_per_km,1500,larsen1993,ambulance,2000,0.2329689307763507,0.22689953434952753,0.23941283792878895,0.0,0.0,0.0,0.0,0.0,0.0,0.0,
mppi,assumed_4_per_km,1500,larsen1993,rover,2000,0.2329689307763507,0.22689953434952753,0.23941283792878895,0.0,0.0,0.0,0.0,0.0,0.0,0.0,
mppi,assumed_4_per_km,1500,larsen1993,drone,2000,0.29082741889918257,0.2860467006636441,0.29565686775035926,0.05785848812283187,0.056038351313068405,0.05967575795301175,0.24835280794749326,0.23452199198043003,0.26294694724665774,0.955,5.473300318187477
mppi,assumed_4_per_km,1500,rule_of_thumb,ambulance,2000,0.025116225819490877,0.02227037702256628,0.027822223853442848,0.0,0.0,0.0,0.0,0.0,0.0,0.0,
mppi,assumed_4_per_km,1500,rule_of_thumb,rover,2000,0.025116225819490877,0.02227037702256628,0.027822223853442848,0.0,0.0,0.0,0.0,0.0,0.0,0.0,
mppi,assumed_4_per_km,1500,rule_of_thumb,drone,2000,0.19134386330586017,0.1905772253005411,0.1920913047335997,0.1662276374863693,0.16410098281600885,0.1687768123746497,6.618336635489721,5.898435030840192,7.568884758835127,0.955,5.473300318187477
mppi,assumed_4_per_km,2000,larsen1993,ambulance,2000,0.2329689307763507,0.22689953434952753,0.23941283792878895,0.0,0.0,0.0,0.0,0.0,0.0,0.0,
mppi,assumed_4_per_km,2000,larsen1993,rover,2000,0.2329689307763507,0.22689953434952753,0.23941283792878895,0.0,0.0,0.0,0.0,0.0,0.0,0.0,
mppi,assumed_4_per_km,2000,larsen1993,drone,2000,0.28517142516787863,0.28040683226152363,0.2900018595642765,0.05220249439152794,0.050363814885488585,0.05403097966025761,0.22407491942194713,0.21100044077208613,0.23809549012427544,0.9295,5.120311677180982
mppi,assumed_4_per_km,2000,rule_of_thumb,ambulance,2000,0.025116225819490877,0.02227037702256628,0.027822223853442848,0.0,0.0,0.0,0.0,0.0,0.0,0.0,
mppi,assumed_4_per_km,2000,rule_of_thumb,rover,2000,0.025116225819490877,0.02227037702256628,0.027822223853442848,0.0,0.0,0.0,0.0,0.0,0.0,0.0,
mppi,assumed_4_per_km,2000,rule_of_thumb,drone,2000,0.14676358930632383,0.14562006106486491,0.1478517628814266,0.12164736348683294,0.1197934407763196,0.12380561004553048,4.843377518625083,4.316861781133603,5.554556586594969,0.9295,5.120311677180982
mppi,assumed_4_per_km,3000,larsen1993,ambulance,2000,0.2329689307763507,0.22689953434952753,0.23941283792878895,0.0,0.0,0.0,0.0,0.0,0.0,0.0,
mppi,assumed_4_per_km,3000,larsen1993,rover,2000,0.2329689307763507,0.22689953434952753,0.23941283792878895,0.0,0.0,0.0,0.0,0.0,0.0,0.0,
mppi,assumed_4_per_km,3000,larsen1993,drone,2000,0.2746037797022759,0.26984688981924365,0.2795180623307246,0.0416348489259252,0.03985457234551031,0.043386337651722354,0.1787141692550176,0.16702256794369608,0.19113310066846995,0.834,4.592696167840293
mppi,assumed_4_per_km,3000,rule_of_thumb,ambulance,2000,0.025116225819490877,0.02227037702256628,0.027822223853442848,0.0,0.0,0.0,0.0,0.0,0.0,0.0,
mppi,assumed_4_per_km,3000,rule_of_thumb,rover,2000,0.025116225819490877,0.02227037702256628,0.027822223853442848,0.0,0.0,0.0,0.0,0.0,0.0,0.0,
mppi,assumed_4_per_km,3000,rule_of_thumb,drone,2000,0.06307234174921326,0.060969917610482455,0.06512616556302889,0.03795611592972239,0.03710911963792869,0.038843909410841274,1.511218930842205,1.3395936941919677,1.7402800490496957,0.834,4.592696167840293
mppi,assumed_8_per_km,250,larsen1993,ambulance,2000,0.2329689307763507,0.22689953434952753,0.23941283792878895,0.0,0.0,0.0,0.0,0.0,0.0,0.0,
mppi,assumed_8_per_km,250,larsen1993,rover,2000,0.24285551904326674,0.23718046645522936,0.24910383959721835,0.009886588266916047,0.008902304037082363,0.010987493817354619,0.042437368081528204,0.037529649689742095,0.04774568107582969,0.209,4.435286793255001
mppi,assumed_8_per_km,250,larsen1993,drone,2000,0.30550807437286037,0.3006945105056047,0.3103511861218325,0.07253914359650968,0.07066162886839678,0.07433866018696358,0.3113683157439864,0.2958856742895141,0.32768897294855914,0.991,6.622257053710928
mppi,assumed_8_per_km,250,rule_of_thumb,ambulance,2000,0.025116225819490877,0.02227037702256628,0.027822223853442848,0.0,0.0,0.0,0.0,0.0,0.0,0.0,
mppi,assumed_8_per_km,250,rule_of_thumb,rover,2000,0.02552370142289417,0.022685680036952427,0.02820901068158012,0.0004074756034032935,0.0003159466586829302,0.0005173485620193495,0.016223600087521106,0.012042854518949637,0.021012483658690777,0.209,4.435286793255001
mppi,assumed_8_per_km,250,rule_of_thumb,drone,2000,0.30677864572069996,0.3065742486013746,0.30701219150392456,0.2816624199012091,0.27898751552030726,0.2844650395793057,11.21436086478532,10.023381129231833,12.770015259683909,0.991,6.622257053710928
mppi,assumed_8_per_km,500,larsen1993,ambulance,2000,0.2329689307763507,0.22689953434952753,0.23941283792878895,0.0,0.0,0.0,0.0,0.0,0.0,0.0,
mppi,assumed_8_per_km,500,larsen1993,rover,2000,0.2335168284654732,0.22746897053954357,0.23993902913558082,0.0005478976891225007,0.0003469248577020315,0.0007754035201116213,0.002351805827913056,0.0014750211776897726,0.0033709572706948797,0.0235,3.800015995978608
mppi,assumed_8_per_km,500,larsen1993,drone,2000,0.30253453272582115,0.2977277192084605,0.30736883986848035,0.06956560194947045,0.0676962893790396,0.07136931772392485,0.29860463246171287,0.2834266296864956,0.31455879515386714,0.987,6.355011660759411
mppi,assumed_8_per_km,500,rule_of_thumb,ambulance,2000,0.025116225819490877,0.02227037702256628,0.027822223853442848,0.0,0.0,0.0,0.0,0.0,0.0,0.0,
mppi,assumed_8_per_km,500,rule_of_thumb,rover,2000,0.025116225819490877,0.02227037702256628,0.027822223853442848,0.0,0.0,0.0,0.0,0.0,0.0,0.0235,3.800015995978608
mppi,assumed_8_per_km,500,rule_of_thumb,drone,2000,0.28341169511479053,0.28313456474979304,0.2837171819462262,0.2582954692952997,0.25563429761845446,0.2610735333911983,10.284008081136749,9.182981102714024,11.717682278362481,0.987,6.355011660759411
mppi,assumed_8_per_km,750,larsen1993,ambulance,2000,0.2329689307763507,0.22689953434952753,0.23941283792878895,0.0,0.0,0.0,0.0,0.0,0.0,0.0,
mppi,assumed_8_per_km,750,larsen1993,rover,2000,0.2329822544750798,0.226913126741746,0.2394249614179253,1.3323698729111877e-05,0.0,3.4597226400062686e-05,5.719088242672754e-05,0.0,0.00015033827232199256,0.0025,2.6138348296918252
mppi,assumed_8_per_km,750,larsen1993,drone,2000,0.29957521054228964,0.294773824557211,0.3044091257231042,0.06660627976593894,0.06475377132580012,0.0684106376949411,0.2859019850586031,0.27104472423894993,0.3014947348012445,0.983,6.089024272158905
mppi,assumed_8_per_km,750,rule_of_thumb,ambulance,2000,0.025116225819490877,0.02227037702256628,0.027822223853442848,0.0,0.0,0.0,0.0,0.0,0.0,0.0,
mppi,assumed_8_per_km,750,rule_of_thumb,rover,2000,0.025116225819490877,0.02227037702256628,0.027822223853442848,0.0,0.0,0.0,0.0,0.0,0.0,0.0025,2.6138348296918252
mppi,assumed_8_per_km,750,rule_of_thumb,drone,2000,0.26015462218144164,0.25980050660526055,0.26053825474565456,0.23503839636195076,0.2324817449668653,0.23780702239524093,9.358030065948626,8.351959030452438,10.669884331077846,0.983,6.089024272158905
mppi,assumed_8_per_km,1000,larsen1993,ambulance,2000,0.2329689307763507,0.22689953434952753,0.23941283792878895,0.0,0.0,0.0,0.0,0.0,0.0,0.0,
mppi,assumed_8_per_km,1000,larsen1993,rover,2000,0.2329689307763507,0.22689953434952753,0.23941283792878895,0.0,0.0,0.0,0.0,0.0,0.0,0.001,4.774098470077611
mppi,assumed_8_per_km,1000,larsen1993,drone,2000,0.2966287405906556,0.2918324264707847,0.30146374306917234,0.06365980981430489,0.06182847357057024,0.0654645273803079,0.2732545048052697,0.2587223244686093,0.2884823021142566,0.9775,5.827085566823966
mppi,assumed_8_per_km,1000,rule_of_thumb,ambulance,2000,0.025116225819490877,0.02227037702256628,0.027822223853442848,0.0,0.0,0.0,0.0,0.0,0.0,0.0,
mppi,assumed_8_per_km,1000,rule_of_thumb,rover,2000,0.025116225819490877,0.02227037702256628,0.027822223853442848,0.0,0.0,0.0,0.0,0.0,0.0,0.001,4.774098470077611
mppi,assumed_8_per_km,1000,rule_of_thumb,drone,2000,0.23699067626703074,0.23652456715258946,0.23747280688209357,0.21187445044753986,0.20949298846013795,0.21460601585031855,8.435759893634955,7.5245563854957265,9.62623298748372,0.9775,5.827085566823966
mppi,assumed_8_per_km,1500,larsen1993,ambulance,2000,0.2329689307763507,0.22689953434952753,0.23941283792878895,0.0,0.0,0.0,0.0,0.0,0.0,0.0,
mppi,assumed_8_per_km,1500,larsen1993,rover,2000,0.2329689307763507,0.22689953434952753,0.23941283792878895,0.0,0.0,0.0,0.0,0.0,0.0,0.0,
mppi,assumed_8_per_km,1500,larsen1993,drone,2000,0.29082741889918257,0.2860467006636441,0.29565686775035926,0.05785848812283187,0.056038351313068405,0.05967575795301175,0.24835280794749326,0.23452199198043003,0.26294694724665774,0.955,5.473300318187477
mppi,assumed_8_per_km,1500,rule_of_thumb,ambulance,2000,0.025116225819490877,0.02227037702256628,0.027822223853442848,0.0,0.0,0.0,0.0,0.0,0.0,0.0,
mppi,assumed_8_per_km,1500,rule_of_thumb,rover,2000,0.025116225819490877,0.02227037702256628,0.027822223853442848,0.0,0.0,0.0,0.0,0.0,0.0,0.0,
mppi,assumed_8_per_km,1500,rule_of_thumb,drone,2000,0.19134386330586017,0.1905772253005411,0.1920913047335997,0.1662276374863693,0.16410098281600885,0.1687768123746497,6.618336635489721,5.898435030840192,7.568884758835127,0.955,5.473300318187477
mppi,assumed_8_per_km,2000,larsen1993,ambulance,2000,0.2329689307763507,0.22689953434952753,0.23941283792878895,0.0,0.0,0.0,0.0,0.0,0.0,0.0,
mppi,assumed_8_per_km,2000,larsen1993,rover,2000,0.2329689307763507,0.22689953434952753,0.23941283792878895,0.0,0.0,0.0,0.0,0.0,0.0,0.0,
mppi,assumed_8_per_km,2000,larsen1993,drone,2000,0.28517142516787863,0.28040683226152363,0.2900018595642765,0.05220249439152794,0.050363814885488585,0.05403097966025761,0.22407491942194713,0.21100044077208613,0.23809549012427544,0.9295,5.120311677180982
mppi,assumed_8_per_km,2000,rule_of_thumb,ambulance,2000,0.025116225819490877,0.02227037702256628,0.027822223853442848,0.0,0.0,0.0,0.0,0.0,0.0,0.0,
mppi,assumed_8_per_km,2000,rule_of_thumb,rover,2000,0.025116225819490877,0.02227037702256628,0.027822223853442848,0.0,0.0,0.0,0.0,0.0,0.0,0.0,
mppi,assumed_8_per_km,2000,rule_of_thumb,drone,2000,0.14676358930632383,0.14562006106486491,0.1478517628814266,0.12164736348683294,0.1197934407763196,0.12380561004553048,4.843377518625083,4.316861781133603,5.554556586594969,0.9295,5.120311677180982
mppi,assumed_8_per_km,3000,larsen1993,ambulance,2000,0.2329689307763507,0.22689953434952753,0.23941283792878895,0.0,0.0,0.0,0.0,0.0,0.0,0.0,
mppi,assumed_8_per_km,3000,larsen1993,rover,2000,0.2329689307763507,0.22689953434952753,0.23941283792878895,0.0,0.0,0.0,0.0,0.0,0.0,0.0,
mppi,assumed_8_per_km,3000,larsen1993,drone,2000,0.2746037797022759,0.26984688981924365,0.2795180623307246,0.0416348489259252,0.03985457234551031,0.043386337651722354,0.1787141692550176,0.16702256794369608,0.19113310066846995,0.834,4.592696167840293
mppi,assumed_8_per_km,3000,rule_of_thumb,ambulance,2000,0.025116225819490877,0.02227037702256628,0.027822223853442848,0.0,0.0,0.0,0.0,0.0,0.0,0.0,
mppi,assumed_8_per_km,3000,rule_of_thumb,rover,2000,0.025116225819490877,0.02227037702256628,0.027822223853442848,0.0,0.0,0.0,0.0,0.0,0.0,0.0,
mppi,assumed_8_per_km,3000,rule_of_thumb,drone,2000,0.06307234174921326,0.060969917610482455,0.06512616556302889,0.03795611592972239,0.03710911963792869,0.038843909410841274,1.511218930842205,1.3395936941919677,1.7402800490496957,0.834,4.592696167840293
ppo,osm_lower_bound,250,larsen1993,ambulance,2000,0.2329689307763507,0.22689953434952753,0.23941283792878895,0.0,0.0,0.0,0.0,0.0,0.0,0.0,
ppo,osm_lower_bound,250,larsen1993,rover,2000,0.2786555047949913,0.2738871573088679,0.28352625193382536,0.0456865740186406,0.043873864016124364,0.047502359075770884,0.19610586641915595,0.18377114275961637,0.20925250032200654,0.878,4.771961832355655
ppo,osm_lower_bound,250,larsen1993,drone,2000,0.30550807437286037,0.3006945105056047,0.3103511861218325,0.07253914359650968,0.07066162886839678,0.07433866018696358,0.3113683157439864,0.2958856742895141,0.32768897294855914,0.991,6.622257053710928
ppo,osm_lower_bound,250,rule_of_thumb,ambulance,2000,0.025116225819490877,0.02227037702256628,0.027822223853442848,0.0,0.0,0.0,0.0,0.0,0.0,0.0,
ppo,osm_lower_bound,250,rule_of_thumb,rover,2000,0.09524290659696441,0.09352205191413139,0.09690528662438264,0.07012668077747353,0.06882588895887737,0.07158192590683685,2.7920867283751414,2.4809580565548455,3.211933067423048,0.878,4.771961832355655
ppo,osm_lower_bound,250,rule_of_thumb,drone,2000,0.30677864572069996,0.3065742486013746,0.30701219150392456,0.2816624199012091,0.27898751552030726,0.2844650395793057,11.21436086478532,10.023381129231833,12.770015259683909,0.991,6.622257053710928
ppo,osm_lower_bound,500,larsen1993,ambulance,2000,0.2329689307763507,0.22689953434952753,0.23941283792878895,0.0,0.0,0.0,0.0,0.0,0.0,0.0,
ppo,osm_lower_bound,500,larsen1993,rover,2000,0.25283084464011446,0.2477182261724814,0.2583987620387662,0.019861913863763764,0.01858961333245565,0.021075918531266988,0.08525563386317425,0.07795018382506108,0.09242418826702131,0.5535,3.631217077303045
ppo,osm_lower_bound,500,larsen1993,drone,2000,0.30253453272582115,0.2977277192084605,0.30736883986848035,0.06956560194947045,0.0676962893790396,0.07136931772392485,0.29860463246171287,0.2834266296864956,0.31455879515386714,0.987,6.355011660759411
ppo,osm_lower_bound,500,rule_of_thumb,ambulance,2000,0.025116225819490877,0.02227037702256628,0.027822223853442848,0.0,0.0,0.0,0.0,0.0,0.0,0.0,
ppo,osm_lower_bound,500,rule_of_thumb,rover,2000,0.025116225819490877,0.02227037702256628,0.027822223853442848,0.0,0.0,0.0,0.0,0.0,0.0,0.5535,3.631217077303045
ppo,osm_lower_bound,500,rule_of_thumb,drone,2000,0.28341169511479053,0.28313456474979304,0.2837171819462262,0.2582954692952997,0.25563429761845446,0.2610735333911983,10.284008081136749,9.182981102714024,11.717682278362481,0.987,6.355011660759411
ppo,osm_lower_bound,750,larsen1993,ambulance,2000,0.2329689307763507,0.22689953434952753,0.23941283792878895,0.0,0.0,0.0,0.0,0.0,0.0,0.0,
ppo,osm_lower_bound,750,larsen1993,rover,2000,0.23895056293026556,0.23325694987270618,0.2448962711323019,0.005981632153914868,0.005379972529046234,0.006560487568724448,0.02567566470765681,0.022554386118326997,0.02879644925142886,0.289,3.358685754936352
ppo,osm_lower_bound,750,larsen1993,drone,2000,0.29957521054228964,0.294773824557211,0.3044091257231042,0.06660627976593894,0.06475377132580012,0.0684106376949411,0.2859019850586031,0.27104472423894993,0.3014947348012445,0.983,6.089024272158905
ppo,osm_lower_bound,750,rule_of_thumb,ambulance,2000,0.025116225819490877,0.02227037702256628,0.027822223853442848,0.0,0.0,0.0,0.0,0.0,0.0,0.0,
ppo,osm_lower_bound,750,rule_of_thumb,rover,2000,0.025116225819490877,0.02227037702256628,0.027822223853442848,0.0,0.0,0.0,0.0,0.0,0.0,0.289,3.358685754936352
ppo,osm_lower_bound,750,rule_of_thumb,drone,2000,0.26015462218144164,0.25980050660526055,0.26053825474565456,0.23503839636195076,0.2324817449668653,0.23780702239524093,9.358030065948626,8.351959030452438,10.669884331077846,0.983,6.089024272158905
ppo,osm_lower_bound,1000,larsen1993,ambulance,2000,0.2329689307763507,0.22689953434952753,0.23941283792878895,0.0,0.0,0.0,0.0,0.0,0.0,0.0,
ppo,osm_lower_bound,1000,larsen1993,rover,2000,0.2335794393140621,0.22749256744515908,0.23997962062291847,0.0006105085377114128,0.00047852014797699835,0.0007271948705335437,0.0026205577528168877,0.002042187214662972,0.0031697235616338693,0.141,2.820679655871185
ppo,osm_lower_bound,1000,larsen1993,drone,2000,0.2966287405906556,0.2918324264707847,0.30146374306917234,0.06365980981430489,0.06182847357057024,0.0654645273803079,0.2732545048052697,0.2587223244686093,0.2884823021142566,0.9775,5.827085566823966
ppo,osm_lower_bound,1000,rule_of_thumb,ambulance,2000,0.025116225819490877,0.02227037702256628,0.027822223853442848,0.0,0.0,0.0,0.0,0.0,0.0,0.0,
ppo,osm_lower_bound,1000,rule_of_thumb,rover,2000,0.025116225819490877,0.02227037702256628,0.027822223853442848,0.0,0.0,0.0,0.0,0.0,0.0,0.141,2.820679655871185
ppo,osm_lower_bound,1000,rule_of_thumb,drone,2000,0.23699067626703074,0.23652456715258946,0.23747280688209357,0.21187445044753986,0.20949298846013795,0.21460601585031855,8.435759893634955,7.5245563854957265,9.62623298748372,0.9775,5.827085566823966
ppo,osm_lower_bound,1500,larsen1993,ambulance,2000,0.2329689307763507,0.22689953434952753,0.23941283792878895,0.0,0.0,0.0,0.0,0.0,0.0,0.0,
ppo,osm_lower_bound,1500,larsen1993,rover,2000,0.2329689307763507,0.22689953434952753,0.23941283792878895,0.0,0.0,0.0,0.0,0.0,0.0,0.0245,3.22252849021492
ppo,osm_lower_bound,1500,larsen1993,drone,2000,0.29082741889918257,0.2860467006636441,0.29565686775035926,0.05785848812283187,0.056038351313068405,0.05967575795301175,0.24835280794749326,0.23452199198043003,0.26294694724665774,0.955,5.473300318187477
ppo,osm_lower_bound,1500,rule_of_thumb,ambulance,2000,0.025116225819490877,0.02227037702256628,0.027822223853442848,0.0,0.0,0.0,0.0,0.0,0.0,0.0,
ppo,osm_lower_bound,1500,rule_of_thumb,rover,2000,0.025116225819490877,0.02227037702256628,0.027822223853442848,0.0,0.0,0.0,0.0,0.0,0.0,0.0245,3.22252849021492
ppo,osm_lower_bound,1500,rule_of_thumb,drone,2000,0.19134386330586017,0.1905772253005411,0.1920913047335997,0.1662276374863693,0.16410098281600885,0.1687768123746497,6.618336635489721,5.898435030840192,7.568884758835127,0.955,5.473300318187477
ppo,osm_lower_bound,2000,larsen1993,ambulance,2000,0.2329689307763507,0.22689953434952753,0.23941283792878895,0.0,0.0,0.0,0.0,0.0,0.0,0.0,
ppo,osm_lower_bound,2000,larsen1993,rover,2000,0.2329689307763507,0.22689953434952753,0.23941283792878895,0.0,0.0,0.0,0.0,0.0,0.0,0.0045,3.375463453825091
ppo,osm_lower_bound,2000,larsen1993,drone,2000,0.28517142516787863,0.28040683226152363,0.2900018595642765,0.05220249439152794,0.050363814885488585,0.05403097966025761,0.22407491942194713,0.21100044077208613,0.23809549012427544,0.9295,5.120311677180982
ppo,osm_lower_bound,2000,rule_of_thumb,ambulance,2000,0.025116225819490877,0.02227037702256628,0.027822223853442848,0.0,0.0,0.0,0.0,0.0,0.0,0.0,
ppo,osm_lower_bound,2000,rule_of_thumb,rover,2000,0.025116225819490877,0.02227037702256628,0.027822223853442848,0.0,0.0,0.0,0.0,0.0,0.0,0.0045,3.375463453825091
ppo,osm_lower_bound,2000,rule_of_thumb,drone,2000,0.14676358930632383,0.14562006106486491,0.1478517628814266,0.12164736348683294,0.1197934407763196,0.12380561004553048,4.843377518625083,4.316861781133603,5.554556586594969,0.9295,5.120311677180982
ppo,osm_lower_bound,3000,larsen1993,ambulance,2000,0.2329689307763507,0.22689953434952753,0.23941283792878895,0.0,0.0,0.0,0.0,0.0,0.0,0.0,
ppo,osm_lower_bound,3000,larsen1993,rover,2000,0.2329689307763507,0.22689953434952753,0.23941283792878895,0.0,0.0,0.0,0.0,0.0,0.0,0.0,
ppo,osm_lower_bound,3000,larsen1993,drone,2000,0.2746037797022759,0.26984688981924365,0.2795180623307246,0.0416348489259252,0.03985457234551031,0.043386337651722354,0.1787141692550176,0.16702256794369608,0.19113310066846995,0.834,4.592696167840293
ppo,osm_lower_bound,3000,rule_of_thumb,ambulance,2000,0.025116225819490877,0.02227037702256628,0.027822223853442848,0.0,0.0,0.0,0.0,0.0,0.0,0.0,
ppo,osm_lower_bound,3000,rule_of_thumb,rover,2000,0.025116225819490877,0.02227037702256628,0.027822223853442848,0.0,0.0,0.0,0.0,0.0,0.0,0.0,
ppo,osm_lower_bound,3000,rule_of_thumb,drone,2000,0.06307234174921326,0.060969917610482455,0.06512616556302889,0.03795611592972239,0.03710911963792869,0.038843909410841274,1.511218930842205,1.3395936941919677,1.7402800490496957,0.834,4.592696167840293
ppo,assumed_2_per_km,250,larsen1993,ambulance,2000,0.2329689307763507,0.22689953434952753,0.23941283792878895,0.0,0.0,0.0,0.0,0.0,0.0,0.0,
ppo,assumed_2_per_km,250,larsen1993,rover,2000,0.27274709817388826,0.2677169899369405,0.2780855406152412,0.03977816739753756,0.03800907631977823,0.04154643089047905,0.17074451629657195,0.15973175610118492,0.1818468388214058,0.7635,4.765994194706523
ppo,assumed_2_per_km,250,larsen1993,drone,2000,0.30550807437286037,0.3006945105056047,0.3103511861218325,0.07253914359650968,0.07066162886839678,0.07433866018696358,0.3113683157439864,0.2958856742895141,0.32768897294855914,0.991,6.622257053710928
ppo,assumed_2_per_km,250,rule_of_thumb,ambulance,2000,0.025116225819490877,0.02227037702256628,0.027822223853442848,0.0,0.0,0.0,0.0,0.0,0.0,0.0,
ppo,assumed_2_per_km,250,rule_of_thumb,rover,2000,0.08614939467051727,0.08386026610291705,0.08828938594514722,0.061033168851026394,0.05954718524925888,0.06256235655575142,2.4300294673916727,2.1505704835166903,2.8046197625082763,0.7635,4.765994194706523
ppo,assumed_2_per_km,250,rule_of_thumb,drone,2000,0.30677864572069996,0.3065742486013746,0.30701219150392456,0.2816624199012091,0.27898751552030726,0.2844650395793057,11.21436086478532,10.023381129231833,12.770015259683909,0.991,6.622257053710928
ppo,assumed_2_per_km,500,larsen1993,ambulance,2000,0.2329689307763507,0.22689953434952753,0.23941283792878895,0.0,0.0,0.0,0.0,0.0,0.0,0.0,
ppo,assumed_2_per_km,500,larsen1993,rover,2000,0.248070187025476,0.24281179365020994,0.2537385223394666,0.015101256249125311,0.01395471330069541,0.016129352229328188,0.06482090207823665,0.05890084324574137,0.07108331840827728,0.413,3.6051867256815306
ppo,assumed_2_per_km,500,larsen1993,drone,2000,0.30253453272582115,0.2977277192084605,0.30736883986848035,0.06956560194947045,0.0676962893790396,0.07136931772392485,0.29860463246171287,0.2834266296864956,0.31455879515386714,0.987,6.355011660759411
ppo,assumed_2_per_km,500,rule_of_thumb,ambulance,2000,0.025116225819490877,0.02227037702256628,0.027822223853442848,0.0,0.0,0.0,0.0,0.0,0.0,0.0,
ppo,assumed_2_per_km,500,rule_of_thumb,rover,2000,0.025116225819490877,0.02227037702256628,0.027822223853442848,0.0,0.0,0.0,0.0,0.0,0.0,0.413,3.6051867256815306
ppo,assumed_2_per_km,500,rule_of_thumb,drone,2000,0.28341169511479053,0.28313456474979304,0.2837171819462262,0.2582954692952997,0.25563429761845446,0.2610735333911983,10.284008081136749,9.182981102714024,11.717682278362481,0.987,6.355011660759411
ppo,assumed_2_per_km,750,larsen1993,ambulance,2000,0.2329689307763507,0.22689953434952753,0.23941283792878895,0.0,0.0,0.0,0.0,0.0,0.0,0.0,
ppo,assumed_2_per_km,750,larsen1993,rover,2000,0.23756371316626246,0.23183685907607393,0.24372387744062426,0.004594782389911761,0.004016688792539275,0.005130763693701229,0.01972272600728342,0.01688818834740905,0.022463010996704537,0.2175,3.3315498849802676
ppo,assumed_2_per_km,750,larsen1993,drone,2000,0.29957521054228964,0.294773824557211,0.3044091257231042,0.06660627976593894,0.06475377132580012,0.0684106376949411,0.2859019850586031,0.27104472423894993,0.3014947348012445,0.983,6.089024272158905
ppo,assumed_2_per_km,750,rule_of_thumb,ambulance,2000,0.025116225819490877,0.02227037702256628,0.027822223853442848,0.0,0.0,0.0,0.0,0.0,0.0,0.0,
ppo,assumed_2_per_km,750,rule_of_thumb,rover,2000,0.025116225819490877,0.02227037702256628,0.027822223853442848,0.0,0.0,0.0,0.0,0.0,0.0,0.2175,3.3315498849802676
ppo,assumed_2_per_km,750,rule_of_thumb,drone,2000,0.26015462218144164,0.25980050660526055,0.26053825474565456,0.23503839636195076,0.2324817449668653,0.23780702239524093,9.358030065948626,8.351959030452438,10.669884331077846,0.983,6.089024272158905
ppo,assumed_2_per_km,1000,larsen1993,ambulance,2000,0.2329689307763507,0.22689953434952753,0.23941283792878895,0.0,0.0,0.0,0.0,0.0,0.0,0.0,
ppo,assumed_2_per_km,1000,larsen1993,rover,2000,0.2334071265101956,0.22733736931316742,0.23980491103236276,0.00043819573384490385,0.0003377210012189852,0.0005457209077115797,0.001880919195468067,0.0014357987317325184,0.0023673348334355524,0.092,2.5811655215132348
ppo,assumed_2_per_km,1000,larsen1993,drone,2000,0.2966287405906556,0.2918324264707847,0.30146374306917234,0.06365980981430489,0.06182847357057024,0.0654645273803079,0.2732545048052697,0.2587223244686093,0.2884823021142566,0.9775,5.827085566823966
ppo,assumed_2_per_km,1000,rule_of_thumb,ambulance,2000,0.025116225819490877,0.02227037702256628,0.027822223853442848,0.0,0.0,0.0,0.0,0.0,0.0,0.0,
ppo,assumed_2_per_km,1000,rule_of_thumb,rover,2000,0.025116225819490877,0.02227037702256628,0.027822223853442848,0.0,0.0,0.0,0.0,0.0,0.0,0.092,2.5811655215132348
ppo,assumed_2_per_km,1000,rule_of_thumb,drone,2000,0.23699067626703074,0.23652456715258946,0.23747280688209357,0.21187445044753986,0.20949298846013795,0.21460601585031855,8.435759893634955,7.5245563854957265,9.62623298748372,0.9775,5.827085566823966
ppo,assumed_2_per_km,1500,larsen1993,ambulance,2000,0.2329689307763507,0.22689953434952753,0.23941283792878895,0.0,0.0,0.0,0.0,0.0,0.0,0.0,
ppo,assumed_2_per_km,1500,larsen1993,rover,2000,0.2329689307763507,0.22689953434952753,0.23941283792878895,0.0,0.0,0.0,0.0,0.0,0.0,0.0115,2.0377094361741612
ppo,assumed_2_per_km,1500,larsen1993,drone,2000,0.29082741889918257,0.2860467006636441,0.29565686775035926,0.05785848812283187,0.056038351313068405,0.05967575795301175,0.24835280794749326,0.23452199198043003,0.26294694724665774,0.955,5.473300318187477
ppo,assumed_2_per_km,1500,rule_of_thumb,ambulance,2000,0.025116225819490877,0.02227037702256628,0.027822223853442848,0.0,0.0,0.0,0.0,0.0,0.0,0.0,
ppo,assumed_2_per_km,1500,rule_of_thumb,rover,2000,0.025116225819490877,0.02227037702256628,0.027822223853442848,0.0,0.0,0.0,0.0,0.0,0.0,0.0115,2.0377094361741612
ppo,assumed_2_per_km,1500,rule_of_thumb,drone,2000,0.19134386330586017,0.1905772253005411,0.1920913047335997,0.1662276374863693,0.16410098281600885,0.1687768123746497,6.618336635489721,5.898435030840192,7.568884758835127,0.955,5.473300318187477
ppo,assumed_2_per_km,2000,larsen1993,ambulance,2000,0.2329689307763507,0.22689953434952753,0.23941283792878895,0.0,0.0,0.0,0.0,0.0,0.0,0.0,
ppo,assumed_2_per_km,2000,larsen1993,rover,2000,0.2329689307763507,0.22689953434952753,0.23941283792878895,0.0,0.0,0.0,0.0,0.0,0.0,0.0015,0.5170428789230428
ppo,assumed_2_per_km,2000,larsen1993,drone,2000,0.28517142516787863,0.28040683226152363,0.2900018595642765,0.05220249439152794,0.050363814885488585,0.05403097966025761,0.22407491942194713,0.21100044077208613,0.23809549012427544,0.9295,5.120311677180982
ppo,assumed_2_per_km,2000,rule_of_thumb,ambulance,2000,0.025116225819490877,0.02227037702256628,0.027822223853442848,0.0,0.0,0.0,0.0,0.0,0.0,0.0,
ppo,assumed_2_per_km,2000,rule_of_thumb,rover,2000,0.025116225819490877,0.02227037702256628,0.027822223853442848,0.0,0.0,0.0,0.0,0.0,0.0,0.0015,0.5170428789230428
ppo,assumed_2_per_km,2000,rule_of_thumb,drone,2000,0.14676358930632383,0.14562006106486491,0.1478517628814266,0.12164736348683294,0.1197934407763196,0.12380561004553048,4.843377518625083,4.316861781133603,5.554556586594969,0.9295,5.120311677180982
ppo,assumed_2_per_km,3000,larsen1993,ambulance,2000,0.2329689307763507,0.22689953434952753,0.23941283792878895,0.0,0.0,0.0,0.0,0.0,0.0,0.0,
ppo,assumed_2_per_km,3000,larsen1993,rover,2000,0.2329689307763507,0.22689953434952753,0.23941283792878895,0.0,0.0,0.0,0.0,0.0,0.0,0.0,
ppo,assumed_2_per_km,3000,larsen1993,drone,2000,0.2746037797022759,0.26984688981924365,0.2795180623307246,0.0416348489259252,0.03985457234551031,0.043386337651722354,0.1787141692550176,0.16702256794369608,0.19113310066846995,0.834,4.592696167840293
ppo,assumed_2_per_km,3000,rule_of_thumb,ambulance,2000,0.025116225819490877,0.02227037702256628,0.027822223853442848,0.0,0.0,0.0,0.0,0.0,0.0,0.0,
ppo,assumed_2_per_km,3000,rule_of_thumb,rover,2000,0.025116225819490877,0.02227037702256628,0.027822223853442848,0.0,0.0,0.0,0.0,0.0,0.0,0.0,
ppo,assumed_2_per_km,3000,rule_of_thumb,drone,2000,0.06307234174921326,0.060969917610482455,0.06512616556302889,0.03795611592972239,0.03710911963792869,0.038843909410841274,1.511218930842205,1.3395936941919677,1.7402800490496957,0.834,4.592696167840293
ppo,assumed_4_per_km,250,larsen1993,ambulance,2000,0.2329689307763507,0.22689953434952753,0.23941283792878895,0.0,0.0,0.0,0.0,0.0,0.0,0.0,
ppo,assumed_4_per_km,250,larsen1993,rover,2000,0.26751157586135116,0.26248346287803176,0.27285062153234874,0.03454264508500046,0.032853024921160615,0.036220802634368734,0.14827146679984238,0.13859696281367878,0.1585498750970769,0.659,4.793419220539579
ppo,assumed_4_per_km,250,larsen1993,drone,2000,0.30550807437286037,0.3006945105056047,0.3103511861218325,0.07253914359650968,0.07066162886839678,0.07433866018696358,0.3113683157439864,0.2958856742895141,0.32768897294855914,0.991,6.622257053710928
ppo,assumed_4_per_km,250,rule_of_thumb,ambulance,2000,0.025116225819490877,0.02227037702256628,0.027822223853442848,0.0,0.0,0.0,0.0,0.0,0.0,0.0,
ppo,assumed_4_per_km,250,rule_of_thumb,rover,2000,0.07752276909712719,0.07511566064652685,0.08001354517879046,0.05240654327763631,0.05083687368061211,0.05399232645158429,2.086561239506272,1.8567555340773396,2.4090630886903304,0.659,4.793419220539579
ppo,assumed_4_per_km,250,rule_of_thumb,drone,2000,0.30677864572069996,0.3065742486013746,0.30701219150392456,0.2816624199012091,0.27898751552030726,0.2844650395793057,11.21436086478532,10.023381129231833,12.770015259683909,0.991,6.622257053710928
ppo,assumed_4_per_km,500,larsen1993,ambulance,2000,0.2329689307763507,0.22689953434952753,0.23941283792878895,0.0,0.0,0.0,0.0,0.0,0.0,0.0,
ppo,assumed_4_per_km,500,larsen1993,rover,2000,0.2464377361899704,0.2412809678116555,0.2523467792559283,0.013468805413619694,0.012382629415738065,0.014615391835151073,0.057813740951361936,0.05220257055083012,0.06380326085843341,0.3775,3.46996340224295
ppo,assumed_4_per_km,500,larsen1993,drone,2000,0.30253453272582115,0.2977277192084605,0.30736883986848035,0.06956560194947045,0.0676962893790396,0.07136931772392485,0.29860463246171287,0.2834266296864956,0.31455879515386714,0.987,6.355011660759411
ppo,assumed_4_per_km,500,rule_of_thumb,ambulance,2000,0.025116225819490877,0.02227037702256628,0.027822223853442848,0.0,0.0,0.0,0.0,0.0,0.0,0.0,
ppo,assumed_4_per_km,500,rule_of_thumb,rover,2000,0.025116225819490877,0.02227037702256628,0.027822223853442848,0.0,0.0,0.0,0.0,0.0,0.0,0.3775,3.46996340224295
ppo,assumed_4_per_km,500,rule_of_thumb,drone,2000,0.28341169511479053,0.28313456474979304,0.2837171819462262,0.2582954692952997,0.25563429761845446,0.2610735333911983,10.284008081136749,9.182981102714024,11.717682278362481,0.987,6.355011660759411
ppo,assumed_4_per_km,750,larsen1993,ambulance,2000,0.2329689307763507,0.22689953434952753,0.23941283792878895,0.0,0.0,0.0,0.0,0.0,0.0,0.0,
ppo,assumed_4_per_km,750,larsen1993,rover,2000,0.2360825988857897,0.23010609703547727,0.24239710064644254,0.0031136681094389995,0.0026950510029671703,0.0035188363643766825,0.013365164612564095,0.011340371259651927,0.015309486766275474,0.1525,3.121338550258651
ppo,assumed_4_per_km,750,larsen1993,drone,2000,0.29957521054228964,0.294773824557211,0.3044091257231042,0.06660627976593894,0.06475377132580012,0.0684106376949411,0.2859019850586031,0.27104472423894993,0.3014947348012445,0.983,6.089024272158905
ppo,assumed_4_per_km,750,rule_of_thumb,ambulance,2000,0.025116225819490877,0.02227037702256628,0.027822223853442848,0.0,0.0,0.0,0.0,0.0,0.0,0.0,
ppo,assumed_4_per_km,750,rule_of_thumb,rover,2000,0.025116225819490877,0.02227037702256628,0.027822223853442848,0.0,0.0,0.0,0.0,0.0,0.0,0.1525,3.121338550258651
ppo,assumed_4_per_km,750,rule_of_thumb,drone,2000,0.26015462218144164,0.25980050660526055,0.26053825474565456,0.23503839636195076,0.2324817449668653,0.23780702239524093,9.358030065948626,8.351959030452438,10.669884331077846,0.983,6.089024272158905
ppo,assumed_4_per_km,1000,larsen1993,ambulance,2000,0.2329689307763507,0.22689953434952753,0.23941283792878895,0.0,0.0,0.0,0.0,0.0,0.0,0.0,
ppo,assumed_4_per_km,1000,larsen1993,rover,2000,0.2332041964776424,0.227127949174665,0.23962321719290197,0.00023526570129170365,0.00016280246970498888,0.00031444641608614136,0.001009858698787447,0.0006934988549911925,0.001364995955694509,0.0585,2.804297546347243
ppo,assumed_4_per_km,1000,larsen1993,drone,2000,0.2966287405906556,0.2918324264707847,0.30146374306917234,0.06365980981430489,0.06182847357057024,0.0654645273803079,0.2732545048052697,0.2587223244686093,0.2884823021142566,0.9775,5.827085566823966
ppo,assumed_4_per_km,1000,rule_of_thumb,ambulance,2000,0.025116225819490877,0.02227037702256628,0.027822223853442848,0.0,0.0,0.0,0.0,0.0,0.0,0.0,
ppo,assumed_4_per_km,1000,rule_of_thumb,rover,2000,0.025116225819490877,0.02227037702256628,0.027822223853442848,0.0,0.0,0.0,0.0,0.0,0.0,0.0585,2.804297546347243
ppo,assumed_4_per_km,1000,rule_of_thumb,drone,2000,0.23699067626703074,0.23652456715258946,0.23747280688209357,0.21187445044753986,0.20949298846013795,0.21460601585031855,8.435759893634955,7.5245563854957265,9.62623298748372,0.9775,5.827085566823966
ppo,assumed_4_per_km,1500,larsen1993,ambulance,2000,0.2329689307763507,0.22689953434952753,0.23941283792878895,0.0,0.0,0.0,0.0,0.0,0.0,0.0,
ppo,assumed_4_per_km,1500,larsen1993,rover,2000,0.2329689307763507,0.22689953434952753,0.23941283792878895,0.0,0.0,0.0,0.0,0.0,0.0,0.009,2.8150493159996977
ppo,assumed_4_per_km,1500,larsen1993,drone,2000,0.29082741889918257,0.2860467006636441,0.29565686775035926,0.05785848812283187,0.056038351313068405,0.05967575795301175,0.24835280794749326,0.23452199198043003,0.26294694724665774,0.955,5.473300318187477
ppo,assumed_4_per_km,1500,rule_of_thumb,ambulance,2000,0.025116225819490877,0.02227037702256628,0.027822223853442848,0.0,0.0,0.0,0.0,0.0,0.0,0.0,
ppo,assumed_4_per_km,1500,rule_of_thumb,rover,2000,0.025116225819490877,0.02227037702256628,0.027822223853442848,0.0,0.0,0.0,0.0,0.0,0.0,0.009,2.8150493159996977
ppo,assumed_4_per_km,1500,rule_of_thumb,drone,2000,0.19134386330586017,0.1905772253005411,0.1920913047335997,0.1662276374863693,0.16410098281600885,0.1687768123746497,6.618336635489721,5.898435030840192,7.568884758835127,0.955,5.473300318187477
ppo,assumed_4_per_km,2000,larsen1993,ambulance,2000,0.2329689307763507,0.22689953434952753,0.23941283792878895,0.0,0.0,0.0,0.0,0.0,0.0,0.0,
ppo,assumed_4_per_km,2000,larsen1993,rover,2000,0.2329689307763507,0.22689953434952753,0.23941283792878895,0.0,0.0,0.0,0.0,0.0,0.0,0.0015,6.285970784320206
ppo,assumed_4_per_km,2000,larsen1993,drone,2000,0.28517142516787863,0.28040683226152363,0.2900018595642765,0.05220249439152794,0.050363814885488585,0.05403097966025761,0.22407491942194713,0.21100044077208613,0.23809549012427544,0.9295,5.120311677180982
ppo,assumed_4_per_km,2000,rule_of_thumb,ambulance,2000,0.025116225819490877,0.02227037702256628,0.027822223853442848,0.0,0.0,0.0,0.0,0.0,0.0,0.0,
ppo,assumed_4_per_km,2000,rule_of_thumb,rover,2000,0.025116225819490877,0.02227037702256628,0.027822223853442848,0.0,0.0,0.0,0.0,0.0,0.0,0.0015,6.285970784320206
ppo,assumed_4_per_km,2000,rule_of_thumb,drone,2000,0.14676358930632383,0.14562006106486491,0.1478517628814266,0.12164736348683294,0.1197934407763196,0.12380561004553048,4.843377518625083,4.316861781133603,5.554556586594969,0.9295,5.120311677180982
ppo,assumed_4_per_km,3000,larsen1993,ambulance,2000,0.2329689307763507,0.22689953434952753,0.23941283792878895,0.0,0.0,0.0,0.0,0.0,0.0,0.0,
ppo,assumed_4_per_km,3000,larsen1993,rover,2000,0.2329689307763507,0.22689953434952753,0.23941283792878895,0.0,0.0,0.0,0.0,0.0,0.0,0.0,
ppo,assumed_4_per_km,3000,larsen1993,drone,2000,0.2746037797022759,0.26984688981924365,0.2795180623307246,0.0416348489259252,0.03985457234551031,0.043386337651722354,0.1787141692550176,0.16702256794369608,0.19113310066846995,0.834,4.592696167840293
ppo,assumed_4_per_km,3000,rule_of_thumb,ambulance,2000,0.025116225819490877,0.02227037702256628,0.027822223853442848,0.0,0.0,0.0,0.0,0.0,0.0,0.0,
ppo,assumed_4_per_km,3000,rule_of_thumb,rover,2000,0.025116225819490877,0.02227037702256628,0.027822223853442848,0.0,0.0,0.0,0.0,0.0,0.0,0.0,
ppo,assumed_4_per_km,3000,rule_of_thumb,drone,2000,0.06307234174921326,0.060969917610482455,0.06512616556302889,0.03795611592972239,0.03710911963792869,0.038843909410841274,1.511218930842205,1.3395936941919677,1.7402800490496957,0.834,4.592696167840293
ppo,assumed_8_per_km,250,larsen1993,ambulance,2000,0.2329689307763507,0.22689953434952753,0.23941283792878895,0.0,0.0,0.0,0.0,0.0,0.0,0.0,
ppo,assumed_8_per_km,250,larsen1993,rover,2000,0.26409302169114873,0.259178534252504,0.2697985180510523,0.031124090914798036,0.029392489441406752,0.03285103307698077,0.13359760381386243,0.12382098971190708,0.14370110973364394,0.5935,4.720194978112358
ppo,assumed_8_per_km,250,larsen1993,drone,2000,0.30550807437286037,0.3006945105056047,0.3103511861218325,0.07253914359650968,0.07066162886839678,0.07433866018696358,0.3113683157439864,0.2958856742895141,0.32768897294855914,0.991,6.622257053710928
ppo,assumed_8_per_km,250,rule_of_thumb,ambulance,2000,0.025116225819490877,0.02227037702256628,0.027822223853442848,0.0,0.0,0.0,0.0,0.0,0.0,0.0,
ppo,assumed_8_per_km,250,rule_of_thumb,rover,2000,0.07223417139445246,0.06960386805686661,0.07494033088990523,0.04711794557496158,0.04527479811007075,0.04901310345642824,1.8759962549148912,1.6724431759332976,2.175307029601753,0.5935,4.720194978112358
ppo,assumed_8_per_km,250,rule_of_thumb,drone,2000,0.30677864572069996,0.3065742486013746,0.30701219150392456,0.2816624199012091,0.27898751552030726,0.2844650395793057,11.21436086478532,10.023381129231833,12.770015259683909,0.991,6.622257053710928
ppo,assumed_8_per_km,500,larsen1993,ambulance,2000,0.2329689307763507,0.22689953434952753,0.23941283792878895,0.0,0.0,0.0,0.0,0.0,0.0,0.0,
ppo,assumed_8_per_km,500,larsen1993,rover,2000,0.24164323432241408,0.23596956445997808,0.24771445873113734,0.008674303546063383,0.007857438963890805,0.009508530928992499,0.03723373549063802,0.03318316552537569,0.04131017480384057,0.2515,3.3436641954349255
ppo,assumed_8_per_km,500,larsen1993,drone,2000,0.30253453272582115,0.2977277192084605,0.30736883986848035,0.06956560194947045,0.0676962893790396,0.07136931772392485,0.29860463246171287,0.2834266296864956,0.31455879515386714,0.987,6.355011660759411
ppo,assumed_8_per_km,500,rule_of_thumb,ambulance,2000,0.025116225819490877,0.02227037702256628,0.027822223853442848,0.0,0.0,0.0,0.0,0.0,0.0,0.0,
ppo,assumed_8_per_km,500,rule_of_thumb,rover,2000,0.025116225819490877,0.02227037702256628,0.027822223853442848,0.0,0.0,0.0,0.0,0.0,0.0,0.2515,3.3436641954349255
ppo,assumed_8_per_km,500,rule_of_thumb,drone,2000,0.28341169511479053,0.28313456474979304,0.2837171819462262,0.2582954692952997,0.25563429761845446,0.2610735333911983,10.284008081136749,9.182981102714024,11.717682278362481,0.987,6.355011660759411
ppo,assumed_8_per_km,750,larsen1993,ambulance,2000,0.2329689307763507,0.22689953434952753,0.23941283792878895,0.0,0.0,0.0,0.0,0.0,0.0,0.0,
ppo,assumed_8_per_km,750,larsen1993,rover,2000,0.2350172732175765,0.22903640871733005,0.24115982720061663,0.0020483424412258144,0.0016750034131829605,0.0024435343759656105,0.008792341684360494,0.007102853671975362,0.010591426003878461,0.097,3.6926693033857534
ppo,assumed_8_per_km,750,larsen1993,drone,2000,0.29957521054228964,0.294773824557211,0.3044091257231042,0.06660627976593894,0.06475377132580012,0.0684106376949411,0.2859019850586031,0.27104472423894993,0.3014947348012445,0.983,6.089024272158905
ppo,assumed_8_per_km,750,rule_of_thumb,ambulance,2000,0.025116225819490877,0.02227037702256628,0.027822223853442848,0.0,0.0,0.0,0.0,0.0,0.0,0.0,
ppo,assumed_8_per_km,750,rule_of_thumb,rover,2000,0.025116225819490877,0.02227037702256628,0.027822223853442848,0.0,0.0,0.0,0.0,0.0,0.0,0.097,3.6926693033857534
ppo,assumed_8_per_km,750,rule_of_thumb,drone,2000,0.26015462218144164,0.25980050660526055,0.26053825474565456,0.23503839636195076,0.2324817449668653,0.23780702239524093,9.358030065948626,8.351959030452438,10.669884331077846,0.983,6.089024272158905
ppo,assumed_8_per_km,1000,larsen1993,ambulance,2000,0.2329689307763507,0.22689953434952753,0.23941283792878895,0.0,0.0,0.0,0.0,0.0,0.0,0.0,
ppo,assumed_8_per_km,1000,larsen1993,rover,2000,0.23307282393229492,0.22701807932523027,0.23948837074874563,0.00010389315594422355,5.916845507407537e-05,0.0001599648578514405,0.0004459528384235245,0.00025452020986928004,0.00069545717074298,0.0295,3.4059061029671938
ppo,assumed_8_per_km,1000,larsen1993,drone,2000,0.2966287405906556,0.2918324264707847,0.30146374306917234,0.06365980981430489,0.06182847357057024,0.0654645273803079,0.2732545048052697,0.2587223244686093,0.2884823021142566,0.9775,5.827085566823966
ppo,assumed_8_per_km,1000,rule_of_thumb,ambulance,2000,0.025116225819490877,0.02227037702256628,0.027822223853442848,0.0,0.0,0.0,0.0,0.0,0.0,0.0,
ppo,assumed_8_per_km,1000,rule_of_thumb,rover,2000,0.025116225819490877,0.02227037702256628,0.027822223853442848,0.0,0.0,0.0,0.0,0.0,0.0,0.0295,3.4059061029671938
ppo,assumed_8_per_km,1000,rule_of_thumb,drone,2000,0.23699067626703074,0.23652456715258946,0.23747280688209357,0.21187445044753986,0.20949298846013795,0.21460601585031855,8.435759893634955,7.5245563854957265,9.62623298748372,0.9775,5.827085566823966
ppo,assumed_8_per_km,1500,larsen1993,ambulance,2000,0.2329689307763507,0.22689953434952753,0.23941283792878895,0.0,0.0,0.0,0.0,0.0,0.0,0.0,
ppo,assumed_8_per_km,1500,larsen1993,rover,2000,0.2329689307763507,0.22689953434952753,0.23941283792878895,0.0,0.0,0.0,0.0,0.0,0.0,0.003,3.5766253030185275
ppo,assumed_8_per_km,1500,larsen1993,drone,2000,0.29082741889918257,0.2860467006636441,0.29565686775035926,0.05785848812283187,0.056038351313068405,0.05967575795301175,0.24835280794749326,0.23452199198043003,0.26294694724665774,0.955,5.473300318187477
ppo,assumed_8_per_km,1500,rule_of_thumb,ambulance,2000,0.025116225819490877,0.02227037702256628,0.027822223853442848,0.0,0.0,0.0,0.0,0.0,0.0,0.0,
ppo,assumed_8_per_km,1500,rule_of_thumb,rover,2000,0.025116225819490877,0.02227037702256628,0.027822223853442848,0.0,0.0,0.0,0.0,0.0,0.0,0.003,3.5766253030185275
ppo,assumed_8_per_km,1500,rule_of_thumb,drone,2000,0.19134386330586017,0.1905772253005411,0.1920913047335997,0.1662276374863693,0.16410098281600885,0.1687768123746497,6.618336635489721,5.898435030840192,7.568884758835127,0.955,5.473300318187477
ppo,assumed_8_per_km,2000,larsen1993,ambulance,2000,0.2329689307763507,0.22689953434952753,0.23941283792878895,0.0,0.0,0.0,0.0,0.0,0.0,0.0,
ppo,assumed_8_per_km,2000,larsen1993,rover,2000,0.2329689307763507,0.22689953434952753,0.23941283792878895,0.0,0.0,0.0,0.0,0.0,0.0,0.0,
ppo,assumed_8_per_km,2000,larsen1993,drone,2000,0.28517142516787863,0.28040683226152363,0.2900018595642765,0.05220249439152794,0.050363814885488585,0.05403097966025761,0.22407491942194713,0.21100044077208613,0.23809549012427544,0.9295,5.120311677180982
ppo,assumed_8_per_km,2000,rule_of_thumb,ambulance,2000,0.025116225819490877,0.02227037702256628,0.027822223853442848,0.0,0.0,0.0,0.0,0.0,0.0,0.0,
ppo,assumed_8_per_km,2000,rule_of_thumb,rover,2000,0.025116225819490877,0.02227037702256628,0.027822223853442848,0.0,0.0,0.0,0.0,0.0,0.0,0.0,
ppo,assumed_8_per_km,2000,rule_of_thumb,drone,2000,0.14676358930632383,0.14562006106486491,0.1478517628814266,0.12164736348683294,0.1197934407763196,0.12380561004553048,4.843377518625083,4.316861781133603,5.554556586594969,0.9295,5.120311677180982
ppo,assumed_8_per_km,3000,larsen1993,ambulance,2000,0.2329689307763507,0.22689953434952753,0.23941283792878895,0.0,0.0,0.0,0.0,0.0,0.0,0.0,
ppo,assumed_8_per_km,3000,larsen1993,rover,2000,0.2329689307763507,0.22689953434952753,0.23941283792878895,0.0,0.0,0.0,0.0,0.0,0.0,0.0,
ppo,assumed_8_per_km,3000,larsen1993,drone,2000,0.2746037797022759,0.26984688981924365,0.2795180623307246,0.0416348489259252,0.03985457234551031,0.043386337651722354,0.1787141692550176,0.16702256794369608,0.19113310066846995,0.834,4.592696167840293
ppo,assumed_8_per_km,3000,rule_of_thumb,ambulance,2000,0.025116225819490877,0.02227037702256628,0.027822223853442848,0.0,0.0,0.0,0.0,0.0,0.0,0.0,
ppo,assumed_8_per_km,3000,rule_of_thumb,rover,2000,0.025116225819490877,0.02227037702256628,0.027822223853442848,0.0,0.0,0.0,0.0,0.0,0.0,0.0,
ppo,assumed_8_per_km,3000,rule_of_thumb,drone,2000,0.06307234174921326,0.060969917610482455,0.06512616556302889,0.03795611592972239,0.03710911963792869,0.038843909410841274,1.511218930842205,1.3395936941919677,1.7402800490496957,0.834,4.592696167840293
