direction,kerb_h,speed,angle_deg,wheel_radius,mu,ramp,outcome,success,peak_g,peak_vertical_g,max_pitch_deg
up,0.08,0.6,0.0,0.15,1.0,False,stall,False,1.4335931306111707,0.6772010659133759,8.645382207492485
up,0.08,0.6,0.0,0.2,1.0,False,stall,False,2.143309465996517,1.842605902613508,8.932572118519573
up,0.08,0.6,20.0,0.15,1.0,False,ok,True,0.7309827721888286,0.3267210298022696,0.00015654405187052122
up,0.08,0.6,20.0,0.2,1.0,False,ok,True,0.6997727832448832,0.2887300693240746,0.00016051842232730543
up,0.08,1.0,0.0,0.15,1.0,False,ok,True,2.196595301150624,0.9620412255931096,0.0005937922830263374
up,0.08,1.0,0.0,0.2,1.0,False,ok,True,1.7794203379273537,0.8849354792854329,0.0006981907587699265
up,0.08,1.0,20.0,0.15,1.0,False,ok,True,1.1287279055903117,0.5321948898323673,0.0001578594161871989
up,0.08,1.0,20.0,0.2,1.0,False,ok,True,1.0656746111264161,0.466897284152544,0.000162845741857808
up,0.08,1.6,0.0,0.15,1.0,False,ok,True,3.1903758665315856,1.421833400428846,0.0004313289715219487
up,0.08,1.6,0.0,0.2,1.0,False,ok,True,2.5500842348948485,1.2538182212886704,0.0005027664685795842
up,0.08,1.6,20.0,0.15,1.0,False,ok,True,1.6409053011070438,0.836562569450946,0.00015992350837433513
up,0.08,1.6,20.0,0.2,1.0,False,ok,True,1.556160410750115,0.7543267089805828,0.0001666290441645842
up,0.08,2.4,0.0,0.15,1.0,False,ok,True,4.184415807924893,1.8755570170551656,0.00033841910693994297
up,0.08,2.4,0.0,0.2,1.0,False,ok,True,3.3326701809074355,1.688363037899391,0.00021825503572009555
up,0.08,2.4,20.0,0.15,1.0,False,ok,True,2.1974433452984465,1.1703984884754532,6.825558621148817e-05
up,0.08,2.4,20.0,0.2,1.0,False,ok,True,2.1039482299978576,1.0924166125091166,5.076051694391981e-08
up,0.12,0.6,0.0,0.15,1.0,False,stall,False,1.7795147705830878,0.6654696937516663,12.289287816181593
up,0.12,0.6,0.0,0.2,1.0,False,stall,False,1.6925212074808489,1.508886923110413,13.0538628333057
up,0.12,0.6,20.0,0.15,1.0,False,ok,True,0.6979975782947303,0.33875480133054475,0.00015660266635537115
up,0.12,0.6,20.0,0.2,1.0,False,ok,True,0.6841240082733688,0.29975356015659976,0.00016057458694836228
up,0.12,1.0,0.0,0.15,1.0,False,ok,True,2.8960195495733436,1.2368742132743675,0.0002938490423314516
up,0.12,1.0,0.0,0.2,1.0,False,ok,True,2.597958051122036,1.758616433083894,0.0005788557025704547
up,0.12,1.0,20.0,0.15,1.0,False,ok,True,0.8098570599116673,0.5029222254675523,0.00015703309435763789
up,0.12,1.0,20.0,0.2,1.0,False,ok,True,1.018606009164471,0.4612728548395456,0.00015968382892276274
up,0.12,1.6,0.0,0.15,1.0,False,ok,True,4.47565353699699,1.725263863632545,0.00038541740165565507
up,0.12,1.6,0.0,0.2,1.0,False,ok,True,3.7322664136910677,1.6517278069672392,0.000504791203846947
up,0.12,1.6,20.0,0.15,1.0,False,ok,True,1.3117958512615544,0.8916203434943442,0.00015826730779570534
up,0.12,1.6,20.0,0.2,1.0,False,ok,True,1.5172969722937117,0.7714543277747608,0.00016295410330580454
up,0.12,2.4,0.0,0.15,1.0,False,ok,True,6.3358104824837,2.266527633537755,0.00016157553009803167
up,0.12,2.4,0.0,0.2,1.0,False,ok,True,5.116916699308147,2.365655850791572,0.00029066816516998685
up,0.12,2.4,20.0,0.15,1.0,False,ok,True,2.094106453364059,1.2687061574982959,0.0006429987178366127
up,0.12,2.4,20.0,0.2,1.0,False,ok,True,2.1726455397500373,1.2350409491421757,9.141818631343282e-05
down,0.08,0.6,0.0,0.15,1.0,False,ok,True,1.410777779609449,0.8999307201514082,0.00015344487099345502
down,0.08,0.6,0.0,0.2,1.0,False,ok,True,1.2349302086199951,0.7023047561205039,0.00015344544041610012
down,0.08,0.6,20.0,0.15,1.0,False,ok,True,0.6912075881868042,0.40555030537249104,0.00015344486437391799
down,0.08,0.6,20.0,0.2,1.0,False,ok,True,0.6489662652034974,0.34293038529180464,0.00015344544123017316
down,0.08,1.0,0.0,0.15,1.0,False,ok,True,1.6703832625526691,1.2026927231855482,0.00015344509017091063
down,0.08,1.0,0.0,0.2,1.0,False,ok,True,1.5008368658414692,1.1108425715819665,0.00015344322382875844
down,0.08,1.0,20.0,0.15,1.0,False,ok,True,0.9955423322398237,0.5550475331641693,0.0001534449262017706
down,0.08,1.0,20.0,0.2,1.0,False,ok,True,0.9555335850235542,0.5063916450174922,0.00015344531145857022
down,0.08,1.6,0.0,0.15,1.0,False,ok,True,1.6626493801429585,1.2244498021338728,0.0001534448577352555
down,0.08,1.6,0.0,0.2,1.0,False,ok,True,1.5795773275452478,1.236716756667899,0.00015344595575169168
down,0.08,1.6,20.0,0.15,1.0,False,ok,True,1.224675218222191,0.7924899791797875,0.00015344484576398015
down,0.08,1.6,20.0,0.2,1.0,False,ok,True,1.2589679323883192,0.715959437118987,0.0001534472673285645
down,0.08,2.4,0.0,0.15,1.0,False,ok,True,1.6693505605091903,1.236570212330891,0.00015341597291950015
down,0.08,2.4,0.0,0.2,1.0,False,ok,True,1.5891174764445615,1.24501378918698,0.00015388386374722192
down,0.08,2.4,20.0,0.15,1.0,False,ok,True,1.5509348473920377,0.9050241816272612,0.00015342258371319324
down,0.08,2.4,20.0,0.2,1.0,False,ok,True,1.665541038139211,1.0788946681802283,0.00015349848625964072
down,0.12,0.6,0.0,0.15,1.0,False,ok,True,1.9924023731659284,1.3016905467330298,0.0001534448330516156
down,0.12,0.6,0.0,0.2,1.0,False,ok,True,1.742969731782799,1.1097687711613464,0.00015344505728018048
down,0.12,0.6,20.0,0.15,1.0,False,ok,True,0.9768599212682102,0.5682033654790087,0.00015344487585602432
down,0.12,0.6,20.0,0.2,1.0,False,ok,True,0.7773568995803163,0.4310900656377287,0.00015344547699137052
down,0.12,1.0,0.0,0.15,1.0,False,ok,True,2.2039001528400797,1.5082999724367383,0.00015344236884851583
down,0.12,1.0,0.0,0.2,1.0,False,ok,True,2.033293751728806,1.457644611506533,0.00015344361936634618
down,0.12,1.0,20.0,0.15,1.0,False,ok,True,1.3735462287959848,0.9778738222360898,0.0001534448613388458
down,0.12,1.0,20.0,0.2,1.0,False,ok,True,1.106261055618619,0.7316783618162487,0.00015344552455181154
down,0.12,1.6,0.0,0.15,1.0,False,ok,True,2.1889530213022956,1.5079585847482349,0.0001534448726250014
down,0.12,1.6,0.0,0.2,1.0,False,ok,True,2.0481701525629274,1.5159294432144552,0.00015344577110240097
down,0.12,1.6,20.0,0.15,1.0,False,ok,True,1.6631157360298072,1.276330263080739,0.00015344467394468324
down,0.12,1.6,20.0,0.2,1.0,False,ok,True,1.513337289898788,1.2242394865724513,0.00015344582497247273
down,0.12,2.4,0.0,0.15,1.0,False,ok,True,2.197889339221427,1.546947819003925,0.00015338861711525968
down,0.12,2.4,0.0,0.2,1.0,False,ok,True,2.059018713862711,1.5222895251782431,0.00015451669870562975
down,0.12,2.4,20.0,0.15,1.0,False,ok,True,1.836241728792812,1.4157378701457686,0.00015341514933691182
down,0.12,2.4,20.0,0.2,1.0,False,ok,True,1.6269750949736421,1.3390266792073091,0.00015358930512951926
