steps,fps,goal,collision,stall
120000.0,3131,0.56,0.04,0.05
250000.0,3115,0.8,0.03,0.04
370000.0,3082,0.78,0.03,0.04
490000.0,3061,0.84,0.04,0.04
610000.0,3045,0.81,0.03,0.04
740000.0,3007,0.83,0.02,0.06
860000.0,3009,0.83,0.03,0.07
980000.0,3006,0.8,0.01,0.04
1110000.0,3013,0.81,0.01,0.07
1230000.0,3019,0.87,0.01,0.05
1350000.0,3028,0.85,0.03,0.04
1470000.0,3026,0.82,0.03,0.04
1600000.0,3022,0.85,0.03,0.02
1720000.0,3019,0.85,0.03,0.04
1840000.0,3022,0.87,0.04,0.03
1970000.0,3020,0.81,0.02,0.06
2089999.9999999998,3021,0.79,0.03,0.03
2210000.0,3021,0.85,0.01,0.04
2330000.0,3020,0.79,0.02,0.07
2460000.0,3019,0.84,0.01,0.06
2580000.0,3016,0.86,0.01,0.03
2700000.0,3015,0.84,0.01,0.04
2830000.0,3014,0.85,0.01,0.03
2950000.0,3016,0.81,0.02,0.04
3070000.0,3015,0.82,0.01,0.03
3190000.0,3015,0.78,0.03,0.05
3320000.0,3016,0.8,0.01,0.03
3440000.0,3013,0.85,0.01,0.01
3560000.0,3015,0.83,0.01,0.04
3690000.0,3015,0.83,0.01,0.02
3810000.0,3016,0.82,0.04,0.03
3930000.0,3019,0.82,0.03,0.04
