run,weights,n,safe,success,collision,time_med
ppo_shielded_s1,ppo_3499944_steps,80,0.8625,0.8875,0.0125,16.499999999999737
ppo_shielded_s1,ppo_1999968_steps,80,0.8125,0.825,0.025,16.74999999999973
ppo_shielded_s1,ppo_1499976_steps,80,0.8,0.8125,0.0375,16.89999999999973
ppo_shielded_s1,ppo_2499960_steps,80,0.7875,0.8125,0.025,16.679999999999733
ppo_shielded_s1,final,80,0.75,0.8625,0.0125,16.279999999999742
ppo_shielded_s1,ppo_999984_steps,80,0.7375,0.8,0.025,17.479999999999716
ppo_shielded_s1,ppo_3999936_steps,80,0.725,0.85,0.025,16.239999999999743
ppo_shielded_s1,ppo_499992_steps,80,0.7,0.775,0.0375,18.529999999999696
ppo_shielded_s1,ppo_2999952_steps,80,0.6875,0.7625,0.0375,16.33999999999974
ppo_shielded,final,80,0.675,0.8,0.025,15.92999999999975
