controller,family,n,success,success_lo,success_hi,collision,stall,time_med,time_q25,time_q75,shock_med,shock_p90,over_budget,over_lo,over_hi,min_clear_med,energy_wh_med,interv_frac
mppi,flat_clear,50,1.0,0.9286524008666414,1.0,0.0,0.0,23.429999999999588,23.36499999999959,23.49499999999959,0.921546124137447,1.0100638482547257,0.0,0.0,0.07134759913335872,,0.3485748009409181,0.0
mppi,kerb,50,1.0,0.9286524008666414,1.0,0.0,0.0,23.679999999999584,23.599999999999586,23.754999999999583,1.7579666432545729,2.587500093588788,0.04,0.011038884327619805,0.1346009068750702,,0.39862549461114144,0.0
mppi,crowded,50,0.7,0.562496495355466,0.8089644649911906,0.04,0.18,35.63999999999997,30.39999999999944,41.920000000000954,0.922839233195848,1.046792121701588,0.0,0.0,0.09890099232440402,0.34645815017384063,0.5225079467447996,0.19177776656839143
mppi,mixed,50,0.56,0.4230602802165686,0.6883780078874284,0.0,0.16,32.40999999999947,30.284999999999442,34.45999999999979,1.5509727052498246,2.1446226618694415,0.03571428571428571,0.0063325198490377516,0.1771219774335332,0.38272944883784166,0.5130016843430554,0.08734148431437562
mppi,slippery,50,0.58,0.4423344176857823,0.7062499664528802,0.0,0.18,32.259999999999444,30.119999999999447,34.87999999999985,1.5623954785540115,2.368961274637165,0.034482758620689655,0.006113214292762653,0.17175521879320288,0.3887703535728231,0.5222418882834987,0.10155281816731339
pure_pursuit,flat_clear,100,1.0,0.9630065017930143,1.0,0.0,0.0,18.2999999999997,18.2999999999997,18.2999999999997,1.0208512147890123,1.0703629827444456,0.0,0.0,0.03699349820698568,,0.24734325171383414,0.0
pure_pursuit,kerb,100,1.0,0.9630065017930143,1.0,0.0,0.0,18.439999999999696,18.399999999999697,18.47999999999969,2.8530699800117727,4.074583313522331,0.43,0.33733298524110106,0.5278461045078768,,0.3177696266990455,0.0
pure_pursuit,crowded,100,0.21,0.141656540619153,0.29979968834089865,0.13,0.66,38.24000000000038,28.53999999999948,46.0800000000016,1.0320955794449171,1.0828684443914285,0.0,0.0,0.154639018924847,0.0823230507902474,0.6335276769952541,0.7755177324247039
pure_pursuit,mixed,100,0.13,0.07757167427240512,0.20980351440076428,0.12,0.75,23.45999999999959,22.25999999999961,26.79999999999952,2.8366368882858968,3.0448988548020495,0.23076923076923078,0.08179528718498569,0.5025637594672749,0.08155580596823055,0.5003057220808104,0.7050633886357742
pure_pursuit,slippery,100,0.16,0.10095288488804782,0.24420269389270244,0.07,0.77,26.589999999999524,22.564999999999607,35.68999999999998,2.370692539618925,3.9569993436790085,0.3125,0.14164643854782039,0.5559564416525933,0.1420734314324435,0.5393920859240111,0.7007500131967436
apf,flat_clear,100,1.0,0.9630065017930143,1.0,0.0,0.0,18.3199999999997,18.2999999999997,18.339999999999694,1.0196747523469631,1.0585913259571829,0.0,0.0,0.03699349820698568,,0.24404589493100246,0.0
apf,kerb,100,1.0,0.9630065017930143,1.0,0.0,0.0,21.399999999999636,21.17999999999964,21.57999999999963,2.4982544678540446,3.85254644557449,0.28,0.20139685211186212,0.3748802870992116,,0.3789633467771396,0.0
apf,crowded,100,0.7,0.6041514536665332,0.7810511470506724,0.09,0.21,37.02000000000019,29.77999999999945,44.52500000000136,1.019674752346963,1.0623745097613844,0.0,0.0,0.05202306241026692,0.1588809328018875,0.6333119175580668,0.47975066701023406
apf,mixed,100,0.47,0.3751081795934127,0.5671114302990063,0.08,0.25,35.139999999999894,30.769999999999435,40.79000000000078,2.5812280999335218,3.493993289547352,0.23404255319148937,0.13603274586227188,0.37224257550155593,0.181945716637131,0.7130030926267895,0.30541469411537014
apf,slippery,100,0.23,0.15843265880303448,0.3215438302287378,0.04,0.57,37.98000000000034,29.87999999999945,43.33000000000118,1.9779485546442757,3.7425284481509955,0.2608695652173913,0.12548616044986347,0.4647000483742537,0.23951715716136557,0.8050895254800575,0.28720784681428496
dwa,flat_clear,100,1.0,0.9630065017930143,1.0,0.0,0.0,18.2999999999997,18.2999999999997,18.2999999999997,1.0261749055297194,1.0601070428890371,0.0,0.0,0.03699349820698568,,0.2488042219842466,0.0
dwa,kerb,100,1.0,0.9630065017930143,1.0,0.0,0.0,21.419999999999632,21.279999999999635,21.629999999999626,2.167288858548966,3.035777007216021,0.12,0.06999406437019488,0.19812099426711421,,0.38187346926107313,0.0
dwa,crowded,100,0.69,0.5937394428051057,0.7722030278762395,0.17,0.14,24.83999999999956,22.9799999999996,27.059999999999512,1.1114001848545456,1.338096107806237,0.0,0.0,0.05273725818905173,0.1536454279338704,0.6271230125387465,0.33861278747732326
dwa,mixed,100,0.32,0.23669147324999093,0.41662618610452384,0.17,0.46,26.599999999999525,24.91499999999956,28.899999999999473,1.7241634006750037,2.724753195055839,0.0625,0.017310567031640967,0.2014712314415458,0.1881534505359958,0.7132573670294732,0.269014876689783
dwa,slippery,100,0.27,0.1926958414957634,0.36432116767944994,0.16,0.56,29.819999999999453,28.749999999999478,32.94999999999955,1.5502884522806484,2.405617361974815,0.07407407407407407,0.020554654060988622,0.23369592683023144,0.18953368359875944,0.7448410156661652,0.23420596047473477
ppo,flat_clear,100,1.0,0.9630065017930143,1.0,0.0,0.0,18.47999999999969,18.47999999999969,18.47999999999969,1.0201723977487296,1.0609015796715933,0.0,0.0,0.03699349820698568,,0.2580230971551353,0.0
ppo,kerb,100,1.0,0.9630065017930143,1.0,0.0,0.0,18.51999999999969,18.47999999999969,18.579999999999693,2.3460380301652726,2.8395606637191553,0.04,0.01566330399154762,0.0983707143588792,,0.9509634670687298,0.0
ppo,crowded,100,1.0,0.9630065017930143,1.0,0.0,0.0,20.039999999999665,19.65499999999967,20.664999999999647,1.0805837328048895,1.276092979215568,0.0,0.0,0.03699349820698568,1.0719606475277497,1.1562339852987606,0.16489854797101747
ppo,mixed,100,0.69,0.5937394428051057,0.7722030278762395,0.03,0.19,21.759999999999625,20.57999999999965,23.0199999999996,2.0044102772248427,2.631353583618978,0.0,0.0,0.05273725818905173,0.37905574875835246,1.4833103253225095,0.2539930234024018
ppo,slippery,100,0.69,0.5937394428051057,0.7722030278762395,0.01,0.14,21.719999999999622,20.879999999999644,22.679999999999605,1.4302220149917368,2.078215008474698,0.014492753623188406,0.002562924644588474,0.07763122461144727,0.39804598380327594,1.353100860002888,0.22380196903255378
