controller,condition,n,safe_delivery,safe_lo,safe_hi
dwa,id,100,0.66,0.5627772885472462,0.7453847920265184
dwa,ood_both,100,0.32,0.23669147324999093,0.41662618610452384
dwa,ood_kerb,100,0.32,0.23669147324999093,0.41662618610452384
dwa,ood_mu,100,0.6,0.5020025867910618,0.6905987135675411
mppi,id,50,0.78,0.6475845041874634,0.8724608402978559
mppi,ood_both,50,0.72,0.5833487630404344,0.8252582933408878
mppi,ood_kerb,50,0.66,0.521538260502326,0.7756305077749992
mppi,ood_mu,50,0.78,0.6475845041874634,0.8724608402978559
ppo,id,100,0.73,0.6356788323205499,0.8073041585042365
ppo,ood_both,100,0.8,0.7111708344068411,0.8666330666689676
ppo,ood_kerb,100,0.79,0.7002003116591013,0.858343459380847
ppo,ood_mu,100,0.75,0.656955364519384,0.8245478863771232
