family,controller,reference,metric,n_pairs,mean_ctrl,mean_ref,mean_diff,ctrl_only,ref_only,p_raw,diff_ci_low,diff_ci_high,df,t,cohen_d,d_ci_low,d_ci_high,p_nonparam,p_holm
flat_clear,mppi,dwa,success,50,1.0,1.0,0.0,0.0,0.0,1.0,,,,,,,,,1.0
flat_clear,mppi,dwa,safe,50,1.0,1.0,0.0,0.0,0.0,1.0,,,,,,,,,1.0
flat_clear,mppi,dwa,time_s,50,23.42599999999959,18.2955999999997,5.130399999999891,,,1.8965033145845303e-86,5.102978256710326,5.157821743289455,49.0,375.9762713733454,53.17107421066523,42.66499408329256,63.6559620939595,7.349358852455706e-10,3.793006629169061e-85
flat_clear,mppi,dwa,peak_shock_g,50,0.931357763754282,1.0263740820790788,-0.09501631832479669,,,1.9985585413493823e-16,-0.11070328855801027,-0.07932934809158311,49.0,-12.172040718508121,-1.7213865065871736,-2.1562231927123476,-1.279141222052316,1.7763568394002505e-15,4.196972936833703e-15
flat_clear,pure_pursuit,dwa,success,100,1.0,1.0,0.0,0.0,0.0,1.0,,,,,,,,,1.0
flat_clear,pure_pursuit,dwa,safe,100,1.0,1.0,0.0,0.0,0.0,1.0,,,,,,,,,1.0
flat_clear,pure_pursuit,dwa,time_s,100,18.2953999999997,18.2955999999997,-0.00019999999999999573,,,0.8585119503212529,-0.0024203034925022186,0.002020303492502227,99.0,-0.17873384951984334,-0.017873384951984334,-0.21384048371412062,0.17818385419255867,0.8574624419592412,1.0
flat_clear,pure_pursuit,dwa,peak_shock_g,100,1.0243419596580197,1.0227336023840048,0.001608357274015091,,,0.23494409975270247,-0.0010622240252998352,0.004278938573330017,99.0,1.1949944261673378,0.11949944261673379,-0.07750000809355143,0.3159002359324617,0.35144711435544207,1.0
flat_clear,apf,dwa,success,100,1.0,1.0,0.0,0.0,0.0,1.0,,,,,,,,,1.0
flat_clear,apf,dwa,safe,100,1.0,1.0,0.0,0.0,0.0,1.0,,,,,,,,,1.0
flat_clear,apf,dwa,time_s,100,18.321599999999698,18.2955999999997,0.025999999999998594,,,6.156593189811421e-25,0.0222798437566537,0.02972015624334349,99.0,13.867600543266002,1.3867600543266,1.1099062481197035,1.6599018867023916,2.099814661200797e-15,1.0466208422679416e-23
flat_clear,apf,dwa,peak_shock_g,100,1.0184932031950362,1.0227336023840048,-0.0042403991889684986,,,0.0004525910191802586,-0.006559030060153773,-0.0019217683177832237,99.0,-3.6288104574159545,-0.36288104574159546,-0.5644130900850968,-0.15962715541912317,0.0002677826563524901,0.005883683249343362
flat_clear,ppo,dwa,success,100,1.0,1.0,0.0,0.0,0.0,1.0,,,,,,,,,1.0
flat_clear,ppo,dwa,safe,100,1.0,1.0,0.0,0.0,0.0,1.0,,,,,,,,,1.0
flat_clear,ppo,dwa,time_s,100,18.47879999999969,18.2955999999997,0.18319999999999254,,,1.5276837223710684e-126,0.18118831439876718,0.1852116856012179,99.0,180.698487531648,18.069848753164802,15.547084912617745,20.587913713421976,7.243150771323884e-20,3.513672561453457e-125
flat_clear,ppo,dwa,peak_shock_g,100,1.0182722065264687,1.0227336023840048,-0.004461395857535786,,,0.007151916949197157,-0.007684286597672582,-0.0012385051173989907,99.0,-2.7467196383716654,-0.2746719638371665,-0.473689659820906,-0.07431716330958135,0.025649825734196975,0.07867108644116873
kerb,mppi,dwa,success,50,1.0,1.0,0.0,0.0,0.0,1.0,,,,,,,,,1.0
kerb,mppi,dwa,safe,50,0.96,0.82,0.14,7.0,0.0,0.015625,,,,,,,,,0.1875
kerb,mppi,dwa,time_s,50,23.681599999999584,21.423599999999634,2.2579999999999507,,,2.0474497812389215e-42,2.1614157251336197,2.3545842748662817,49.0,46.9809489351927,6.644109515730734,5.3013265210175655,7.981509265883109,7.548390027588035e-10,3.890154584353951e-41
kerb,mppi,dwa,peak_shock_g,50,1.8074633043653594,2.3236982504581607,-0.5162349460928012,,,5.720582849614732e-07,-0.6967364319296816,-0.33573346025592077,49.0,-5.747392933631325,-0.8128041035028709,-1.12996158107783,-0.4893685362375551,8.237842195057965e-07,9.152932559383571e-06
kerb,pure_pursuit,dwa,success,100,1.0,1.0,0.0,0.0,0.0,1.0,,,,,,,,,1.0
kerb,pure_pursuit,dwa,safe,100,0.57,0.88,-0.31000000000000005,0.0,31.0,9.313225746154785e-10,,,,,,,,,1.955777406692505e-08
kerb,pure_pursuit,dwa,time_s,100,18.43019999999969,21.441799999999635,-3.0115999999999383,,,2.396420443811863e-105,-3.065878303626437,-2.9573216963734397,99.0,-110.09311957347549,-11.009311957347549,-12.551068281681308,-9.464158870641361,3.880763716565402e-18,5.272124976386099e-104
kerb,pure_pursuit,dwa,peak_shock_g,100,2.7466217423005137,2.174503906583443,0.5721178357170701,,,2.3137487712391524e-27,0.4967593436145553,0.6474763278195849,99.0,15.064074084582975,1.5064074084582975,1.21762641564257,1.7914558690624027,9.601770743442904e-18,5.32162217385005e-26
kerb,apf,dwa,success,100,1.0,1.0,0.0,0.0,0.0,1.0,,,,,,,,,1.0
kerb,apf,dwa,safe,100,0.72,0.88,-0.16000000000000003,0.0,16.0,3.0517578125e-05,,,,,,,,,0.000518798828125
kerb,apf,dwa,time_s,100,21.394399999999635,21.441799999999635,-0.04739999999999906,,,1.0376266751191166e-08,-0.06244704792758419,-0.03235295207241393,99.0,-6.25052063087889,-0.6250520630878891,-0.8381408648012943,-0.40930476651211867,5.976250428542618e-08,1.1413893426310283e-07
kerb,apf,dwa,peak_shock_g,100,2.486668029360366,2.174503906583443,0.3121641227769224,,,1.1795669903082928e-14,0.24385641289456308,0.38047183265928175,99.0,9.067810136773966,0.9067810136773965,0.6720537548613653,1.1382118452973418,6.102515231524841e-14,2.3591339806165854e-13
kerb,ppo,dwa,success,100,1.0,1.0,0.0,0.0,0.0,1.0,,,,,,,,,1.0
kerb,ppo,dwa,safe,100,0.96,0.88,0.07999999999999996,12.0,4.0,0.076812744140625,,,,,,,,,0.844940185546875
kerb,ppo,dwa,time_s,100,18.513599999999695,21.441799999999635,-2.928199999999941,,,6.953543891030068e-104,-2.9828169634973767,-2.873583036502505,99.0,-106.38057675813471,-10.63805767581347,-12.128649256338106,-9.14412626908123,3.8776993045768045e-18,1.4602442171163142e-102
kerb,ppo,dwa,peak_shock_g,100,2.227613778756457,2.174503906583443,0.05310987217301325,,,0.35773832916424914,-0.0609406523707978,0.1671603967168243,99.0,0.9239896886383865,0.09239896886383865,-0.1042505449479498,0.288584320277207,0.06998663029372211,1.0
crowded,mppi,dwa,success,50,0.7,0.66,0.039999999999999925,14.0,12.0,0.8450189828872681,,,,,,,,,1.0
crowded,mppi,dwa,safe,50,0.7,0.66,0.039999999999999925,14.0,12.0,0.8450189828872681,,,,,,,,,1.0
crowded,mppi,dwa,time_s,21,33.79904761904759,23.925714285713866,9.87333333333373,,,9.543654966511668e-06,6.367607907967727,13.379058758699731,20.0,5.874793355744795,1.2819850116630551,0.6913352509314326,1.8551501011305085,9.5367431640625e-07,8.589289469860501e-05
crowded,mppi,dwa,peak_shock_g,21,0.9296252080631656,1.1131902825764957,-0.18356507451333023,,,2.0815851399464302e-06,-0.24177867095667888,-0.1253514780699816,20.0,-6.577673585277892,-1.4353660524403575,-2.0414294974021905,-0.8117037055842178,1.9073486328125e-06,3.1223777099196457e-05
crowded,pure_pursuit,dwa,success,100,0.21,0.69,-0.48,4.0,52.0,1.1008055578187737e-11,,,,,,,,,2.421772227201302e-10
crowded,pure_pursuit,dwa,safe,100,0.21,0.69,-0.48,4.0,52.0,1.1008055578187737e-11,,,,,,,,,2.421772227201302e-10
crowded,pure_pursuit,dwa,time_s,17,38.1376470588243,24.361176470587814,13.776470588236485,,,2.4020024179828733e-05,8.795385355726914,18.757555820746056,16.0,5.863142596709655,1.4220209543701245,0.7296344585755234,2.0927327643632214,3.0517578125e-05,0.00019216019343862986
crowded,pure_pursuit,dwa,peak_shock_g,17,1.0425604329489104,1.1214014720530319,-0.07884103910412146,,,0.0024945415350403817,-0.12550665369418673,-0.032175424514056195,16.0,-3.5815565285305175,-0.868655051250108,-1.4202564194087723,-0.2976497502846426,0.0020904541015625,0.02993449842048458
crowded,apf,dwa,success,100,0.7,0.69,0.010000000000000009,18.0,17.0,1.0,,,,,,,,,1.0
crowded,apf,dwa,safe,100,0.7,0.69,0.010000000000000009,18.0,17.0,1.0,,,,,,,,,1.0
crowded,apf,dwa,time_s,52,36.902692307692774,25.351923076922642,11.55076923077013,,,2.2429556991062882e-12,9.02296995560344,14.078568505936822,51.0,9.173646448185044,1.2721558712272802,0.9018785510637533,1.635376581921935,5.796704657296606e-10,3.140137978748803e-11
crowded,apf,dwa,peak_shock_g,52,1.0253684968223993,1.1460598652503362,-0.12069136842793662,,,4.4805662139694243e-07,-0.16259088329057408,-0.07879185356529916,51.0,-5.782836227757762,-0.8019350975688986,-1.1119445671946695,-0.4859341015704345,2.197128225776283e-07,7.6169625637480215e-06
crowded,ppo,dwa,success,100,1.0,0.69,0.31000000000000005,31.0,0.0,9.313225746154785e-10,,,,,,,,,1.955777406692505e-08
crowded,ppo,dwa,safe,100,1.0,0.69,0.31000000000000005,31.0,0.0,9.313225746154785e-10,,,,,,,,,1.955777406692505e-08
crowded,ppo,dwa,time_s,69,20.55304347826052,25.44666666666623,-4.8936231884057095,,,1.328829941604067e-17,-5.742785480334501,-4.044460896476918,68.0,-11.499654574166042,-1.3843957261026472,-1.7127562908300797,-1.0506584618415664,9.611943318207731e-13,1.9932449124061005e-16
crowded,ppo,dwa,peak_shock_g,69,1.1074145755302938,1.1460075184724883,-0.03859294294219458,,,0.07252358191563826,-0.08081047235969963,0.0036245864753104776,68.0,-1.8241479232951545,-0.21960160390052144,-0.45762453903457206,0.019996364461403716,0.12366308532855054,0.6527122372407443
mixed,mppi,dwa,success,50,0.56,0.38,0.18000000000000005,16.0,7.0,0.0931396484375,,,,,,,,,1.0
mixed,mppi,dwa,safe,50,0.54,0.36,0.18000000000000005,16.0,7.0,0.0931396484375,,,,,,,,,0.931396484375
mixed,mppi,dwa,time_s,12,33.69999999999984,27.096666666666177,6.6033333333336595,,,0.0031067282143558725,2.7469992037050277,10.45966746296229,11.0,3.768822458132138,1.0879653303652486,0.35075566785993745,1.7953444297971926,0.00048828125,0.018640369286135234
mixed,mppi,dwa,peak_shock_g,12,1.5421944396314096,1.8488130394754485,-0.3066185998440387,,,0.09376140478109135,-0.6745112105087587,0.061274010820681346,11.0,-1.8344021285054946,-0.529546281347335,-1.1257780006668048,0.08735517892410509,0.17626953125,0.7500912382487308
mixed,pure_pursuit,dwa,success,100,0.13,0.32,-0.19,6.0,25.0,0.0008779102936387062,,,,,,,,,0.01580238528549671
mixed,pure_pursuit,dwa,safe,100,0.1,0.3,-0.19999999999999998,5.0,25.0,0.0003249142318964005,,,,,,,,,0.004873713478446008
mixed,apf,dwa,success,100,0.47,0.32,0.14999999999999997,25.0,10.0,0.016673847800120715,,,,,,,,,0.2501077170018107
mixed,apf,dwa,safe,100,0.36,0.3,0.06,18.0,12.0,0.36159460805356514,,,,,,,,,1.0
mixed,apf,dwa,time_s,22,35.42272727272745,27.25363636363589,8.169090909091551,,,0.0007695128529929798,3.845356741087455,12.492825077095647,21.0,3.9291394644708237,0.837695348486279,0.3425149255305751,1.3182155313386492,0.00014638900756835938,0.0053865899709508586
mixed,apf,dwa,peak_shock_g,22,2.4749885239446097,1.7940631657639534,0.6809253581806556,,,0.00010876684449426714,0.3827133475711968,0.9791373687901144,21.0,4.748506940430153,1.0123850813192965,0.4875776845144593,1.5213558755824292,5.245208740234375e-05,0.00152273582291974
mixed,ppo,dwa,success,100,0.69,0.32,0.36999999999999994,45.0,8.0,2.3683513772354559e-07,,,,,,,,,4.499867616747366e-06
mixed,ppo,dwa,safe,100,0.69,0.3,0.38999999999999996,46.0,7.0,4.003196174551249e-08,,,,,,,,,7.205753114192248e-07
mixed,ppo,dwa,time_s,24,22.38916666666628,27.30083333333286,-4.9116666666665845,,,1.4948277114671303e-10,-5.844698475644582,-3.9786348576885873,23.0,-10.889828762612956,-2.222876987890472,-2.9689772917836805,-1.4624503448181587,1.1920928955078125e-07,1.7937932537605563e-09
mixed,ppo,dwa,peak_shock_g,24,1.9569446369728996,1.8581000613324175,0.098844575640482,,,0.4740503279326469,-0.18208617128086224,0.3797753225618262,23.0,0.7278504965658815,0.1485718604681475,-0.2553639355934409,0.5493315148247976,0.37475037574768066,1.0
slippery,mppi,dwa,success,50,0.58,0.3,0.27999999999999997,17.0,3.0,0.0025768280029296875,,,,,,,,,0.04380607604980469
slippery,mppi,dwa,safe,50,0.56,0.26,0.30000000000000004,18.0,3.0,0.0014896392822265625,,,,,,,,,0.020854949951171875
slippery,mppi,dwa,time_s,12,32.72666666666645,30.164999999999754,2.561666666666691,,,0.33143966364174027,-2.9875399221621914,8.110873255495573,11.0,1.0160353968052032,0.29330415492583617,-0.2915969289570524,0.8656190321256257,0.17626953125,1.0
slippery,mppi,dwa,peak_shock_g,12,1.5915242719376146,1.9878311940964801,-0.39630692215886576,,,0.05682885671696864,-0.8063087736092791,0.013694929291547642,11.0,-2.127467599054854,-0.6141469955032633,-1.2226881733626471,0.01733180682523716,0.05224609375,0.5682885671696865
slippery,pure_pursuit,dwa,success,100,0.16,0.27,-0.11000000000000001,8.0,19.0,0.052238985896110535,,,,,,,,,0.7313458025455475
slippery,pure_pursuit,dwa,safe,100,0.11,0.25,-0.14,5.0,19.0,0.006610751152038574,,,,,,,,,0.08593976497650146
slippery,pure_pursuit,dwa,time_s,8,29.50749999999986,29.79499999999959,-0.2874999999997252,,,0.9355095493749197,-8.39345685333993,7.8184568533404795,7.0,-0.08386788686793216,-0.029651775764050512,-0.7217347404483874,0.6645039734151925,0.9453125,1.0
slippery,pure_pursuit,dwa,peak_shock_g,8,1.8785000446703304,1.617805351459669,0.26069469321066124,,,0.29756540349160854,-0.2871164218130889,0.8085058082344114,7.0,1.1252874885547814,0.39784920697073267,-0.3373843819994789,1.107559413009617,0.7421875,1.0
slippery,apf,dwa,success,100,0.23,0.27,-0.04000000000000001,12.0,16.0,0.5715881884098053,,,,,,,,,1.0
slippery,apf,dwa,safe,100,0.17,0.25,-0.07999999999999999,8.0,16.0,0.15158963203430176,,,,,,,,,1.0
slippery,apf,dwa,time_s,11,35.470909090909394,29.29818181818142,6.172727272727982,,,0.04771418944170794,0.07547019555889278,12.26998434989707,10.0,2.2557181508026933,0.6801246126369866,0.0066230531917189075,1.326817163244591,0.1015625,0.2385709472085397
slippery,apf,dwa,peak_shock_g,11,1.973893277182655,1.8443102790316033,0.12958299815105126,,,0.4209450075041302,-0.21445370930027782,0.4736197056023803,10.0,0.839238681465609,0.25303998327036525,-0.35398855294090664,0.8480102387637051,1.0,1.0
slippery,ppo,dwa,success,100,0.69,0.27,0.41999999999999993,50.0,8.0,1.5702617754687068e-08,,,,,,,,,3.1405235509374135e-07
slippery,ppo,dwa,safe,100,0.68,0.25,0.43000000000000005,51.0,8.0,9.052391166525231e-09,,,,,,,,,1.719954321639794e-07
slippery,ppo,dwa,time_s,19,21.635789473683836,30.53684210526282,-8.901052631578978,,,1.0909967589943625e-07,-11.110885106889693,-6.691220156268263,18.0,-8.462368918892997,-1.9414005758112691,-2.705322181352933,-1.1588769269456254,3.814697265625e-06,1.0909967589943624e-06
slippery,ppo,dwa,peak_shock_g,19,1.5590820239713108,1.6784531133272604,-0.11937108935594956,,,0.3547191241818218,-0.3833737432519908,0.1446315645400917,18.0,-0.9499501194190739,-0.21793350378695464,-0.6701680538104579,0.2401678006488418,0.3954620361328125,1.0
all,mppi,dwa,success,250,0.768,0.668,0.09999999999999998,47.0,22.0,0.0035448128470210523,,,,,,,,,0.05671700555233684
all,mppi,dwa,safe,250,0.752,0.62,0.132,55.0,22.0,0.00021680385841747662,,,,,,,,,0.003468861734679626
all,mppi,dwa,time_s,145,26.636413793103127,21.900275862068614,4.736137931034514,,,1.0126296692313585e-22,3.9380274512553988,5.534248410813629,144.0,11.72936877787577,0.9740710585401687,0.7750982609762462,1.1707028993745816,9.15639859872786e-23,1.6202074707701736e-21
all,mppi,dwa,peak_shock_g,145,1.3383986711319782,1.6339334025091827,-0.2955347313772047,,,1.065155267555352e-11,-0.37452106980094757,-0.21654839295346184,144.0,-7.3955394411787205,-0.6141661216699468,-0.7907876287998434,-0.43573701763281925,5.074399418044008e-15,2.0237950083551689e-10
all,pure_pursuit,dwa,success,500,0.5,0.656,-0.15600000000000003,18.0,96.0,4.721433127339268e-14,,,,,,,,,1.0859296192880317e-12
all,pure_pursuit,dwa,safe,500,0.398,0.624,-0.22599999999999998,14.0,127.0,5.815315210521221e-24,,,,,,,,,1.3641203080959855e-22
all,pure_pursuit,dwa,time_s,232,20.42249999999978,20.77293103448241,-0.35043103448263213,,,0.3142320645565784,-1.0350079169938846,0.33414584802862035,231.0,-1.0085785977858341,-0.06621642896695937,-0.1949643241695076,0.06267441530124235,1.0225869730914923e-07,1.0
all,pure_pursuit,dwa,peak_shock_g,232,1.850432709327407,1.5720026299534695,0.2784300793739377,,,1.9172461304620406e-20,0.22470751619721605,0.33215264255065935,231.0,10.21148356471613,0.6704167405442794,0.5273714723704633,0.8122651196608746,8.626603617376647e-17,4.2179414870164894e-19
all,apf,dwa,success,500,0.68,0.656,0.02400000000000002,55.0,43.0,0.2664055944111921,,,,,,,,,1.0
all,apf,dwa,safe,500,0.59,0.624,-0.03400000000000003,44.0,61.0,0.11799998150585825,,,,,,,,,1.0
all,apf,dwa,time_s,285,24.771999999999874,21.803157894736476,2.968842105263399,,,2.6722974636260032e-12,2.1697669912735877,3.76791721925321,284.0,7.31311320225321,0.4331914398279891,0.3114049226183594,0.554277857392555,2.5915993108104617e-09,3.473986702713804e-11
all,apf,dwa,peak_shock_g,285,1.6842030128634933,1.540616374055849,0.14358663880764444,,,4.638703833643093e-10,0.09980895310396509,0.1873643245113238,284.0,6.456007572465971,0.382420884035442,0.261827334808765,0.502385092231451,0.00045965527676103467,8.349666900557568e-09
all,ppo,dwa,success,500,0.876,0.656,0.21999999999999997,126.0,16.0,2.225811352050909e-22,,,,,,,,,5.341947244922182e-21
all,ppo,dwa,safe,500,0.866,0.624,0.242,140.0,19.0,5.6838346170666065e-24,,,,,,,,,1.3641203080959855e-22
all,ppo,dwa,time_s,312,19.441730769230443,22.323653846153476,-2.8819230769230364,,,1.4965349810004597e-40,-3.247743962896902,-2.5161021909491708,311.0,-15.500844725205981,-0.8775625246096065,-1.0076755834115045,-0.7464119581109543,2.4532542494051566e-32,2.6937629658008275e-39
all,ppo,dwa,peak_shock_g,312,1.5307353653291262,1.523343847104303,0.007391518224823234,,,0.7480503655669262,-0.03784605582225004,0.052629092271896515,311.0,0.32149618481420544,0.018201137331511567,-0.09278380755350021,0.12915683635500616,0.2214101813970586,1.0
